condition,symptoms,causes,warnings,recommendations
Abdominal aortic aneurysm,in most cases an aaa causes no noticeable symptoms however if it becomes large some people may develop a pain or a pulsating feeling in their abdomen tummy or persistent back pain an aaa doesn t usually pose a serious threat to health but there s a risk that a larger aneurysm could burst rupture a ruptured aneurysm can cause massive internal bleeding which is usually fatal around 8 out of 10 people with a rupture either die before they reach hospital or don t survive surgery the most common symptom of a ruptured aortic aneurysm is sudden and severe pain in the abdomen if you suspect that you or someone else has had a ruptured aneurysm call 999 immediately and ask for an ambulance in most cases an unruptured abdominal aortic aneurysm aaa will cause no symptoms unless it becomes particularly large symptoms of an unruptured aaa may include if you have any of the symptoms above you should see your gp as soon as possible,"It’s not known exactly what causes the aortic wall to weaken, although increasing age and being male are known to be the biggest risk factors. There are other risk factors you can do something about, including smoking and having high blood pressure and cholesterol level. Having a family history of aortic aneurysms also means that you have an increased risk of developing one yourself. The aorta is the largest blood vessel in the body. It transports oxygen-rich blood away from the heart to the rest of the body. An abdominal aortic aneurysm (AAA) occurs when part of the aorta wall becomes weakened and the large amount of blood that passes through it puts pressure on the weak spot, causing it to bulge outwards to form an aneurysm. The abdominal aorta is usually around 2cm wide – about the width of a garden hosepipe  – but can swell to over 5.5cm, which is what doctors classify as a large aneurysm.","A ruptured aortic aneurysm is a medical emergency, and it’s important to get to hospital as soon as possible. Around 80% of people with a rupture die before they reach hospital or don’t survive emergency surgery. This is why theNHS AAA Screening Programmewas introduced, so dangerously large aneurysms can be treated before they burst. If you suspect that you or someone in your care has had a ruptured aneurysm, call 999 immediately and ask for an ambulance.","If a large AAA is detected before it ruptures, most people will be advised to have treatment, to prevent it rupturing. This is usually done with surgery to replace the weakened section of the blood vessel with a piece of synthetic tubing. If surgery is not advisable – or if you decide not to have it – there are a number of non-surgical treatments that can reduce the risk of an aneurysm rupturing. They include medications to lower your cholesterol and blood pressure, andquitting smoking. You will also have the size of your aneurysm checked regularly with ultrasound scanning. Treatment for an abdominal aortic aneurysm (AAA) depends on several factors, including the aneurysm’s size, your age and general health. In general, if you have a large aneurysm (5.5cm or larger) you will be advised to have surgery, either to strengthen the swollen section of the aorta or to replace it with a piece of synthetic tubing. This is because the risk of the aneurysm rupturing is usually greater than the risk of having it repaired. If you have a small (3.0-4.4cm) or medium (4.5-5.4cm) aneurysm, you will be offered regular scans to check its size. You will also be given advice on how to slow its growth and reduce the risk of it rupturing – for example, stopping smoking – and perhaps medications to reduce your blood pressure and cholesterol level. Emergency treatment for a ruptured AAA is based on the same principle as preventative treatment. Grafts are used to repair the ruptured aneurysm. The decision on whether to perform open or endovascular surgery is made on a case-by-case basis by the surgeon carrying out the operation."
Achilles tendinopathy,symptoms may vary from person to person they can appear gradually or suddenly people may experience people can have one or multiple symptoms,Achilles tendinopathy can occur in both active and inactive people. The causes can be varied but there are some common factors that are important.These can include:,,"Managing Achilles tendinopathy can take time, in most cases several months or more. Learn about exercises for foot conditions To help manage the pain you can take painkillers. Read more about taking painkillers Achilles tendinopathy does not improve with rest, so, to help your recovery it’s important to keep up as much of your normal daily activity as you can. You may have to modify what you do, by taking breaks, doing less or changing activity. When you see a Healthcare Professional they will give guidance on what exercise levels you should be aiming for. If you’re waiting to see a Healthcare Professional you should be trying to do some exercise, this may cause some discomfort and short term pain that returns back to your normal level within a few hours."
Acne,acne can cause different kinds of spots blackheads are small black or yellowish bumps on the skin whiteheads are similar to blackheads but may be firmer papules are small red bumps that may feel tender or sore pustules are similar to papules but have a white tip in the centre this is caused by a build up of pus nodules are large hard lumps that build up beneath the surface of the skin and can be painful severe acne can cause nodules and cysts these are large pus filled lumps that can lead to scarring,"Sebaceous glands are tiny glands found near the surface of the skin. They produce an oily substance called sebum to stop the hair and skin from drying out. In acne, the sebaceous glands produce too much sebum. This mixes with dead skin cells and blocks hair follicles. Hair follicles are small holes that an individual hair grows out of. This blockage can cause symptoms of acne like whiteheads or blackheads. The blocked hair follicles can also become infected by bacteria on the skin that would usually be harmless. This causes papules, pustules, nodules or cysts. Acne is common in women. It can be a sign of a hormonal imbalance which may be caused by: There are other causes of acne, including: There’s no evidence that poor hygiene or sexual activity play a role in acne.",,"Treatment for acne depends on how severe it is. Treatments may include creams that you put on your skin or oral medications. A pharmacist can treat acne. If this treatment doesn’t work, or your acne is severe, they may advise you to speak to your GP. It can take several months of treatment before acne symptoms improve. It’s important to be patient and continue your treatment, even if it doesn’t improve your symptoms immediately. Hormonal therapies can often benefit women with acne. This is especially helpful if acne: If you don’t already use it, your GP may recommend thecombined oral contraceptive pill, even if you’re not sexually active. The combined pill can often help to improve acne in women, but it may take up to a year before the full benefits are seen. If you have severe acne, your GP may refer you to an expert in treating skin conditions (a dermatologist). For example, if you have: A combination of antibiotic tablets and topical treatments that you apply directly to your skin may be used to treat severe acne. If this doesn’t work, a medication calledisotretinoin (Roaccutane)may be prescribed. Your healthcare team will discuss if this treatment is suitable for you."
Acute lymphoblastic leukaemia,symptoms of acute lymphoblastic leukaemia usually begin slowly before rapidly getting severe as the number of blast cells immature white blood cells in your blood increases most of the symptoms are caused by the lack of healthy blood cells in your blood supply symptoms of acute lymphoblastic leukaemia include in some cases of acute lymphoblastic leukaemia the affected cells can spread from your bloodstream into your central nervous system this can cause a series of neurological symptoms related to the brain and nervous system including,"Acute lymphoblastic leukaemia is caused by a DNA mutation in the stem cells causing too many white blood cells to be produced. The white blood cells are also released from the bone marrow before they are mature and able to fight infection like fully developed white blood cells. As the number of immature cells increases, the number of healthy red blood cells and platelets fall, and it’s this fall which causes many of the symptoms of leukaemia. It is not known exactly what causes this DNA mutation to occur, but there are a few factors which may increase the risk of developing acute lymphoblastic leukaemia.",Symptoms of acute lymphoblastic leukaemia usually begin slowly before rapidly getting severe as the number of immature white blood cells in your blood increases. Symptoms include: Read more about thesymptoms of acute lymphoblastic leukaemia,"Treatment for acute lymphoblastic leukaemia usually begins a few days after diagnosis as it’s an aggressive condition that develops rapidly. Treatment for acute lymphoblastic leukaemia is carried out in stages: Maintenance only seems to be effective in treating acute lymphoblastic leukaemia; it’s not usually used in the treatment ofacute myeloid leukaemia. As well as chemotherapy and imatinib, other treatments are used in some circumstances. These are described below. Dasatinib is a new type of medication used to treat Philadelphia chromosome-positive acute lymphoblastic leukaemia, when all other treatments have proved unsuccessful. Dasatinib blocks a protein called tyrosine kinase that helps stimulate the growth of cancer cells. Dasatinib cannot cure acute leukaemia but it can slow its growth, helping to relieve symptoms and prolong life. The National Institute for Health and Care Excellence (NICE) has not yet made a decision about whether the NHS should provide treatment with dasatinib for people with acute lymphoblastic leukaemia. This means it will be at the discretion of your local clinical commissioning group as to whether you will be offered the drug. Radiotherapyinvolves using high doses of controlled radiation to kill cancerous cells. There are two main reasons why radiotherapy is usually used to treat acute leukaemia: Side effects of both types of radiotherapy include: The side effects should pass once your course of radiotherapy has been completed. However, your skin may be very sensitive to the effects of light for several months after the treatment has finished. If this is the case, avoid sunbathing or exposure to sources of artificial light, such as sunbeds, for several months. Many younger children treated with radiotherapy will go on to have restricted physical growth during puberty. A small number of people develop cataracts several years after radiotherapy. Cataracts are cloudy patches in the lens (the transparent structure at the front of the eye) that can make your vision blurred or misty. Cataracts can usually be successfully treated using surgery. Read more aboutcataracts If you or your child do not respond to chemotherapy, a possible alternative treatment option is bone marrow or stem cell transplantation. Transplantations are more successful if the donor has the same tissue type as you, so the ideal donor is usually a brother or sister. Before transplantation can take place, the person receiving the transplant will need to have aggressive high-dose chemotherapy and radiotherapy to destroy any cancerous cells in their body. This can put a big strain on the body so transplantations are usually only successful when they are carried out in children and young people, or older people who are in good health, and when there is a suitable donor, such as a brother or sister. Read aboutbone marrow transplantationfor more information"
Acute lymphoblastic leukaemia: Children,as the leukaemia cells multiply in the bone marrow the production of normal blood cells is reduced children may therefore become tired and lethargic because of anaemia which is caused by a lack of red blood cells children may develop bruises and bleeding may take longer to stop because of the low number of platelets present in their blood which help blood to clot sometimes children suffer from infections because of low numbers of normal white blood cells a child is likely to feel generally unwell and may complain of aches and pains in the limbs or may have swollen lymph glands at first the symptoms are just like those of a viral infection but when they continue for more than a week or two the diagnosis usually becomes clear,"The exact cause of ALL is unknown. Research is going on all the time into possible causes of this disease. Children with certain genetic disorders, such as Down’s syndrome, are known to have a higher risk of developing leukaemia. Brothers and sisters of a child with ALL (particularly identical twins) have a slightly increased risk of developing ALL themselves, although this risk is still small. Like all cancers, ALL is not infectious and cannot be passed on to other people.",,"The aim of treatment for ALL is to destroy the leukaemia cells and enable the bone marrow to work normally again. Chemotherapy is the main treatment for ALL and is given according to a treatment plan (often called a protocol or regimen). The treatment is given in several phases, or ‘blocks’. This phase involves intensive treatment, aimed at destroying as many leukaemia cells as possible and is usually started within days of being diagnosed. The induction phase lasts 4 to 6 weeks. A bone marrow test is taken at the end of induction treatment to confirm whether or not the child still has leukaemia. The sample that is taken is looked at under a microscope and when there is no evidence of leukaemia, the child’s condition is referred to as being in ‘remission’. The next phase of treatment is aimed at maintaining the remission and preventing the spread of leukaemia cells into the brain and spinal cord (the central nervous system, or CNS). CNS treatment involves injecting a drug, usually methotrexate lumbar puncture. After this consolidation treatment there is a recovery period which is called interim maintenance. This is when more drugs will be given to try to keep the leukaemia in remission. The exact details will depend on which arm of treatment your child follows and will be discussed in detail by your child’s doctor as it depends on your child’s response to treatment so far. Further doses of chemotherapy treatment, called ‘delayed intensification’, are given to kill off any remaining leukaemia cells. This phase of treatment lasts for 2 years from the start of interim maintenance for girls and 3 years from the start of interim maintenance for boys. It involves the child taking daily and weekly tablets, some children also have monthly injections of chemotherapy and oral pulses of steroids and 3-monthly intrathecal treatment. Children will be able to take part in their normal daily activities as soon as they feel able to. Most children return to school before beginning maintenance treatment. Bone marrow treatment is only needed by a minority of patients and is used for children with ALL that is likely to come back following standard chemotherapy. In some situations, it may be necessary for boys to have radiotherapy to their testicles. This is because leukaemia cells can survive in the testicles despite chemotherapy. Children who have leukaemia cells in their CNS when they are first diagnosed with ALL need more frequent lumbar punctures with intrathecal chemotherapy. Your child’s specialist will discuss with you which treatment and how much of it your child needs, and will answer any questions you have. Many cancer treatments will causeside effects. This is because while the treatments are killing the cancer cells, they can also damage some normal cells. Some of the main side effects of chemotherapy are: Steroid medicines can also cause side effects such as: Most side effects are temporary, and there are ways of reducing them and supporting your child through them. Your child’s doctor or nurse will talk to you about any possible side effects. It’s important to discuss any side effects your child is having with the team treating them, so that they know how your child is feeling. A small number of children may develop late side effects, sometimes many years later. These include possible problems with puberty and fertility, a change in the way their heart works and a small increase in the risk of developing another cancer later in life. Your child’s doctor or nurse will talk to you about any possible late side effects. Many children have their treatment as part of a clinical research trial. Trials aim to improve our understanding of the best way to treat an illness, usually by comparing the standard treatment with a new or modified version. Specialist doctors carry out trials for ALL. If appropriate, your child’s medical team will talk to you about taking part in a clinical trial and will answer any questions you have. Written information is provided to help explain things. Taking part in a research trial is completely voluntary, and you’ll be given enough time to decide if it is right for your child. Sometimes, clinical trials are not available for your child. This may be because a recent trial has just finished, or because the condition is very rare. In these cases, you can expect your doctors and nurses to offer treatment which is agreed to be the most appropriate, using guidelines which have been prepared by experts across the UK. TheChildren’s Cancer and Leukaemia Group(CCLG) is an important organisation which helps to produce these guidelines. Most children with ALL are cured. If the leukaemia recurs after initial treatment, it usually does so within the first three years. Further treatment can then be given. Long-term side effects (late side effects) are rare, and most children with ALL grow and develop normally. If you have specific concerns about your child’s condition and treatment, it’s best to discuss them with your child’s doctor, who knows the situation in detail."
Acute lymphoblastic leukaemia: Teenagers and young adults,many of the symptoms of all are caused by having fewer than normal healthy blood cells in the body symptoms can include there can be other reasons you may have these symptoms but if you are worried that you may have all you should speak to your gp they ll examine you and refer you to a hospital if they think you need to see a specialist doctor,"It’s not known exactly what causes ALL. Research is going on to try to find out. Young people with some genetic conditions, such asDown’s syndromeor Li-Fraumeni syndrome, are at an increased risk of developing ALL. A genetic condition is something you are born with.",,"The main treatment for acute lymphoblastic leukaemia (ALL) ischemotherapy. This means having anti-cancer drugs to destroy the leukaemia cells. You’ll also have drugs calledsteroids, which help the chemotherapy to work. The treatment for ALL is pretty intensive at times and can cause unpleasant side effects. But you’ll be in close contact with the hospital when you’re most likely to feel unwell and the staff will be able to help if things get tough. Don’t feel you have to be brave. Be honest about how you are feeling with your doctors and nurses. They can give you medicines that can help you feel better. ALL is treated in 3 phases: You usually start chemotherapy pretty quickly after finding out that you have ALL. You’ll be in hospital for your treatment to begin with. If you’re 18 or younger, you’ll be treated in a specialist Principal Treatment Centre (PTC) for teenagers and young adults (TYA). If you’re 19 or older, you’ll be offered the choice of having treatment at the PTC or another hospital closer to home called a TYA designated hospital. You’ll be given chemotherapy as tablets, by injection and into your bloodstream (intravenously). You’ll also be given chemotherapy into the fluid around the spinal cord to make sure the leukaemia cells can’t hide there. This is called central nervous system (CNS) therapy. It’s also known as intrathecal therapy. You’ll have a ‘line’ put in to one of your main veins to make it easier for you to have intravenous treatment. Your nurses and doctors can also use the line to take blood samples for blood tests. There are different kinds of lines. Having chemotherapy can be hard. But the staff looking after you will give you medicines to help you cope with any side effects so you can stay strong enough to have treatment. And you’ll be given medicines to stop you feeling sick and antibiotics to help prevent infections. There will probably be times when you feel rough and other times when you’ll feel better. You might also feel upset, down or irritable. Talking to someone you trust can help you cope with these feelings. Being in hospital or coming up to hospital for clinics and treatment can be frustrating, especially when you miss out on stuff happening at school, college, university or work, or on things your friends are doing. You could try talking to your friends and family about this and see what they can do to help you. It can also help to talk to any new friends you’ve made who are going through similar experiences to you. We have more information aboutchemotherapythat has been written for people of all ages, not just teens and young adults."
Acute myeloid leukaemia,thesymptoms of amlusually develop over a few weeks and become increasingly more severe symptoms can include in more advanced cases aml can make you extremely vulnerable to life threatening infections or serious internal bleeding read more about thecomplications of aml the symptoms of acute myeloid leukaemia aml usually develop over a few weeks becoming more severe as the number of immature white blood cells blast cells in your blood increases symptoms of aml can include in rare cases of aml the affected cells can spread into the central nervous system this can cause symptoms such asheadaches fits seizures vomiting blurred vision and dizziness,"AML occurs when specialised cells called stem cells, which are found in the bone marrow (a spongy material inside the bones), produce too many immature white blood cells. These immature cells are known as blast cells. Blast cells don’t have the infection-fighting properties of healthy white blood cells, and producing too many can lead to a decrease in the number of red blood cells (which carry oxygen in the blood) and platelets (cells that help the blood to clot). It’s not clear exactly why this happens and, in most cases, there’s no identifiable cause. However, a number of factors that can increase your risk of developing AML have been identified. These include: Read more about thecauses of AML Acute myeloid leukaemia (AML) is caused by a DNA mutation in the stem cells in your bone marrow that produce red blood cells, platelets and infection-fighting white blood cells. The mutation causes the stem cells to produce many more white blood cells that are needed. The white blood cells produced are still immature, so they don’t have the infection-fighting properties of fully developed white blood cells. These immature cells are known as ‘blast cells’. As the number of immature cells increases, the amount of healthy red blood cells and platelets decrease, and it’s this fall that causes many of thesymptoms of leukaemia.",,"AML is an aggressive type of cancer that can develop rapidly, so treatment usually needs to begin soon after a diagnosis is confirmed. Chemotherapyis the main treatment for AML. It’s used to kill as many leukaemia cells in your body as possible and reduce the risk of the condition coming back (relapsing). In some cases, intensive chemotherapy and radiotherapy may be needed, in combination with abone marrow or stem cell transplant, to achieve a cure. Read more abouttreating AML Acute myeloid leukaemia (AML) is an aggressive condition that develops rapidly, so treatment will usually begin a few days after a diagnosis has been confirmed. As AML is a complex condition, it’s usually treated by a multidisciplinary team (MDT) – a group of different specialists working together. Treatment for AML is often carried out in 2 stages: The induction stage of treatment isn’t always successful and sometimes needs to be repeated before consolidation can begin. If you have a relapse after treatment, both re-induction and consolidation may need to be carried out. This may be the same as your first treatment, although it’s likely to involve different medications or a stem cell transplant. If you’re thought to have a high risk of experiencingcomplications of AML treatment– for example, if you’re over 75 years of age or have another underlying health condition – less intensive chemotherapy treatment may be carried out. This is less likely to successfully kill all of the cancerous cells in your body, but it can help control your condition. Many other treatments are used for AML. Radiotherapyinvolves using high doses of controlled radiation to kill cancerous cells. There are 2 main reasons why radiotherapy is usually used to treat AML: Side effects of radiotherapycan include hair loss, nausea and fatigue. The side effects should pass once your course of radiotherapy has been completed. If chemotherapy doesn’t work, a possible alternative treatment option is abone marrow or stem cell transplant. Before transplantation can take place, the person receiving the transplant will need to have intensive high-dose chemotherapy and possibly radiotherapy to destroy the cells in their bone marrow. The donated stem cells are given through a tube into a blood vessel, in a similar way to chemotherapy medication. This process can put an enormous amount of strain on the body and cause significant side effects and potential complications, so you’ll usually need to stay in hospital for a few weeks. Transplantations have better outcomes if the donor has the same tissue type as the person receiving the donation. The best candidate to provide a donation is usually a brother or sister with the same tissue type. Transplantations are most successful when they’re carried out on children and young people, or older people who are otherwise in good health, and when there’s a suitable donor, such as a brother or sister. Read aboutbone marrow donation Azacitidine is a possible alternative treatment for adults with AML who can’t have a stem cell transplant. It’s recommended by the National Institute for Health and Care Excellence (NICE) for use in certain circumstances – for example, depending on the characteristics of the person’s blood and bone marrow. Azacitidine is a chemotherapy medication that’s given by injection under the skin. It interferes with the growth of cancer cells and destroys them, and also helps bone marrow to produce normal blood cells. NICE has more information aboutazacitidine for the treatment of AML In the UK, a number of clinical trials are currently underway that aim to find the best way of treating AML. Clinical trials are studies that use new and experimental techniques to see how well they work in treating, and possibly curing, AML. As part of your treatment, your care team may suggest taking part in aclinical trialto help researchers learn more about the best way to treat your AML, and AML in general. If you take part in a clinical trial, you may be offered medication that isn’t licensed for use in the UK and isn’t normally available. However, there’s no guarantee that the techniques being studied in the clinical trial will work better than current treatments. Your care team can tell you whether there are any clinical trials available in your area, and can explain the benefits and risks involved."
Acute myeloid leukaemia: Children,as the leukaemia cells multiply in the bone marrow the production of normal blood cells is reduced children may therefore become tired and lethargic because of anaemia which is caused by a lack of red blood cells children may develop bruises and bleeding may take longer to stop because of the low number of platelets present in their blood sometimes they may suffer from infections because of low numbers of normal white blood cells a child is likely to feel generally unwell and may complain of aches and pains in the limbs or may have swollen lymph glands at first the symptoms are just like those of a viral infection but when they continue for more than a week or two the diagnosis usually becomes clear,"The exact cause of AML is unknown. Research into possible causes of this disease is ongoing. Children with certain genetic disorders, such asDown’s syndromeor Li-Fraumeni syndrome, are known to have a higher risk of developing leukaemia. Brothers and sisters of a child with AML have a slightly increased risk of developing it, although this risk is still small. Other non-cancerous conditions, such as aplastic anaemia or the myelodysplastic syndromes (MDS), may increase a child’s risk of developing AML. AML, like all types of cancer, is not infectious and cannot be passed on to other people.",,"The aim of treatment for AML is to destroy the leukaemia cells and enable the bone marrow to work normally again. Chemotherapy is the main treatment for AML. Usually a combination of chemotherapy drugs is given, according to a treatment plan (often called a protocol or regimen). The treatment usually has different phases. This phase involves intensive treatment, aimed at destroying as many leukaemia cells as possible. It usually involves 2 courses (cycles) of a combination of chemotherapy drugs. A bone marrow test is taken at the end of induction treatment to confirm whether or not the child still has leukaemia. When there is no evidence of leukaemia, the child’s condition is referred to as being in remission. When there are no signs of the leukaemia in the blood or bone marrow, further treatment is often given. This phase of the treatment aims to destroy any leukaemia cells that may be left and to help stop the AML from coming back. This treatment usually involves 2 more courses of chemotherapy. This treatment is usually only used for children with AML that is likely to come back or has come back (recurred) following standard chemotherapy. AML may sometimes develop in the brain and spinal cord. This can be prevented by injecting chemotherapy drugs directly into the spinal fluid during a lumbar puncture (intrathecal chemotherapy). Intrathecal chemotherapy is usually given after each of the first 2 courses of chemotherapy. Sometimes a more intensive treatment is needed, and the intrathecal drugs are given more frequently until all the regular chemotherapy has been completed. Occasionally, radiotherapy to the brain is also necessary. Many cancer treatments will causeside effects. This is because while the treatments are killing the cancer cells, they can also damage some normal cells. Some of the main side effects are: Most side effects are temporary, and there are ways of reducing them and supporting your child through them. Your child’s doctor or nurse will talk to you about side effects. A small number of children may develop late side effects, sometimes many years later. These include possible problems with puberty and fertility, a change in the way the heart works, and a small increase in the risk of developing a second cancer in later life. Your child’s doctor or nurse will talk to you about any possible late side effects. Many children have their treatment as part of a clinical research trial. Trials aim to improve our understanding of the best way to treat an illness, usually by comparing the standard treatment with a new or modified version. Specialist doctors carry out trials for AML. If appropriate, your child’s medical team will talk to you about taking part in a clinical trial and will answer any questions you have. Written information is often provided to help explain things. Taking part in a research trial is completely voluntary, and you’ll be given plenty of time to decide if it’s right for your child. Sometimes, clinical trials are not available for your child’s cancer. This may be because a recent trial has just finished, or because the cancer is very rare. In these cases, you can expect your doctors and nurses to offer treatment which is agreed to be the most appropriate, using guidelines which have been prepared by experts across the country. TheChildren’s Cancer and Leukaemia Group(CCLG) is an important organisation which helps to produce these guidelines. Many children with AML are cured. If the leukaemia comes back after initial treatment, it usually does so within the first 3 years. Most children with AML grow and develop normally. If you have specific concerns about your child’s condition and treatment, it’s best to discuss them with your child’s doctor, who knows the situation in detail."
Acute myeloid leukaemia: Teenagers and young adults,many of the symptoms of aml are caused by having fewer than normal healthy blood cells in the body symptoms can include,It’s not known exactly what causes AML. Research is going on to try to find out. We do know some things might increase the risk of AML:,,"The main treatment for acute myeloid leukaemia (AML) is chemotherapy. This means having anti-cancer drugs to destroy the leukaemia cells. You’ll also have drugs called steroids, which help the chemotherapy to work. The treatment for AML is pretty intensive at times and can cause unpleasant side effects. But you’ll be in hospital when you’re most likely to feel unwell, and the staff can help if things get tough. Don’t feel you have to be brave. Be honest about how you’re feeling with your doctors and nurses. They can give you medicines to help you feel better. There are different phases of treatment for AML: Very often, treatment is given as part of a clinical trial or research study, but it will be your decision whether to take part in the trial or not. Clinical trials help doctors to keep improving treatment for leukaemia. You usually start chemotherapy pretty quickly after finding out that you have AML. You’ll be in hospital for your treatment to begin with. If you’re 18 or younger, you’ll be treated in a specialist Principal Treatment Centre (PTC) for teenage and young adults (TYA). If you’re 19 or older, you’ll be offered the choice of having treatment at the PTC or another hospital closer to home called a TYA designated hospital. Most chemotherapy for AML is given into the bloodstream (intravenously). So you’ll have a ‘line’ put into one of your main veins to make it easier for you to have intravenous chemotherapy. There are different kinds of lines. You’ll also be given chemotherapy into the fluid around your spinal cord and brain. This is to get rid of any leukaemia cells that might be hiding there. This type of treatment is called central nervous system (CNS) therapy. Having chemotherapy can be hard, but the staff looking after you will give you medicines to help you cope with any side effects so you can stay strong enough to have treatment. And you’ll be given medicines to help you feel less sick and antibiotics to help prevent infections. There will probably be times when you feel rough and other times when you’ll feel better. You might also feel upset, down or irritable. Talking to someone you trust can help you cope with these feelings. Being in hospital for long periods can be frustrating, especially when you miss out on stuff happening at school, college, university or work or on things your friends are doing. You could try talking to your friends and family about this and see what they can do to help you. This phase of treatment is sometimes also called consolidation or intensification treatment. It’s given to prevent the leukaemia from returning (known as a relapse). When you’re in remission, it means the doctors can’t see any leukaemia cells in your blood or bone marrow samples under the microscope. But there may still be leukaemia cells hiding in your body, so further treatment is needed to get rid of these cells. You start post-remission treatment soon after you complete remission induction. You’ll usually have 2 courses of treatment. You might be given the same chemotherapy drugs you’ve had before (perhaps at similar or higher doses) or you might be given different chemotherapy drugs. When your doctors decide what chemotherapy treatment plan to give you, they will take into account: The following drugs may be used to treat you:"
Acute pancreatitis,the main symptom of acute pancreatitis is a severe dull pain around the top of your stomach that develops suddenly this aching pain often gets steadily worse and can travel along your back or below your left shoulder blade eating or drinking may also make you feel worse very quickly especially fatty foods leaning forward or curling into a ball may help to relieve the pain but lying flat on your back often increases the pain acute pancreatitis caused bygallstonesusually develops after eating a large meal if the condition is caused by alcohol the pain often develops 6 to 12 hours after drinking a significant amount of alcohol other symptoms of acute pancreatitis can include,"Most cases of acute pancreatitis are closely linked to gallstones or to alcohol consumption, although the exact cause isn’t always clear. Less common causes of acute pancreatitis include: Once the condition is under control, the underlying cause may need to be treated. If agallstoneis responsible for the pancreatitis, you may need a procedure called endoscopic retrograde cholangiopancreatography (ERCP), or your gallbladder may need to be removed. Gallbladder removal surgerymay be done while you’re in hospital, or it may be planned for several weeks’ time. Having your gallbladder removed should have no significant effect on your health, other than making it more difficult to digest certain foods, such as fatty or spicy foods. An ERCP procedure is an alternative treatment for gallstones. It involves using a narrow, flexible tube known as an endoscope, which has a camera on one end. X-raysguide the endoscope into your digestive system, and surgical instruments are passed down the endoscope to remove the gallstones. After recovering from acute pancreatitis, alcohol should be completely avoided if this was the cause of the condition. If you find this difficult, you’ll probably need additional treatment. Treatment options for alcohol dependence include:",,"Treatment for acute pancreatitis focuses on supporting the functions of the body until the inflammation has passed. This usually involves admission to hospital so you can be given fluids into a vein (intravenous fluids), as well as pain relief, nutritional support and oxygen through tubes into your nose. Most people with acute pancreatitis improve within a week and are well enough to leave hospital after 5 to 10 days. However, recovery takes longer in severe cases, as complications that require additional treatment may develop. Read more abouttreating acute pancreatitis. Acute pancreatitis is treated in hospital, where you’ll be closely monitored for signs of serious problems and given supportive treatment, such as fluids and oxygen. Many people are well enough to leave hospital after 5 to 10 days. In severe cases, complications can develop that require specific additional treatment and you’ll need to be admitted to a high dependency unit or intensive care unit (ICU). In these cases, recovery may take much longer, and the condition can be fatal. Read about the potentialcomplications of acute pancreatitisfor more information on severe cases."
Acute respiratory infection (ARI),common symptoms of acute respiratory infections include less common symptoms of acute respiratory infections include there is a separate page forif your child has cold or flu symptoms read more information about fever in children some respiratory infections such as the common cold and rsv may also lead tomiddle ear infection sinusitisand in younger children croup if you have respiratory symptoms you should you may still have acoughor feel tired after your other symptoms have gone this doesn t mean that you re still infectious to others further information about visiting care homes and respiratory infections,,,Most acute respiratory infections pass within 3 weeks. There are some things you can do to help relieve your symptoms until the infection clears up.
Addison’s disease,addison s disease can be difficult to detect at first because early symptoms are similar to symptoms of many other health conditions initial symptoms of addison s disease can include dehydrationcan also be an early sign of addison s disease it s caused by lack of the hormone aldosterone in your body which is used to regulate the balance of salt and water further symptoms of addison s disease tend to develop gradually over months or years however additional stress caused by another illness or an accident for example may cause your symptoms to suddenly get worse you may go on to develop some women may also have irregular periods or miss some periods completely children with addison s disease may experience puberty later than usual some people with addison s disease also developlow blood sugar hypoglycaemia this can cause symptoms such as difficulty concentrating confusion anxiety and even unconsciousness particularly in children if you re experiencing symptoms of addison s disease see your gp so they can diagnose or rule out the condition these symptoms will usually improve with appropriate treatment read more aboutdiagnosing addison s diseaseandtreating addison s disease,"Addison’s disease develops when the outer layer of your adrenal glands (your adrenal cortex) is damaged, reducing the levels of hormones it produces. Tuberculosis (TB)is the most common cause of Addison’s disease worldwide, but is rare in the UK. TB is a bacterial infection that mostly affects the lungs, but can also spread to other parts of your body. It can cause Addison’s disease if it damages your adrenal glands. Other possible causes of Addison’s disease include:","You and a partner or family member may be trained to administer an injection of hydrocortisone in an emergency. This could be necessary if you go into shock after an injury, or if you experience vomiting or diarrhoea and are unable to keep down oral medication. This may occur if you’re pregnant and have morning sickness. Your endocrinologist will discuss with you when an injection might be necessary. If you need to administer emergency hydrocortisone, always phone your GP immediately afterwards. Check whatout-of-hours servicesare available in your local area, in case the emergency is outside normal working hours. You can also register yourself with your localambulance service, so they have a record of your requirement for a steroid injection or tablets, if you need their assistance.","If you have Addison’s disease, you’ll need to take daily medication to replace the lost hormones. This should help you to live an active life, although many people find they still need to manage their fatigue. In some cases, the underlying causes of Addison’s disease can be treated. For example,tuberculosis (TB)is treated with a course ofantibioticsover a period of at least 6 months. However, most cases are caused by a problem with the immune system that can’t be cured. Adrenal crisis, or Addisonian crisis, needs urgent medical attention. Phone 999 for an ambulance if you or someone you know are experiencing adrenal crisis. Signs of an adrenal crisis include: In hospital, you’ll be given lots of fluid through a vein in your arm to rehydrate you. This will contain a mixture of salts and sugars (sodium, glucose and dextrose) to replace those that your body is lacking. You’ll also be injected with hydrocortisone to replace the missing cortisol hormone. Any underlying causes of the adrenal crisis, such as an infection, will also be treated."
Adenomyosis,it s possible to have adenomyosis and have no symptoms symptoms you might experience include you can use ourmenstrual health symptom questionnaire pdf 421kb to keep a note of your symptomsand how you re feeling you can print it and talk about it with your healthcare professional to help them understand the different symptoms you re experiencing,It’s not known exactly why adenomyosis happens. Adenomyosis is not an infection and it’s not contagious. It is benign (not cancerous).,,"Depending on your symptoms, there are different options to treat adenomyosis, including: Your doctor will discuss this with you and you can ask anyquestions that you might have."
Alcohol-related liver disease,in many cases people with alcohol related liver disease arld don t have any noticeable symptoms until their liver is badly damaged if you do experience early symptoms of arld these are often quite vague such as as the liver becomes more severely damaged more obvious and serious symptoms can develop such as if you re abstaining from alcohol you may suffer withdrawal symptoms these will be at their worst for the first 48 hours but should start to improve as your body adjusts to being without alcohol this usually takes 3 to 7 days from the time of your last drink many people initially experience disturbed sleep when abstaining from alcohol but in most cases their sleep pattern returns to normal within a month in some cases you may be advised to reduce your alcohol intake in a gradual and planned way to help avoid withdrawal problems you may also be offered a medication called a benzodiazepine and psychological therapy such as cognitive behavioural therapy cbt to help you through the withdrawal process some people need to stay in hospital or a specialist rehabilitation clinic during the initial withdrawal phases so their progress can be closely monitored if you re staying at home you ll regularly see a nurse or other health professional you might see them at home at your gp surgery or at a specialist nhs service the use of medication to directly treat arld is controversial many experts have argued there s limited evidence for its effectiveness for people with severe alcoholic hepatitis treatment in hospital may be necessary specific treatment with corticosteroids or pentoxifylline medication may be used to reduce inflammation of the liver in some people with this condition nutritional support is also an important part of treatment in these cases other medications that have been used to treat liver damage include however there s a lack of good evidence that these help and they re no longer used for severe alcoholic hepatitis,"Alcohol-related liver disease (ARLD) is caused by drinking too much alcohol. The more you drink above the recommended limits, the higher your risk of developing ARLD. There are 2 waysalcohol misuse(drinking too much) can cause ARLD. These are: Evidence suggests people who regularly drink more than the recommended maximum amounts are most at risk of developing ARLD. Read more aboutalcohol units and how to calculate them.",,"There’s currently no specific medical treatment for ARLD. The main treatment is to stop drinking, preferably for the rest of your life. This reduces the risk of further damage to your liver and gives it the best chance of recovering. If a person is dependent on alcohol, stopping drinking can be very difficult. However, support, advice and medical treatment may be available through local alcoholsupport services. Aliver transplantmay be required in severe cases where the liver has stopped functioning and doesn’t improve when you stop drinking alcohol. You’ll only be considered for a liver transplant if you’ve developed complications ofcirrhosis, despite having stopped drinking. All liver transplant units require a person to not drink alcohol while awaiting the transplant, and for the rest of their life. Read more abouttreating ARLD. Successful treatment for alcohol-related liver disease (ARLD) often depends on whether someone is willing to stop drinking alcohol and make changes to their lifestyle."
Allergic rhinitis,allergic rhinitis usually causescold like symptoms such as these symptoms usually start soon after coming into contact with something you re allergic to some people only get allergic rhinitis seasonally because they re allergic to things like tree or grass pollen other people get allergic rhinitis all year round,Allergic rhinitis is caused by breathing in tiny particles that you’re allergic to. The most common allergens in the air that cause rhinitis are: You’re more likely to develop an allergy if there’s a history of allergies in your family.,,"Treatment for allergic rhinitis depends on how severe your symptoms are. If you have mild allergic rhinitis, you can often treat the symptoms yourself. Always read the leaflet that comes with your medicine before taking it. Follow the recommended dosage instructions. If you’re not sure which treatments are suitable for you or your child,speak to a pharmacistfor advice. Medication won’t cure your allergy, but it can be used to treat the symptoms. Speak to your GP practice if your symptoms do not improve 2 weeks after starting medicine. They may prescribe a stronger medication such as a nasal spray containingcorticosteroids."
Allergies,allergic reactions usually happen quickly within a few minutes of exposure to an allergen they can cause most allergic reactions are mild but occasionally a severe reaction calledanaphylaxisor anaphylactic shock can occur this is a medical emergency and needs urgent treatment read more about thesymptoms of allergies symptoms of an allergic reaction usually develop within a few minutes of being exposed to something you re allergic to although occasionally they can develop gradually over a few hours although allergic reactions can be a nuisance and hamper your normal activities most are mild very occasionally a severe reaction calledanaphylaxiscan occur common symptoms of an allergic reaction include the symptoms vary depending on what you re allergic to and how you come into contact with it for example you may have a runny nose if exposed to pollen develop a rash if you have a skin allergy or feel sick if you eat something you re allergic to see your pharmacist if you or your child might have had an allergic reaction to something they can help determine whether the symptoms are caused by an allergy or another condition read more aboutdiagnosing allergies,"Allergies occur when the body’s immune system reacts to a particular substance as though it’s harmful. It’s not clear why this happens, but most people affected have a family history of allergies or have closely related conditions such as asthma or eczema. The number of people with allergies is increasing every year. The reasons for this are not understood, but one of the main theories is it’s the result of living in a cleaner, germ-free environment, which reduces the number of germs our immune system has to deal with. It’s thought this may cause it to overreact when it comes into contact with harmless substances.",,"In many cases, the most effective way of managing an allergy is to avoid the allergen that causes the reaction whenever possible. For example, if you have a food allergy, you should check a food’s ingredients list for allergens before eating it. The Food Standards Agency has moreinformation about food allergen labelling. There are also several medications available to help control symptoms of allergic reactions, including: For some people with very severe allergies, a treatment called immunotherapy may be recommended. This involves being exposed to the allergen in a controlled way over a number of years, so your body gets used to it and doesn’t react to it so severely. Read more abouttreating an allergyandavoiding allergic reactions. The treatment for an allergy depends on what you’re allergic to. In many cases your pharmacist will be able to offer advice and treatment. They’ll advise you about taking steps to avoid exposure to the substance you’re allergic to, and can recommend medication to control your symptoms. Some people with severe allergies may experience life-threatening reactions, known asanaphylaxisor anaphylactic shock. If you’re at risk of this, you’ll be given special injectors containing a medicine called adrenaline to use in an emergency. If you develop symptoms of anaphylaxis, such as difficulty breathing, you should inject yourself in the outer thigh before seeking emergency medical help. Read more about thetreating anaphylaxis."
Alzheimer’s disease,alzheimer s disease is a progressive condition this means the symptoms develop gradually and become more severe over time the first sign of alzheimer s disease is usually minor memory problems for example a loss of interest and enjoyment in day to day activities it s also common to forget about recent conversations events or the names of places as the condition develops memory problems become more severe other changes caused by alzheimer s disease that could cause you concern include,"Alzheimer’s disease is thought to be caused by the build up of amyloid and tau. These are substances found inside the brain. Amyloid and tau build up and form tiny structures called plaques and tangles. These make it harder for the brain to work properly. Over time, Alzheimer’s disease causes parts of the brain to get smaller. It also reduces chemicals in the brain that are used to send messages around the brain. Eventually, the brain struggles to cope with the damage. This can lead to problems with memory and thinking. Over time, damage also spreads to different areas of the brain. The first areas affected are the ones that are responsible for memories.",,"There’s currently no cure for Alzheimer’s disease. But, there are treatments that can help manage the symptoms. Your GP or healthcare professional can discuss the best treatment options for you. There are things you can do to live well for as long as possible with dementia. Read more about living well with dementia Your future health and social care needs will need to be assessed and a care plan drawn up. This is a way of ensuring you receive the right treatment for your needs. It involves identifying areas where you may need some help, like:"
Anal cancer,the symptoms of anal cancer are often similar to more common and less serious conditions affecting the anus such as piles haemorrhoids andanal fissures small tears or sores symptoms of anal cancer can include however some people with anal cancer don t have any symptoms speak to your gp if you develop any of the above symptoms while they re unlikely to be caused by anal cancer it s best to get them checked out,"The exact cause of anal cancer is unknown, although a number of factors can increase your risk of developing the condition. These include: Your risk of developing anal cancer increases as you get older, with half of all cases diagnosed in people aged 65 or over. The condition is also slightly more common in women than men.",,"If you’re diagnosed with anal cancer, you’ll be cared for by a multidisciplinary team. This is a team of different specialists who work together to provide the best treatment and care. The main treatments used for anal cancer are: In cases where the cancer has spread and can’t be cured, chemotherapy alone may be considered to help relieve symptoms. This is known aspalliative care. Chemoradiation is a treatment that combines chemotherapy (cancer-killing medication) and radiotherapy (where radiation is used to kill cancer cells). It’s currently the most effective treatment for anal cancer. You don’t usually need to stay in hospital when you’re having chemoradiation. Chemotherapy for anal cancer is usually given in 2 cycles, each lasting 4 to 5 days, with a 4-week gap between the cycles. In many cases, part of the chemotherapy is delivered through a small tube called a peripherally inserted central catheter (PICC) in your arm, which can stay in place until your treatment has finished. The tube means you don’t need to stay in hospital during each of the cycles of chemotherapy. However, you’ll be attached to a small plastic pump, which you take home with you. A few hospitals now offer tablet chemotherapy for anal cancer, which avoids the need for the pump and PICC. Read more abouthow chemotherapy is carried out Radiotherapy is usually given in short sessions, once a day from Monday to Friday, with a break at weekends. This is usually carried out for 5 to 6 weeks. To prepare for radiotherapy, additional scans will be required. Read more abouthow radiotherapy is carried out Both chemotherapy and radiotherapy often cause significant side effects, including: These side effects are usually temporary, but there’s also a risk of longer-term problems, such asinfertility. If you’re concerned about the potential side effects of treatment, you should discuss this with your care team before treatment begins. Other possible long-term side effects can include: Tell your doctor if you develop any of these symptoms so they can be investigated and treated. Surgery is a less common treatment option for anal cancer. It’s usually only considered if the tumour is small and can be easily removed, or if chemoradiation hasn’t worked. If the tumour is very small and clearly defined, it may be cut out during a procedure called a local excision. This is a relatively simple procedure, carried out undergeneral anaesthetic, that usually only requires a stay in hospital of a few days. If chemoradiation has been unsuccessful or the cancer has returned after treatment, a more complex operation called an abdominoperineal resection may be recommended. As with a local excision, this operation is carried out under general anaesthetic. An abdominoperineal resection involves removing your anus, rectum, part of the colon, some surrounding muscle tissue, and sometimes some of the surrounding lymph nodes (small glands that form part of the immune system) to reduce the risk of the cancer returning. You’ll usually need to stay in hospital for up to 10 days after this type of surgery. During the operation, a permanentcolostomywill also be formed to allow you to pass stools. This is where a section of the large intestine is diverted through an opening made in the abdomen called a stoma. The stoma is attached to a special pouch that will collect your stools after the operation. Before and after the operation, you’ll see a specialist nurse who can offer support and advice to help you adapt to life with a colostomy. Adjusting to life with a colostomy can be challenging, but most people become accustomed to it over time. Read more about living with a colostomy After your course of treatment ends, you’ll need to have regular follow-up appointments to monitor your recovery and check for any signs of the cancer returning. To start with, these appointments will be every few weeks or months, but they’ll gradually become less frequent over time."
Angina,the main symptom of angina is chest pain this can angina itself is not life threatening but prolonged chest pain can be a symptom of a heart attack,,,"There are various ways to treat and manage angina. You may be given nitrates if you have stable angina. These work by relaxing the muscles in the blood vessels so that blood can pass through more easily. You might be given nitrates as: Glyceryl trinitrate (GTN) is usually given in a fast acting spray or tablets. You should keep this with you at all times. If you experience an episode of angina you can use the spray or tablet under your tongue. The pain should then ease within a few minutes. You can repeat the dose after 5 minutes if the pain has not gone away. If the pain has still not gone 5 minutes after you take the second dose you should call an ambulance. Beta blockerswork mainly by slowing down the heart. Calcium channel blockers relax the arteries, increasing blood supply to the heart muscle. If you cannot have beta blockers or calcium channel blockers, you may be given another medicine. Your doctor will discuss this with you."
Angioedema,the main sign of angioedema is swelling that develops below the skin s surface as well as visible swellings angioedema can cause other symptoms including people with hereditary angioedema may also experience,"Angioedema is often caused by a problem with the immune system, although there are many cases where no cause can be identified.","Dial 999 to request an ambulance if you suspect that you, or someone you know, is experiencinganaphylaxis (a severe allergic reaction). Tell the operator that you suspect anaphylaxis. Initial symptoms of anaphylaxis include: If you, or the person in your care, has previously been prescribed an adrenaline auto-injector pen, you should use it while waiting for the ambulance to arrive.","Although most cases of angioedema get better without treatment after a few days, medication is often used. For cases of allergic and idiopathic angioedema, antihistamines andoral steroids (steroid tablets)can be used to relieve the swelling. Drug-induced angioedema can usually be treated by using an alternative medication to treat whatever underlying condition you have. Although the condition cannot be cured, regular drug treatment can prevent attacks in people with hereditary angioedema. Read more abouttreating angioedema. Medication is the main treatment for angioedema, although many cases get better after a few days without treatment. Allergic angioedema and idiopathic angioedema are usually treated in the same way, using a combination of antihistamines andcorticosteroidsto help relieve the swelling. Drug-induced angioedema can usually be treated by using an alternative medication to the one causing your symptoms. If you also had symptoms of anaphylaxis during an episode of angioedema, you will probably be given an adrenaline auto-injector pen in case your symptoms return. Read more abouttreating anaphylaxis. Hereditary angioedema cannot be cured and does not respond to adrenaline, antihistamines or steroids, so a preventative approach is taken. A number of different medications are used to stabilise the protein levels in your blood to help prevent symptoms developing."
Ankle sprain,these vary from person to person and some symptoms may appear several days after the initial injury people may experience,The injury is usually caused when over-stretching the ligaments on the outside part of the ankle. This is sometimes called going over or rolling over your ankle. It could also result from a direct blow during sporting activity or a fall.,,The first thing to do after an ankle sprain is manage the pain and swelling. Read more about taking painkillers Reducing the swelling after an ankle sprain helps reduce the pain and increase the range of movement. Read more about soft tissue injury advice As soon as possible gradually start to move the ankle through your normal range of movement. This may be uncomfortable but it’s important to start as soon as possible to help your recovery. Stop if this becomes too painful for you andget in touch with your healthcare professional.
Ankylosing spondylitis,the symptoms of ankylosing spondylitis can vary from person to person they can develop slowly over several months or years the main symptoms include,"It’s not known exactly what causes ankylosing spondylitis. Studies have shown there’s a link between it and a gene known as HLA-B27. Having this gene does not necessarily mean you will develop ankylosing spondylitis. It’s estimated that 8% of people carry the HLA-B27 gene, but most do not have ankylosing spondylitis.",,"There is no cure for ankylosing spondylitis. But, treatment is available to help relieve the symptoms. Treatment can also help delay or prevent the spine from fusing (joining up) and stiffening. In most cases, treatment will involve a mix of: Most people with ankylosing spondylitis will not need surgery. But, if the joint becomes very damaged, joint replacement surgery may be recommended. This can help to improve pain and movement in the joint. Physiotherapy is a key part of treating ankylosing spondylitis. A Physiotherapist can explain the best exercises for you. They can also draw up an exercise programme that suits you. Types of physiotherapy for ankylosing spondylitis include: With hydrotherapy the buoyancy of the water helps make movement easier by supporting you. The warmth can also help relax your muscles. Some people prefer to swim or play sport to keep flexible. This is usually fine, although some daily stretching and exercise is also important. Speak to your Physiotherapist or Rheumatologist if you’re worried about taking up a new type of sport or exercise. The National Ankylosing Spondylitis Society (NASS) has information aboutdifferent types of exercise to help you manage your condition."
Anorexia nervosa,anorexia nervosa can have a range of symptoms most of the time people won t have all of these symptoms include you can never tell how unwell a person is from just their weight or bmi in children with anorexia nervosa puberty and the associated growth spurt may be delayed they may gain less weight than expected for someone going through puberty,,,"You can recover from anorexia nervosa, but it may take time and recovery will be different for everyone. There are effective treatments for anorexia nervosa. Recovery usually involves working with a mental health team and will include dietetic support and talking therapies. Some people may also need additional support around their physical health or other treatments. It’s important to start treatment as early as possible to reduce the risk of serious complications. Treatment for anorexia nervosa is slightly different for adults and those under 18 years old. The psychological therapies matrix for Anorexia Nervosaexplains what therapies are most likely to help you based on your needs and the current evidence. You might be offered cognitive behavioural therapy (CBT), either individually or as part of a group. CBT starts with the idea that thoughts, feelings, and behaviour are linked and affect one another. Learn more about talking therapies Family Based Treatment (FBT) involves the whole family in solving their child or young person’s eating disorder. During FBT parents and carers are an essential part of the solution and members of the treatment team. Interpersonal psychotherapy explores the link between relationships, feelings and eating behaviours. Family Based Treatment (FBT) involves the whole family in solving their child or young person’s eating disorder. During FBT parents and carers are an essential part of the solution and members of the treatment team. CBT may also be used. It can be tailored for young people experiencing bulimia nervosa. Beat has more information about treatment for anorexia SIGN guidelines for eating disorders"
Anxiety disorders in children and young people,anxiety can make children feel scared panicky embarrassed or ashamed signs of anxiety can include your child may not be old enough to recognise why they re feeling this way,"Some children are more nervous and anxious and less able to cope with stress than others. Having a close family member with anxiety might make your child more likely to have it too. Parents of anxious children may recognise the signs and remember feeling and behaving the same when they were younger. Some children can also develop anxiety after a series of difficult life events. They may be able to cope with one of these events. Several difficult events together, or a traumatic single event, may be too much for them to cope with. Some children might develop anxiety after stressful events like: Older children and young people tend to worry more about:",,"The type of treatment offered will depend on what is causing your child’s anxiety. It might be helpful for your child to talk to a healthcare professional. They’ll help by talking about how they can work through the situation. Your child might see a clinical professional through CAMHS. If they’re at a youth counselling service, they might see a trained youth counsellor or psychotherapist. Psychological therapiescan help with anxiety. These are evidence based talking treatments, like cognitive behavioural therapy. Cognitive behavioural therapy (CBT) can help your child manage their problems by changing the way they think, feel and react. Your child will work with the psychological professional to help understand what’s causing their anxiety and what might help. They’ll help your child to find strategies for coping in situations that make them anxious. Thepsychological therapies matrixdescribes the most helpful talking therapies for anxiety. If your child’s anxiety problem hasn’t got better with psychological treatments, your doctor may talk to you about trying medication. Medication is usually only prescribed by doctors who specialise in children and young people’s mental health. Medication can be helpful for certain people but can take time to take effect."
Appendicitis,appendicitis typically starts with a pain in the middle of your tummy abdomen that may come and go within hours the pain travels to your lower right hand side where the appendix is usually located and becomes constant and severe pressing on this area coughing or walking may all make the pain worse if you have appendicitis you may also have other symptoms including,"It’s not exactly clear what the causes of appendicitis are. Most cases are thought to occur when something blocks the entrance of the appendix. For example, a blockage may be formed by a small piece of faeces or an upper respiratory tract infection could lead to a swollen lymph node within the wall of the bowel. This obstruction leads to the development of inflammation and swelling. The pressure caused by the swelling can then lead to the appendix bursting. As the causes aren’t fully understood, there’s no guaranteed way of preventing appendicitis.","In some cases, appendicitis can lead to the development of a lump on the appendix called an appendix mass. This lump, consisting of appendix and fatty tissue, is an attempt by the body to deal with the problem and heal itself. If an appendix mass is found during an examination, your doctors may decide it’s not necessary to operate immediately. Instead, you’ll be given a course of antibiotics and an appointment will be made for an appendectomy a few weeks later, when the mass has settled. Another possible alternative to immediate surgery is the use of antibiotics to treat appendicitis. However, studies have looked into whether antibiotics could be an alternative to surgery and as yet there isn’t enough clear evidence to suggest this is the case.","In most cases of appendicitis, the appendix needs to be surgically removed as soon as possible. Removal of the appendix, known as an appendectomy or appendicectomy, is one of the most common operations in the UK and its success rate is excellent. The operation is most commonly performed as keyhole surgery (laparoscopy), which involves making several small cuts in your abdomen, through which special surgical instruments are inserted. Open surgery, where a larger, single cut is made in the abdomen, is usually carried out if the appendix has burst or access is more difficult. Most people make a full recovery from an appendectomy in a couple of weeks, although strenuous activities may need to be avoided for up to 6 weeks after open surgery. Read more abouttreating appendicitis. If you have appendicitis, your appendix usually needs to be removed as soon as possible. This operation is known as an appendectomy or appendicectomy. Surgery is usually also recommended if there’s a chance you have appendicitis but it’s not been possible to make a clear diagnosis. This is because it’s considered safer to remove the appendix than run the risk of the appendix bursting. In humans, the appendix doesn’t perform any important function and having it removed doesn’t cause any long-term problems."
Arterial thrombosis,depending on where the clot is in your body a bloodclot in an artery arterial thrombosis can cause find out about each of these below,"Arterial thrombosis occurs when a blood clot forms within an artery, slowing or stopping the flow of blood. Most cases of arterial thrombosis are caused when an artery is damaged by atherosclerosis. Fatty deposits build up on the walls of the arteries and cause them to harden and narrow. The risk factors for a blood clot in an artery include:",,There are two main types of treatment for a blood clot that develops in an artery (arterial thrombosis):
Arthritis,your symptoms will vary depending on the type of arthritis you have,,,"There’s no cure for arthritis, but there are many treatments that can help manage the condition. The best treatment for you will depend on what type of arthritis you have. Often, you will need a combination of treatments to help manage arthritis. Some common treatments for arthritis include: In severe cases, surgery may be recommended. This includes: Further information on treatments for arthritis from Versus Arthritis"
Asthma,symptoms include symptoms can vary from person to person they re often worse at night and early in the morning or with certain triggers asthma is well controlled in most people most of the time it shouldn t restrict your daily life including your sleep in any way you should work with your healthcare professionals to help control your asthma,"It’s not clear exactly what causes asthma. It’s likely to be a combination of factors. You’ve a higher chance of having asthma if you have: Some people may also be at risk of developing asthma through their job. An asthma trigger is something that irritates your lungs. When you come into contact with a trigger your airways narrow, the muscles around them tighten, and you make more sticky mucus (phlegm). Common asthma triggers include: Asthma may also be triggered byallergens or chemicals breathed in at work. Speak to your GP if you think your symptoms are worse at work and get better on holiday. You may be able to help your symptoms by avoiding your asthma triggers.",,"There is no cure for asthma but there are treatments that can help: Most people will take medications once or twice daily, usually using an inhaler. Your nurse, doctor or pharmacist will teach you how to properly use your inhaler. Watch Asthma + Lung UK’s videos on how to use your inhaler Finding and avoiding your possible triggers is also important. Sometreatments may have side effects. If you’re diagnosed with asthma, your healthcare professional will agree a personal asthma action plan with you. This could include information like: Your personal asthma action plan should be reviewed with your nurse, doctor or pharmacist at least once a year. If your symptoms are severe, it can be reviewed more regularly. Anti-inflammatory reliever (AIR) therapy involves using a combination inhaler containing 2 types of medicine. These are: You should only use your AIR inhaler if you experience asthma symptoms. A separate blue reliever inhaler is not needed. This treatment may be prescribed for children aged 12 and over. Asthma + Lung UK has further information on AIR therapy Maintenance and reliever therapy (MART) is an asthma treatment plan used for preventing and relieving symptoms. It involves using 1 combination inhaler rather than 2 separate preventer and reliever inhalers. MART inhalers can lower the risk of asthma symptoms and attacks by: You should use your MART inhaler every day to help prevent symptoms. A separate reliever inhaler is not needed. This treatment may be prescribed for children aged 5 and over. Asthma + Lung UK has further information on MART inhalers Preventer inhalers work over time to reduce the inflammation and sensitivity of your airways. They reduce the chances of asthma attacks. They should be used regularly every day as prescribed by your healthcare professional. Blue reliever inhalers help asthma symptoms quickly. They widen your airways, making it easier to breathe again. The medication will last for around 4 hours. You should never be given a blue reliever inhaler to use on it’s own. You should always have a preventer inhaler to treat your asthma. There is no recycling scheme available for used inhalers. You should return all your used or expired inhalers to yourcommunity pharmacyfor safe disposal. Spacers should be replaced each year if used regularly. Old spacers go into the household bin. Using your preventer inhaler correctly and keeping your symptoms under control is good for your health and the environment. Some inhalers have a lower carbon footprint and arebetter for the environmentthan others. The best inhaler is one that works well for you. Speak to your healthcare professional about whether lower global warming potential inhalers would be right for you. If your asthma isn’t controlled by using inhalers alone, you may be prescribed: If your asthma is still not under control, you may be prescribed a short course of oral steroid tablets or, more rarely, regular steroid tablets. This treatment should be monitored by a hospital asthma specialist. Long-term use of oral steroids has serious possible side effects, so they’re only used once other treatments have been tried. Your healthcare professional should talk about the risks and benefits with you. You should be given a steroid treatment card by your healthcare professional. Breathing exercises can improve symptoms and reduce the need for reliever medicines in some people. These include breathing exercises taught by a physiotherapist andyoga. Breathing and relaxation exercises"
Ataxia,people with ataxia often find they re falling over more or can t walk in a straight line other symptoms can include some people experience mild symptoms like slight balance problems other people have more severe symptoms and need help to carry out everyday tasks,"In most cases, ataxia is caused by damage to the cerebellum (a part of the brain). It can also be caused by damage to the spinal cord or nerves. The spinal cord is a long collection of nerves that runs down the spine connecting the brain to other parts of the body. The cerebellum is at the base of the brain and controls:",,"There is no cure for ataxia. If the underlying cause of your ataxia is known, this can sometimes be treated which can help improve symptoms or stop your ataxia getting worse. There are treatments available to help with the symptoms. It might be possible to improve your ataxia or stop it getting worse if the underlying cause is known and is treatable. The underlying cause might be treatable if you have: If acquired ataxia is caused by brain damage from a stroke or severe head injury, it might not be possible to treat the condition. There are treatments available to help with some of the symptoms."
Atopic eczema,atopic eczema causes areas of skin to become itchy dry cracked sore and red there will usually be periods where the symptoms improve followed by periods where they get worse flare ups flare ups may occur as often as 2 or 3 times a month atopic eczema can occur all over the body but is most common on the hands especially fingers the insides of the elbows or backs of the knees and the face and scalp in children the face is more commonly involved in adults the severity of atopic eczema can vary a lot from person to person people with mild eczema may only have small areas of dry skin that are occasionally itchy in more severe cases atopic eczema can cause widespread red inflamed skin all over the body and constant itching scratching can disrupt your sleep make your skin bleed and cause secondary infections it can also make itching worse and a cycle of itching and regular scratching may develop this can lead to sleepless nights and difficulty concentrating at school or work areas of skin affected by eczema may also turn temporarily darker or lighter after the condition has improved this is more noticeable in people with darker skin it s not a result of scarring or a side effect of steroid creams but more of a footprint of old inflammation and will eventually return to its normal colour,"The exact cause of atopic eczema is unknown, but it’s clear it’s not down to one single thing. It often occurs in people who getallergies– “atopic” means sensitivity to allergens. It can run in families, and often develops alongside other conditions, such asasthmaandhay fever. The symptoms of atopic eczema often have certain triggers, such as soaps, detergents, stress and the weather. Sometimesfood allergiescan play a part, especially in young children with severe eczema. Read more about thecauses of atopic eczema. Atopic eczema is likely to be caused by a combination of things. People with atopic eczema often have very dry skin because their skin is unable to retain much moisture. This dryness may make the skin more likely to react to certain triggers, causing it to become red and itchy. You may be born with an increased likelihood of developing atopic eczema because of the genes you inherit from your parents. Research has shown children who have 1 or both parents with atopic eczema, or who have other siblings with eczema, are more likely to develop it themselves. Atopic eczema is not infectious, so it cannot be passed on through close contact.",,"There is no cure for atopic eczema, but treatments can ease the symptoms. Many children find their symptoms naturally improve as they get older. The main treatments for atopic eczema are: Other treatments include topical pimecrolimus or tacrolimus for eczema in sensitive sites not responding to simpler treatment, antihistamines for severe itching, bandages or special body suits to allow the body to heal underneath, or more powerful treatments offered by a dermatologist (skin specialist). The various treatments for atopic eczema are outlined below."
Atrial fibrillation,some people with atrial fibrillation have no symptoms many will not even be aware that they have an irregular heartbeat sometimes it s only discovered during routine tests or investigations for another condition the most obvious symptom of atrial fibrillation ispalpitations palpitation is an awareness of your heartbeat for example your heart might feel like it s pounding fluttering or beating irregularly you may feel these sensations in your chest throat or neck you may feel that your heart is beating fast even when you re not exercising you may also experience,,,"Anticoagulantmedicines prevent harmful blood clots from forming. They are sometimes called blood thinners, but they do not actually thin the blood. Instead they increase the time it takes for your blood to form a clot. People with atrial fibrillation who are at risk of having astrokemay be prescribed anticoagulant medication. This is to reduce the risk of blood clots forming within the heart which can increase the risk of stroke. Other treatments for atrial fibrillation focus on controlling the rate and rhythm of the heart. They include: The kind of treatment you will need for atrial fibrillation will depend on:"
Attention deficit hyperactivity disorder (ADHD),symptoms of adhd tend to be noticed at an early age they may become more noticeable when a child s circumstances change like when they start school the main symptoms of adhd in children and teenagers are if you re an adult with adhd you may find that some people with adhd have problems with inattentiveness but not with hyperactivity or impulsiveness some people might have other conditions alongside adhd,The exact cause of ADHD isn’t fully understood. A combination of the following factors might be responsible:,,"Treatment for ADHD can help relieve the symptoms. ADHD can be treated using medication or therapy. A combination of both is often best. Treatment is usually arranged by a specialist, like a paediatrician or psychiatrist. Treatment of ADHD might include:"
Bacterial vaginosis,often there are no symptoms of bacterial vaginosis some women may notice a change in the normal discharge from the vagina this discharge will usually be white or grey thin or watery and have a strong unpleasant fishy smell this can be more noticeable during and after sex and during periods bacterial vaginosis does not usually cause itching or irritation,Bacteria called lactobacilli naturally live in your vagina and stop other bacteria from growing there. Sometimes the balance of these bacteria changes. If this happens you can develop bacterial vaginosis. Bacterial vaginosis can’t be passed on. But it’s more common in sexually active people. Other things that may increase the risk of getting it include:,,"Bacterial vaginosis is treated with antibiotics. Antibiotics must be prescribed by a doctor or nurse. You may be given an antibiotic cream or gel to use in your vagina, instead of antibiotic tablets by mouth. While you’re there, make sure you tell the doctor or nurse if you: These may affect the type of treatment you’re given. You can still have sex while being treated for bacterial vaginosis as it’s not sexually transmitted. However antibiotics and creams can affect condoms and other forms of contraception. Speak to your doctor or pharmacist who can give you further information. Partners do not usually need treatment. Non-antibiotic treatment is also available to buy inpharmacies."
Becker muscular dystrophy,the symptoms of becker md normally begin during childhood they re often mild to begin with a child with becker md might,"Becker muscular dystrophy is a type of sex linked (X-linked) muscular dystrophy. Males have one X and one Y chromosome (long threadlike structures of DNA). Females have two X chromosomes. A sex linked disorder is caused by a mutation in a gene on the X chromosome. As males only have one copy of each gene on the X chromosome, they’ll be affected if one of those genes is mutated. Because females have 2 copies of the X chromosome, they’re less likely to develop an X-linked condition. This is because the healthy copy of the chromosome can usually cover for (mask) the mutated version. This means that although females can still be affected by X-linked disorders, the symptoms are likely to be less severe.",,Treatment is available to help with many of the symptoms of Becker MD.
Benign prostate enlargement,the symptoms of benign prostate enlargement are caused by the enlarged prostate placing pressure on the bladder and urethra which carries urine from the bladder to the penis this can affect urination in a number of ways for example it can in the later stages benign prostate enlargement can cause urine retention and other complications such as bladder stones bladder infections and kidney damage you ll be asked to complete a questionnaire to assess your symptoms each question has 5 possible answers that carry a score and your overall score is used to assess the severity of your symptoms the checklist includes the following questions over the past month how often after your gp has assessed the severity your symptoms they ll aim to rule out other conditions with similar symptoms using certain tests,"The cause of prostate enlargement is unknown, but most experts agree that it’s linked to hormonal changes that occur as a man gets older. Read more about thecauses of benign prostate enlargement The exact cause of benign prostate enlargement is unknown, but research suggests that hormones probably play an important role in the condition’s development. Hormones are powerful chemicals that can have a wide range of effects on the cells of the body. One theory is that as some men and anyone with a prostate gets older, the levels of a type of hormone called dihydrotestosterone (DHT) increases, which may stimulate the growth of the prostate. Another theory suggests that two hormones, testosterone and oestrogen, play a role. Younger men and anyone with a prostate produce high levels of testosterone and much smaller levels of oestrogen. But as they get older, levels of testosterone decrease, which means they then have a higher proportion of oestrogen in their body. It’s been suggested that the relative increase in oestrogen may stimulate prostate growth.",,"The treatment for an enlarged prostate gland will depend on how severe your symptoms are. The 3 main treatments are: If your symptoms are mild to moderate, you may not receive any immediate medical treatment, but you’ll have regular check-ups to carefully monitor your prostate gland. This is often referred to as ‘watchful waiting’. You may also be advised to make lifestyle changes to see whether they improve your symptoms."
Bile duct cancer (cholangiocarcinoma),bile duct cancer doesn t usually cause any symptoms until the flow of bile from the liver is blocked in most cases the condition is at an advanced stage by this time the blockage will cause bile to move back into the blood and body tissue resulting in symptoms such as,"The exact cause of bile duct cancer is unknown, although some things can increase the risk of developing the condition. Cancer begins with a change (mutation) in the structure of the DNA in cells, which can affect how they grow. This means that cells grow and reproduce uncontrollably, producing a lump of tissue called a tumour. If left untreated, cancer can grow and spread to other parts of your body, either directly or through the blood and lymphatic system.",,"Cancer of the bile duct can usually only be cured if cancerous cells haven’t spread. If this is the case, some or all of the bile duct may be removed. Only a small proportion of bile duct cancer cases are diagnosed early enough to be suitable for surgery. This is because symptoms usually develop at a late stage. Despite this, treatment such aschemotherapycan relieve the symptoms of bile duct cancer and improve the quality of life of people in the advanced stages of the condition. Read more abouttreating bile duct cancer Most cases of bile duct cancer cannot be cured. Instead, treatment is most commonly used to relieve symptoms. Due to the rarity of bile duct cancer, you are likely to be referred to a specialist hepatobiliary unit with experience in treating the condition. A multidisciplinary team (MDT) made up of different specialists will help you decide on your treatment, but the final decision will be yours. Your MDT may include: Before going to hospital to discuss your treatment options, you may want to write a list of questions to ask the specialist. For example, you may want to find out the advantages and disadvantages of particular treatments. Your recommended treatment plan will be determined by your general health and thestage the cancer has reached. In cases of stage 1 and stage 2 bile duct cancer, a cure may be possible by surgically removing the affected part of the bile duct, and possibly some of the liver or gallbladder. In cases of stage 3 bile duct cancers, the chances of achieving a successful cure will depend on how many lymph nodes have been affected. A cure may be possible if only a few nodes have cancerous cells in them, or it may be possible to slow the spread of the cancer by surgically removing the lymph nodes. In cases of stage 4 bile duct cancer, achieving a successful cure is highly unlikely. However, stenting, chemotherapy, radiotherapy and surgery can often be used to help relieve the symptoms. Your treatment plan may also be different if you have intrahepatic bile duct cancer, as this is usually treated in a similar way to liver cancer. Read more abouttreating liver cancer. A number of experimental treatments may be available as part of a clinical trial. The treatments for bile duct cancer are not as effective as treatments for other types of cancer. Therefore, a number of clinical trials are being conducted to find better ways of treating the condition. For example, ongoing trials are looking at new combinations of chemotherapy medicines, which may help extend the lifespan of someone with bile duct cancer. Another promising field of research involves using targeted therapies to treat bile duct cancer. Targeted therapies are medications that target the processes that cancerous cells need to grow and reproduce. In studies for some cancers, a medication called sorafenib has proved reasonably effective. Sorafenib works by blocking a protein that cancerous cells need to create a blood supply. However, sorafenib is not currently used as a routine treatment for bile duct cancer. As bile duct cancer is a rare condition, there is a possibility you may be invited to take part in a clinical trial looking at the use of these types of experimental treatments. All clinical trials are carried out under strict ethical guidelines based on the principles of patient care. However, there is no guarantee that the treatment you receive during a clinical trial will be more effective, or even as effective, as existing treatments. Read more aboutclinical trials"
Binge eating disorder (BED),the main signs of bed are regularly speak to your gp practice if you re experiencing these symptoms and think you might have bed if you feel like you have to purge what you ve eaten after a binge to avoid gaining weight you may have symptoms ofbulimia nervosa if binges don t happen regularly and your weight is very low you may have symptoms ofanorexia nervosa,,,"There are treatments available for BED. Treatment does not directly focus on weight loss. It focuses on addressing things like relationships, feelings and thoughts that result in a person having a difficult relationship with food. Guided self-help is where you work through information and activities on your own. You’ll also have regular support sessions with a professional. Another treatment is cognitive behavioural therapy (CBT), either individually or as part of a group. CBT starts with the idea that thoughts, feelings, and behaviour are linked and affect one another. If problems in your life are causing you to binge eat, CBT helps you to reduce bingeing. It helps to identify the underlying issues so you’re less likely to binge in the future. It’ll focus on what’s keeping the eating disorder going rather than diet or weight loss. Learn more about talking therapies Interpersonal psychotherapy explores the link between relationships, feelings and eating behaviours. Children and young people might be offered Family Based Treatment (FBT). This involves the whole family in solving their child or young person’s eating disorder. During FBT parents and carers are an essential part of the solution and members of the treatment team. Medication is not recommended to treat BED but may be prescribed to treat other health conditions you might have alongside BED. Theeating disorders SIGN guidelinehas more information about treatment for eating disorders."
Bipolar disorder,symptoms of bipolar disorder depend on which mood you re experiencing during a period of depression you might feel you may also feel like you high moods in bipolar disorder can be severe called mania or mild called hypomania the manic period of bipolar disorder may make you feel it may also make you the pattern of mood swings in bipolar disorder varies widely between people for example some people have a few bipolar episodes in their lifetime and are stable in between others have many episodes you may have episodes of depression more often than episodes of mania or the other way around some people may also experience,It’s not known exactly what causes bipolar disorder. Many factors may work together to make you more vulnerable to it. This includes:,,Most people have a combination of treatments to manage bipolar disorder. This can include: Treatment aims to reduce the severity and number of bipolar episodes you have.
Bladder cancer,blood in your urine is the most common symptom of bladder cancer the medical name for this is haematuria and it s usually painless you may notice streaks of blood in your urine or the blood may turn your urine brown the blood isn t always noticeable and it may come and go less common symptoms of bladder cancer include if bladder cancer reaches an advanced stage and begins to spread symptoms can include,"Bladder cancer is caused by changes to the cells of the bladder. It’s often linked with exposure to certain chemicals, but the cause isn’t always known.",,"The treatment options for bladder cancer largely depend on how advanced the cancer is. Treatments usually differ between early stage, non-muscle-invasive bladder cancer and more advanced muscle-invasive bladder cancer."
Blood poisoning (sepsis),sepsis can cause a variety of symptoms early symptoms of sepsis may include in some cases symptoms of more severe sepsis orseptic shock when your blood pressure drops to a dangerously low level develop these can include,"The immune system usually keeps an infection limited to one place. This is called a localised infection. To do this, the body produces white blood cells. White blood cells travel to an infection site to destroy the germs causing the infection. This triggers tissue swelling, known as inflammation. This helps to fight the infection and prevent it from spreading. However, an infection can spread to other parts of the body if the immune system is weak or an infection is severe. Widespread inflammation can damage tissue and interfere with blood flow. When blood flow is interrupted, blood pressure can drop dangerously low. This stops oxygen from reaching the organs and tissues.","You’ll need emergency treatment, or treatment in an intensive care unit (ICU), if: ICUs can support body functions like breathing that are affected by sepsis. This allows the medical staff to focus on treating the infection. Sepsis is treatable if it’s identified and treated quickly. In most cases it leads to full recovery with no lasting problems.","Treatment for sepsis varies, depending on the: If you have the early signs of sepsis, you’ll usually be referred to hospital. You’ll then be given a diagnosis and treatment. If a source of the infection can be identified, like an abscess or infected wound, this will also need to be treated. For example, any pus may need to be drained away. In more serious cases, surgery may be needed to remove the infected tissue and repair any damage. You may require additional treatments like: These treatments are mostly used in ICUs."
Bone cancer,bone cancer can affect any bone but most cases develop in the long bones of the legs or upper arms the main symptoms include if you or your child are experiencing persistent severe or worsening bone pain visit your gp while it s highly unlikely to be the result of bone cancer it does require further investigation read more about thesymptoms of bone cancer bone pain is the most common symptom of bone cancer some people experience other symptoms as well some people also experience swelling and redness inflammation or notice a lump on or around the affected bone if the bone is near a joint the swelling may make it difficult to use the joint in some cases the cancer can weaken a bone causing it to break fracture easily after a minor injury orfall less common symptoms can include,"In most cases, it’s not known why a person develops bone cancer. You’re more at risk of developing it if you: Read more about thecauses of bone cancer Cancer occurs when the cells in a certain area of your body divide and multiply too rapidly. This produces a lump of tissue known as a tumour. The exact reason why this happens is often not known, but certain things can increase your chance of developing the condition, including:",,"Treatment for bone cancer depends on the type of bone cancer you have and how far it has spread. Most people have a combination of: In some cases of osteosarcoma, a medication called mifamurtide may also be recommended. Read more abouttreating bone cancer Previous exposure to high doses of radiation duringradiotherapymay cause cancerous changes in your bone cells at a later stage, although this risk is thought to be small. Treatment for bone cancer depends on the type of bone cancer you have, how far it has spread and your general health. The main treatments are surgery, chemotherapy and radiotherapy. Your treatment should be managed by a specialist centre with experience in treating bone cancer, where you’ll be cared for by a team of different healthcare professionals known as a multi-disciplinary team (MDT). Members of the MDT will include an orthopaedic surgeon (a surgeon who specialises in bone and joint surgery), a clinical oncologist (a specialist in the non-surgical treatment of cancer) and a specialist cancer nurse, among others. Your MDT will recommend what they think is the best treatment for you, but the final decision will be yours. Your recommended treatment plan may include a combination of: In some cases, a medication called mifamurtide may be recommended as well."
Bone cancer: Teenagers and young adults,bone cancer symptoms vary and not everyone will feel the same many symptoms are similar to everyday aches and pains so they can be mistaken for other things like strains sports injuries or growing pains the main symptoms are there might also be other symptoms including if you have any of these symptoms or you are worried that you may have a bone tumour you should get it checked by your gp they can talk to you about your symptoms and arrangetestsif they feel they re needed remember most people with these symptoms won t have bone cancer,"The cause of bone cancer is unknown. Because it’s more common in young people, doctors think that it may be linked to the changes that happen when bones are growing. There is lots of ongoing research into the possible causes. People often think a knock or injury might have caused bone cancer, but there’s no evidence for this. Remember that nothing you’ve done has caused the cancer.",,"The information on this page is about Ewing sarcoma and osteosarcoma. The 3 main treatments for bone cancer arechemotherapy, surgery andradiotherapy. Most people have a combination of these. Your doctors will plan your treatment based on: If you have any questions about your treatment, ask your doctor or nurse. They’ll be happy to help you understand what’s involved. You may be offered the opportunity to take part in a clinical research trial. These trials help doctors find new and better treatments for people with bone cancer. If your doctor thinks you are suitable for a clinical trial, they’ll discuss this with you. In this information we sometimes use the term ‘bone tumour’. This means the same as bone cancer. This information is about life after havingsurgery for bone cancer."
Bowel cancer,the 3 main symptoms of bowel cancer are however these symptoms are very common and most people with them do not have bowel cancer for example blood in the poo is more often caused byhaemorrhoids piles and a change in bowel habit abdominal pain is usually the result of something you have eaten as almost 9 out of 10 people with bowel cancer are over the age of 60 these symptoms are more important as people get older they are also more significant when they persist despite simple treatments most people who are eventually diagnosed with bowel cancer have one of the following combinations of symptoms the symptoms of bowel cancer can be subtle and don t necessarily make you feel ill the 3 main symptoms of bowel cancer are however these symptoms are very common blood in the poo is usually caused byhaemorrhoids piles a change in bowel habit or abdominal pain is often the result of something you have eaten in the uk an estimated 7 million people have blood in their poo each year even more people have temporary changes in their bowel habits and abdominal pain most people with these symptoms do not have bowel cancer as the vast majority of people with bowel cancer are over the age of 60 these symptoms are more important as people get older these symptoms are also more significant when they persist in spite of simple treatments most patients with bowel cancer present with one of the following symptom combinations the symptoms of bowel cancer can be subtle and don t necessarily make you feel ill,"Cancer occurs when the cells in a certain area of your body divide and multiply too rapidly. This produces a lump of tissue known as a tumour. Most cases of bowel cancer develop inside clumps of cells on the inner lining of the bowel first. These clumps are known aspolyps. However, if you develop polyps, it does not necessarily mean you will get bowel cancer. Exactly what causes cancer to develop inside the bowel is still unknown. However, research has shown several factors may make you more likely to develop it.",,"Bowel cancer can be treated using a combination of different treatments, depending on where the cancer is in your bowel and how far it has spread. The main treatments are: As with most types of cancer, the chances of a complete cure depends on how far it has advanced by the time it is diagnosed. Read more abouthow bowel cancer is treatedandliving with bowel cancer If colon cancer is at a very early stage, it may be possible to remove just a small piece of the lining of the colon wall. This is known as local excision. If the cancer spreads into muscles surrounding the colon, it will usually be necessary to remove an entire section of your colon. This is known as a colectomy. There are 2 ways a colectomy can be performed: During surgery, nearby lymph nodes are also removed. The ends of the bowel are usually joined together after bowel cancer surgery, but very occasionally this is not possible and a stoma is needed. Both open and laparoscopic colectomies are thought to be equally effective at removing cancer and have similar risks of complications. However, laparoscopic colectomies have the advantage of a faster recovery time and less pain after the operation. It’s becoming the routine way of doing most of these operations. Laparoscopic colectomies should be available in all hospitals that carry out bowel cancer surgery, although not all surgeons perform this type of surgery. Discuss your options with your surgeon to see if this method can be used. Biological treatments, including cetuximab, bevacizumab and panitumumab, are a newer type of medication. They are also known as monoclonal antibodies. Monoclonal antibodies are antibodies that have been genetically engineered in a laboratory. They target special proteins found on the surface of cancer cells, known as epidermal growth factor receptors (EGFR). As EGFRs help the cancer grow, targeting these proteins can help shrink tumours, and improve the effect and outcome of chemotherapy. Biological treatments are therefore usually used in combination with chemotherapy when the cancer has spread beyond the bowel (metastatic bowel cancer). These treatments are not available to everyone with bowel cancer. The National Institute for Health and Care Excellence (NICE) has specific criteria that need to be met before these can be prescribed. Cetuximab is only available on the NHS when: Cetuximab, bevacizumab and panitumumab are available on the NHS through a government scheme called the Cancer Drugs Fund. All these medications are also available privately, but are very expensive. Further information is available from:"
Bowel polyps,most people with polyps won t be aware of them as they produce no symptoms and are often discovered by accident however some larger polyps can cause,"Bowel polyps are caused by an abnormal production of cells. The lining of the bowel constantly renews itself, and a faulty gene can cause the cells in the bowel lining to grow more quickly. There may be a family tendency towards developing bowel polyps or bowel cancer.",,"There are several methods for treating polyps, but the most common procedure involves snaring the polyp during a colonoscopy. Snaring is like cutting the polyp off with cheese wire and is painless. Both of the above methods involve passing a flexible instrument called a colonoscope through your bottom and up into your bowel. The colonoscope has a wire with an electric current to either cauterise (burn off) or snare the polyp. In rare cases, polyps may need to be treated by surgically removing part of the bowel. This is usually only done when the polyp has some cell changes or is particularly large. After the polyp or polyps have been removed, they are sent to specialists in a laboratory, who will inform your consultant if: If there is a cancerous change in the polyp, you may need further treatment (depending on the degree and extent of change). Your specialist will be able to advise you on this."
Brain tumours: Children,symptoms will depend on the size of the tumour where it is and how it affects that part of the brain symptoms are caused by the pressure inside the head being higher than it should be a growing tumour may push normal brain out of the way or block the flow of fluid in the brain doctors call this raised intracranial pressure and it can cause symptoms such as brain tumours can also cause problems with balance and walking weakness down one side of the body or changes in behaviour some of these symptoms are common even without a brain tumour and this can cause confusion in the early stages,,,"Because there are different types of brain tumours, treatment will not be the same for everyone. The doctors will look at the type of brain tumour, its size and where it is in the brain before deciding on the best treatment. These are the main treatments used to treat brain tumours. Your child may have one treatment or a combination of treatments. Usually, a neurosurgeon will operate to remove as much of the tumour as possible. Operations can be very long. It’s not uncommon for these to be more than 6 or 8 hours. Sometimes, the fluid in and around the brain does not flow freely, as a result of the tumour or brain swelling. In this case, it may be necessary to place a fine tube (shunt) to drain excess fluid from the brain and into the lining of the tummy area (abdomen). You cannot see the shunt outside the body. Another way of treating this is to create another drainage route for the fluid around the obstruction (called a ventriculostomy). After the operation, your child may spend some time in an intensive care ward or high dependency unit, so the nurses and doctors can keep a very close eye on them. Once a diagnosis is known, a plan to treat any tumour left behind can be made. For benign tumours, there may be no further treatment, but for some, radiotherapy or chemotherapy will be required. Radiotherapy treats cancer by using high energy radiation beams. These are exactly the same as visible light, but instead of reflecting from the surface, the energy passes inside the body, where it causes damage to tumour cells. Radiotherapy is delivered extremely carefully, using machines linked to the MRI scans of your child’s brain. The process usually takes a few minutes each time, but often needs to continue for 5 or 6 weeks. Sometimes more specialised types of radiotherapy may be used. Your child’s oncologist will explain more about this. Chemotherapy uses drugs to get rid of cancer cells. Chemotherapy is given into the veins, and sometimes as a liquid or tablets by mouth. Treatment is often quite prolonged, with periods of time in hospital and gaps when you will be able to return home. This part of the treatment is planned by an oncologist. The specialist doctor and nurse will explain your child’s treatment and answer your questions so that you understand what is involved. Your child may need to take medicines for a while to reduce or control the symptoms of the brain tumour: These are medicines that reduce swelling and inflammation in the brain and can help with symptoms. These are medicines that help prevent fits, which can be a problem before or after operations on the brain. They may only be necessary for a short period, but sometimes are needed for longer. Your child’s doctor and specialist nurse will explain more about what to expect. Always let them know about any side effects your child is having. Many side effects can be well controlled or made easier. Both radiotherapy and chemotherapy can causehair loss. Your child’s hair will usually grow back again after chemotherapy, although it may not after radiotherapy. Tiredness is very common with both treatments and may continue for weeks after chemotherapy or radiotherapy finishes. Radiotherapy and chemotherapy may make your child feel sick. This can usually be controlled well with anti-sickness drugs, which the oncologist will prescribe for your child. Chemotherapy can increase the risk of infection. It’s important to contact the oncologist or specialist nurse straight away if your child has a temperature, any signs of infection or suddenly feels unwell. Radiotherapy can cause a mild form of sunburn. The skin may become red, flaky or sore if your child has fair skin and may become darker and flaky if your child has dark skin. You’ll be given advice on looking after the skin in the treated area. Trials aim to improve our understanding of the best way to treat an illness, usually by comparing the standard treatment with a new or modified version. It’s important to realise that a clinical trial is not an ‘experiment’, and your doctor will always offer you what is believed to be the best available treatment. Clinical trials are usually offered to explore ways of making new improvements to treatment, beyond what is already known. Specialist doctors carry out many trials for brain tumours. If appropriate, your child’s medical team will talk to you about taking part in a clinical trial, and will answer any questions you have. Written information is often provided to help explain things. Taking part in a research trial is completely voluntary, and you’ll be given plenty of time to decide if it is right for your child. You can also join a trial, and then withdraw if you change your mind at a later date. Sometimes, clinical trials are not available for your child’s tumour. This may be because a recent trial has just finished, or because the tumour is very rare. In these cases, you can expect your doctors and nurses to offer treatment which is agreed to be the most appropriate, using guidelines which have been prepared by experts across the country. TheChildren’s Cancer and Leukaemia Group(CCLG) is an important organisation which helps to produce these guidelines. After treatment is over, your child will be seen regularly by specialists. This is to check their progress and how well they’re recovering from treatment. It is also to check that they don’t have any long-term problems from treatment. You can contact your child’s specialist doctor or nurse at any time if you have any worries about their health. Sometimes treatments may cause possible long-term side effects that may develop later. Your child’s oncologist or specialist nurse will explain the possible risk of any long-term effects in your child’s situation. Children are monitored for any long-term problems following treatment so that they can be picked up and managed early on."
Brain tumours: Teenagers and young adults,this section on brain tumours is for teenagers and young adults the symptoms of a brain tumour depend on the size of the tumour and where it is the tumour can common symptoms of raised intracranial pressure are there s often a simple explanation for many of these symptoms but if you have any of these or if you re worried it s important to speak to your gp straight away,"The cause of most brain tumours is unknown. Research is looking into this all the time. Young people with rare genetic conditions that run in families, such as neurofibromatosis type 1 and neurofibromatosis type 2, have an increased chance of developing a brain tumour. Mobile phones, power lines and certain viruses have all been suggested as possible causes of brain tumours. There’s been a lot of research into these possible causes, especially mobile phones. But there has been no strong evidence for any of them. Remember – nothing you’ve done has caused the tumour.",,"This section on brain tumours is for teenagers and young adults. A team of specialists will plan your treatment. They will talk to you about the best treatment for you. It’s normal to have a combination of treatments, so you may be seen by different doctors, such as: You’ll usually see a specialist nurse who looks after people with conditions affecting the brain, or a specialist nurse for teenagers or young adults with cancer. If you have radiotherapy (X-ray treatment) you will be given this treatment by a radiographer. There are different types of brain tumours, so treatment won’t be the same for everyone. Your doctors look at the type of brain tumour you have, its size and where it is in the brain before deciding on the best treatment for you. The main treatments for brain tumours are: Your specialist doctor and nurse will explain your treatment and answer any questions you have. It’s important you understand what’s involved. You’ll probably need some time to talk it through with your family. As part of your treatment for a brain tumour you’ll probably be given drugs called steroids. You may also be given some anticonvulsant drugs to prevent fits. Steroids help reduce the swelling that often surrounds a brain tumour. Although they don’t treat the tumour itself, they can improve symptoms and make you feel better. Steroids are often given before and after surgery, and sometimes during or after radiotherapy and chemotherapy. It’s important to take steroids as your doctor tells you and not to suddenly stop them. If you take steroids for more than 2 weeks, it’s important to tell your doctor about them if you are unwell (for example an infection) over the next 6 months. This is because you may need an extra course of steroids. If you take steroids for some time, you may have some temporary side effects. These can include: Side effects can be hard to cope with, especially with all the other stuff you have to deal with. Remember – the side effects will gradually get better when the steroids are stopped, and in the meantime there are lots of people who can support you. Tumours in the brain can sometimes cause fits. Anticonvulsant drugs can help prevent them. You might be prescribed these before surgery, or to take on a more long-term basis. Your doctors will tell you about any side effects of these drugs. We also have more information about: If you’re looking for information about brain tumours in people of all ages, read our generalbrain tumourssection."
Breast cancer (female),the first symptom of breast cancer most women notice is a lump or an area of thickened tissue in their breast most breast lumps 90 aren t cancerous but it s always best to have them checked by your doctor you should speak to your gp if you notice any of the following breast pain alone isn t a symptom of breast cancer read further information,"The causes of breast cancer aren’t fully understood, making it difficult to say why one woman may develop breast cancer and another may not. However, there are risk factors that are known to affect your likelihood of developing breast cancer. Some of these you can’t do anything about, but there are some you can change.",,"Surgery is usually the first type of treatment for breast cancer. The type of surgery you undergo will depend on the type of breast cancer you have. Surgery is usually followed by chemotherapy or radiotherapy or, in some cases, hormone or biological treatments. Again, the treatment you’ll have will depend on your type of breast cancer. Your doctor will discuss the most suitable treatment plan with you. Chemotherapy or hormone therapy will sometimes be the first treatment. Some breast cancers are stimulated to grow by the hormones oestrogen or progesterone, which are found naturally in your body. These types of cancer are known as hormone-receptor-positive cancers. Hormone therapy works by lowering the levels of hormones in your body or by stopping their effects. The type of hormone therapy you’ll have will depend on the stage and grade of your cancer, which hormone it’s sensitive to, your age, whether you’ve experienced the menopause and what other type of treatment you’re having. You’ll probably have hormone therapy after surgery and chemotherapy, but it’s sometimes given before surgery to shrink a tumour, making it easier to remove. Hormone therapy may be used as the only treatment for breast cancer if your general health prevents you from having surgery, chemotherapy or radiotherapy. In most cases, you’ll need to take hormone therapy for up to five years after having surgery. If your breast cancer isn’t sensitive to hormones, hormone therapy will have no effect. Tamoxifen stops oestrogen from binding to oestrogen-receptor-positive cancer cells. It’s taken every day as a tablet or liquid. It can cause several side effects, including: If you’ve experienced the menopause, you may be offered an aromatase inhibitor. This type of medication works by blocking aromatase, a substance that helps produce oestrogen in the body after the menopause. Before the menopause, oestrogen is made by the ovaries. Three aromatase inhibitors may be offered. These are anastrozole, exemestane and letrozole. These are taken as a tablet once a day. Side effects include: In women who haven’t experienced the menopause, oestrogen is produced by the ovaries. Ovarian ablation or suppression stops the ovaries working and producing oestrogen. Ablation can be carried out using surgery or radiotherapy. It stops the ovaries working permanently and means you’ll experience the menopause early. Ovarian suppression involves using a medication called goserelin, which is a luteinising hormone-releasing hormone agonist (LHRHa). Your periods will stop while you’re taking it, although they should start again once your treatment is complete. If you’re approaching the menopause (around the age of 50), your periods may not start again after you stop taking goserelin. Goserelin is taken as an injection once a month and can cause menopausal side effects, including: Read further information about hormone therapy A diagnosis of breast cancer may change how you think about your body. All women react differently to the bodily changes that happen as a result of breast cancer treatment. Some women react positively, but others find it more difficult to cope. It’s important to give yourself time to come to terms with any changes to your body. Read further information: Although most cases of breast cancer occur in women over 50 who have experienced themenopause, some younger women have to cope with early menopause brought on by cancer treatment. Symptoms can include hot flushes, vaginal dryness andloss of sexual desire. Talk to your healthcare team about any symptoms you have and they’ll be able to help. Read further information: A breast prosthesis is an artificial breast, which can be worn inside your bra to replace the breast that’s been removed. Soon after a mastectomy, you’ll be given a lightweight foam breast to wear until the area affected by surgery or radiotherapy has healed. After it’s healed, you’ll be offered a silicone prosthesis. Prostheses come in many different shapes and sizes, and you should be able to find one that suits you. Read further information: If you didn’t have immediate breast reconstruction (carried out at the time of a mastectomy), you can have reconstruction later. This is called a delayed reconstruction. There are 2 main methods of breast reconstruction – reconstruction using your own tissue and reconstruction using an implant. The type that’s most suitable for you will depend on many factors, including the treatment you’ve had, any ongoing treatment and the size of your breasts. Talk to your healthcare team about which reconstruction is suitable for you. Read further information aboutbreast reconstruction If you have an increased risk of developing breast cancer, treatment is available to reduce your risk. Your level of risk is determined by factors such as your age, your family’s medical history and the results of genetic tests. You will usually be referred to a specialist genetics service if it’s thought you have an increased risk of breast cancer. Healthcare professionals working at these services should discuss treatment options with you. The 2 main treatments are surgery to remove the breasts (mastectomy) or medication. Amastectomyis surgery to remove the breasts. It can be used to treat breast cancer and reduce the chances of developing the condition in the small number of women from high-risk families. By removing as much breast tissue as possible, a mastectomy can reduce your risk of breast cancer by up to 90%. However, like all operations, there’s a risk of complications, and having your breasts removed can have a significant effect on your body image and sexual relationships. If you want to, you can usually choose to havebreast reconstructioneither during the mastectomy operation, or at a later date. During breast reconstruction surgery, your original breast shape is recreated using either breast implants or tissue from elsewhere in your body. An alternative is to use breast prostheses. These are artificial breasts that can be worn inside your bra. Read more aboutyour body and your breasts after treatment In 2013, theNational Institute for Health and Care Excellence (NICE)announced that 2 medications, called tamoxifen and raloxifene, would be available on the NHS for women who have an increased risk of developing breast cancer. Either tamoxifen or raloxifene can be used in women who’ve been through the menopause, but only tamoxifen should be used in women who haven’t. These medications may not be suitable if in the past you’ve had blood clots orwomb cancer, or if you have an increased risk of developing these problems in the future. Women who’ve already had a mastectomy to remove both breasts won’t be offered these medications, because their risk of developing breast cancer is very small. A course of treatment with tamoxifen or raloxifene will usually involve taking a tablet every day for 5 years. Raloxifene can cause side effects includingflu-like symptoms, hot flushes and leg cramps. Side effects of tamoxifen can include hot flushes and sweats, changes to your periods, and nausea and vomiting. Your chances of giving birth to a child with birth defects increase while you’re taking tamoxifen, so you’ll be advised to stop taking it at least 2 months before trying for a baby. The medication can also increase your risk of blood clots, so you should stop taking it 6 weeks before having any planned surgery. Tamoxifen and raloxifene aren’t currently licensed for the purpose of reducing the risk of breast cancer in women with an increased risk of developing the condition. However, they can still be used if you understand the benefits and risks, and your doctor believes the treatment will be helpful. Read further information:"
Breast cancer (male),the main symptom of breast cancer in men is a hard lump in one of your breasts the lump is almost always painless the lump is usually located underneath the nipple and areola the circle of dark coloured skin surrounding the nipple however the vast majority of breast lumps are caused by a condition calledgynaecomastia this is a common non cancerous condition where male breast tissue becomes enlarged less common symptoms of male breast cancer include additional symptoms usually only develop if the cancer spreads from the breast to other parts of the body such as the bones liver or lungs this is known as metastatic breast cancer symptoms of metastatic breast cancer include,"It’s not clear exactly what causes breast cancer in men, although a number of things can increase your risk of developing the condition.",,"Treatment for breast cancer in men largely depends on how far the cancer has spread. Most hospitals use multidisciplinary teams (MDTs) to treat men with breast cancer. These are teams of specialists who work together to make decisions about the best way to proceed with your treatment. Deciding which treatment is best for you can often be confusing. Your cancer team will recommend what they think is the ideal treatment option, but the final decision will be yours. Before visiting hospital to discuss your treatment options, you may find it useful to write a list of questions you’d like to ask the specialist. For example, you could ask about the advantages and disadvantages of particular treatments. Your recommended treatment plan depends on how far the cancer has spread. If the cancer hasn’t spread significantly beyond your breast, a complete cure may be possible. In these cases, surgery to remove the affected breast is usually recommended. This is often followed byradiotherapy, hormone therapy, orchemotherapyto help prevent the cancer returning. If the cancer has spread beyond your breast into other parts of your body, such as your lungs, a complete cure won’t be possible. However, hormone therapy and chemotherapy can be used to relieve symptoms and slow down the spread of the cancer. More information about these treatments can be found below."
Breathing problems in children,common symptoms of breathing problems in children include,"Most breathing problems in children are caused by viral and bacterial infections. Although respiratory infections are very common, not all breathing problems in children are caused by infections. Common causes of breathing problems in children include: Other causes of breathing problems in children can include:",,
Bronchiectasis,the most common symptoms of bronchiectasis include symptoms can vary from person to person they tend to get worse if you have an infection in your lungs,"The cause of bronchiectasis is not fully understood. Widened airways and increased risk of infection can be linked to: In most cases of bronchiectasis, no clear cause can be found. This is known as idiopathic bronchiectasis.",,"The damage caused to the lungs by bronchiectasis is permanent. But treatment can help your symptoms and stop the damage getting worse. The main treatments include: You should: Surgery for bronchiectasis is only in rare cases. It’s only used if other treatments haven’t worked, the damage to the lung is localised to one lobe, and you’re otherwise healthy. There are a range of exercises which can help to remove mucus from your lungs. These are known as airway clearance techniques. They can often help coughing and breathlessness. You can be referred to a physiotherapist who can teach you these techniques. Active cycle of breathing techniques (ACBT) involves you repeating a cycle made up of different steps. For example, a period of normal breathing, followed by deep breaths to loosen the mucus and force it up. Then you cough the mucus out. The cycle is then repeated for 20 to 30 minutes. Do not attempt ACBT if you haven’t first been taught the steps by a physiotherapist. Doing it incorrectly could damage your lungs. If you’re otherwise healthy, you’ll probably only need to do ACBT once or twice a day. If you develop a lung infection, you may need to do it more. Changing your position can also make it easier to remove mucus from your lungs. This is known as postural drainage. The steps are usually done with the help of a physiotherapist or carer. There are also handheld devices that can help to remove mucus from your lungs. Generally, they use a combination of vibrations and air pressure to make it easier to cough out any mucus. Examples of these devices include the Flutter, the RC cornet, the Acapella and the Aerobika. These devices aren’t always available on the NHS. You may have to pay for one yourself. In some cases, medications to make breathing or clearing your lungs easier may be prescribed. If you have very severe symptoms, you may be prescribedbronchodilatormedications. Bronchodilators are medications you breathe in. They help make breathing easier by relaxing the muscles in the lungs. Examples of this type of medication include: If your symptoms are getting worse because of infection, you’ll need to be treated withantibiotics. If you’re well enough to be treated at home, you’ll probably be prescribed 2 to 3 antibiotic tablets a day for 14 days. It’s important to finish the course even if you feel better. Recovering fully from a bronchiectasis exacerbation can take months. If your symptoms are more severe, you may need to go to hospital for antibiotic injections. If you have 3 or more infections in a year, or your symptoms during infection are very severe, you may be given antibiotics on a long-term basis. Occasionally, medication breathed in through a device called a nebuliser may be recommended. This makes it easier to clear your lungs. Nebulisers have: Different medications can be given using a nebuliser. For example, salt water solutions, which should only be used if prescribed by your healthcare professional. These medications help to reduce the thickness of your mucus so it’s easier to cough out. The medications used with a nebuliser can be provided on prescription. But the nebuliser device itself isn’t always available on the NHS. You may have to pay for a device, but only if it is advised for use by your healthcare professional."
Bronchitis,the main symptom is a hackingcough which may bring up yellow green mucus phlegm bronchitis may also cause,,,"In most cases, bronchitis will clear up by itself within a few weeks without needing treatment. This type of bronchitis is known as acute bronchitis. Your cough may last for several weeks after other symptoms have gone. You may also find that the continual coughing makes your chest and stomach muscles sore."
Bulimia nervosa,there are some common symptoms of bulimia nervosa you may experience some or all of these this includes for some people bingeing and purging might be a way of trying to cope with overwhelming feelings,,,"Before your treatment begins, it’s likely you’ll have an overall assessment of your health. Your GP or another healthcare professional will do this. The assessment will help your healthcare professional plan for your treatment and care. They may assess: For many people, guided self-help, based on a cognitive behavioural approach, can be an effective treatment for bulimia nervosa. Guided self-help is where you work through information and activities on your own. You’ll have regular support sessions. Activities can include things like worksheets and writing about difficult thoughts and feelings. Your GP may refer you for treatment to an eating disorder service. An eating disorder service will usually offer a structured programme of treatment which may include physical monitoring, dietetic advice and psychological treatment. Freed has more information aboutseeking help for an eating disorder. The main type of psychological treatment for bulimia nervosa is cognitive behavioural therapy (CBT). CBT starts with the idea that thoughts, feelings, and behaviour are linked and affect one another. CBT aims to improve your eating behaviours. It tries to help you see how the ways you think, affect how you feel, and what you do. One alternative to CBT is interpersonal psychotherapy (IPT). IPT explores the way your relationships with people close to you impact the way you feel and how to improve these relationships. Other psychological therapies include: The psychological therapies matrix for Bulimia Nervosaexplains what therapies are most likely to help you based on your needs and the current evidence. Learn more about talking therapies Family Based Treatment (FBT) involves the whole family in solving their child or young person’s eating disorder. During FBT parents and carers are an essential part of the solution and members of the treatment team. CBT may also be used. It can be tailored for young people experiencing bulimia nervosa. If these treatments are not suitable thenpsychodynamic psychotherapymight be offered. This helps you understand how your current feelings and behaviour are shaped by your past experiences. Antidepressants likeselective serotonin reuptake inhibitors (SSRIs)may be used to treat bulimia. They can reduce the urges to binge and purge and improve how you feel. The medication will usually take several weeks before it starts to work. You’ll usually start on a low dose. The dose will gradually increase as your body adjusts to the medicine. Very few types of medication are recommended for children and young people below the age of 16. Recovery from bulimia nervosa can take a long time but treatments are effective for many people. Symptoms may return after treatment. This is often called a relapse, and is more likely during times of stress. If relapse happens, the approach to getting treatment is the same. The first step is to go to your GP. Using the strategies you found useful before are likely to be helpful."
Bunion (hallux valgus),bunions can cause,The exact cause of bunions is unknown. Contributing factors can be:,,"Wearing the right footwear is one of the best things you can do to help. Choose well fitting shoes. Ones with laces or an adjustable strap are best as they can adjust to the width of your foot. Avoid wearing high-heeled, pointed or tight shoes. It may be helpful to use insoles and toe spacers to provide support for your foot or reduce pressure between your toes. You may see bunion padding available. The repeated use of sticky padding can cause skin irritation so is not recommended as a regular solution. Pain medication can help you move more comfortably, which can help with the management of this condition. More about taking painkillers It can be helpful to do exercises to strengthen the muscles in the foot. This can help in the management of the condition Read about exercises for foot pain"
Carcinoid syndrome and carcinoid tumours,in the early stages of having a carcinoid tumour you may not have any symptoms you may also not have symptoms if the tumour is just in your digestive system as any hormones it produces will be broken down by your liver if symptoms do develop they tend to be fairly general and can be easily mistaken for signs of other illnesses symptoms may result from both the tumour itself and from any hormones it releases into the bloodstream symptoms will depend on where in the body the tumour develops some tumours may not cause any symptoms and are discovered by chance for example an appendix carcinoid tumour may only be found when the appendix is being removed for another reason typical symptoms of carcinoid syndrome include these symptoms may come on unexpectedly as the hormones can be produced by the tumour at any time some people may also develop carcinoid heart disease where the heart valves thicken and stop working properly there is also a risk of developing a rare but serious reaction called a carcinoid crisis which involves severe flushing breathlessness and a drop in blood pressure,"It’s not known exactly why carcinoid tumours develop, but it’s thought that most occur by chance. Your chances of developing a carcinoid tumour may be increased if you have:",,"If the tumour is caught early, it may be possible to completely remove it and cure the cancer altogether. Otherwise, surgeons will remove as much of the tumour as possible (debulking). If the tumour cannot be removed, but it’s not growing or causing symptoms, you may not need treatment straight away – it might just be carefully monitored. If it’s causing symptoms, you may be offered one of the following treatments: Symptoms of carcinoid syndrome can be treated with injections of octreotide and lanreotide. You may also be given medication to widen your airways (to relieve wheezing and breathlessness) and anti-diarrhoea medication."
Catarrh,catarrh can lead to a these problems can be frustrating to live with they may affect your sleep making you feel tired,"Catarrh is usually caused by the immune system reacting to an infection or irritation. This causes the lining of your nose and throat to become swollen and produce mucus. This can be triggered by: Treating the underlying condition, if you have one, may help your catarrh. It’s unclear what causes chronic catarrh, but it’s often the result of an allergy or infection. It may be linked to an:",,Catarrh will often pass in a few days or weeks. You can ask a pharmacist for:
Cellulitis,cellulitis causes an area of skin to suddenly become it most often affects the lower legs but can happen anywhere,"Cellulitis is usually caused by a bacterial infection. The bacteria can infect the deeper layers of your skin if it’s broken. For example, because of an insect bite or cut or if it’s cracked and dry. The break in the skin may be so small it’s not noticeable. You can’t catch cellulitis from another person as it affects the deeper layers of the skin.",,"You’ll usually be prescribedantibioticsfor mild cellulitis on a small area of skin. You’ll usually need to take these for a week. Your symptoms may get worse in the first 48 hours after treatment starts. This should start to improve soon afterwards. Contact your GP practice if you don’t start to feel better 2 to 3 days after starting antibiotics. It’s important to keep taking antibiotics until they’re finished, even when you feel better. Most people make a full recovery after 7 to 10 days. If cellulitis is severe, you might be referred to hospital for treatment."
Cerebral palsy,the symptoms of cerebral palsy can vary from person to person and are dependent on the type of brain injury or abnormality someone with cerebral palsy may a person with cerebral palsy may have secondary symptoms these are caused by the impact of the condition on their body rather than directly by cerebral palsy these can include,"Cerebral palsy is caused by damage to the brain during pregnancy, birth or early development. There are some things that can increase the risk of a child developing cerebral palsy. These include: It’s not always possible to tell why a child has developed cerebral palsy.",,
Cervical cancer,the symptoms of cervical cancer aren t always obvious and it may not cause any symptoms at all until it s reached an advanced stage this is why it s very important that you attend all of yourcervical screeningappointments other symptoms of cervical cancer may include pain and discomfort during sex and an unpleasant smelling vaginal discharge,"Almost all cases of cervical cancer are caused by the human papilloma virus (HPV). HPV is a very common virus that can be passed on through any type of sexual contact with a man or a woman. There are more than 100 different types of HPV, many of which are harmless. However, some types of HPV can cause abnormal changes to the cells of the cervix, which can eventually lead to cervical cancer. Two strains of the HPV virus (HPV 16 and HPV 18) are known to be responsible for 70% of all cases of cervical cancer. These types of HPV infection don’t have any symptoms, so many women won’t realise they have the infection. However, it’s important to be aware that these infections are relatively common and most women who have them don’t develop cervical cancer. Usingcondomsduring sex offers some protection against HPV, but it can’t always prevent infection, because the virus is also spread through skin-to-skin contact of the wider genital area. Since 2008, aHPV vaccinehas been routinely offered to girls aged 12 and 13. Read more about thecauses of cervical cancerandpreventing cervical cancer In almost all cases, cervical cancer is the result of a change in cell DNA caused by the human papilloma virus (HPV). Cancer begins with a change in the structure of the DNA that’s present in all human cells. DNA provides the cells with a basic set of instructions, including when to grow and reproduce. A change in the DNA’s structure is known as a mutation. It can alter the instructions that control cell growth, which means the cells continue growing instead of stopping when they should. If the cells reproduce uncontrollably, they produce a lump of tissue called a tumour.",,"Treatment for cervical cancer depends on how far the cancer has spread. As cancer treatments are often complex, hospitals use multidisciplinary teams (MDTs) to treat cervical cancer and tailor the treatment programme to the individual. MDTs are made up of a number of different specialists who work together to make decisions about the best way to proceed with your treatment. Your cancer team will recommend what they think the best treatment options are, but the final decision will be yours. In most cases, the recommendations will be: The prospect of a complete cure is good for cervical cancer diagnosed at an early stage, although the chances of a complete cure decrease the further the cancer has spread. In cases where cervical cancer isn’t curable, it’s often possible to slow its progression, prolong lifespan and relieve any associated symptoms, such as pain and vaginal bleeding. This is known aspalliative care."
Cervical spondylosis,symptoms caused by cervical spondylosis can change from day to day they can include,,,"Being diagnosed with cervical spondylosis does not necessarily mean you will have permanent neck pain. There are lots things you can do to help your symptoms. Gentle exercises can help keep your neck moving. Exercises increase the blood flow to the tissues and helps with healing. Exercises may be uncomfortable to start but they are safe to do. They’ll become much easier as you get movement back. Its known that being afraid of moving can worsen your pain. Any movement can be helpful. Read more about exercises for cervical spondylosis Pain medication can help you move more comfortably, which can help manage your symptoms. More about taking painkillers Using heat or ice on your neck can help reduce symptoms. Use a barrier, like a towel, to protect your skin from a burn. Never place heat or ice directly on your skin. Leave a few hours between treatments. How to avoid hot water bottle burns and scalds – Care of Burns in Scotland If you have any issues with circulation or sensation, you shouldn’t use heat or ice as a treatment for neck pain. Things that you do day-to-day can impact your pain levels. Lifestyle advice includes:"
Chest and rib injury,rib and chest injuries can cause a range of symptoms including it s typical with this type of injury to have increased pain when,,,
Chest infection,the main symptoms of a chest infection can include you may also experience more general symptoms of an infection such as aheadache fatigue sweating loss of appetite or joint and muscle pain many chest infections aren t serious and get better within a few days or weeks you won t usually need to see your gp unless your symptoms suggest you have a more serious infection while you recover at home there are things you can do to improve your symptoms avoid cough medicines as there s little evidence they work coughing actually helps you clear the infection more quickly by getting rid of the phlegm from your lungs antibioticsaren t recommended for many chest infections because they only work if the infection is caused by bacteria rather than a virus your gp will usually only prescribe antibiotics if they think you have pneumonia or you re at risk of complications such as fluid building up around the lungs pleurisy if there s a flu outbreak in your local area and you re at risk of serious infection your gp may also prescribe antiviral medication read more abouttreating bronchitisandtreating pneumonia,"A chest infection is an infection of the lungs or airways. The main types of chest infection arebronchitisandpneumonia. Most bronchitis cases are caused by viruses, whereas most pneumonia cases are due to bacteria. These infections are usually spread when an infected person coughs or sneezes. This launches tiny droplets of fluid containing the virus or bacteria into the air, where they can be breathed in by others. The infections can also be spread to others if you cough or sneeze onto your hand, an object or a surface, and someone else shakes your hand or touches those surfaces before touching their mouth or nose. Certain groups of people have a higher risk of developing serious chest infections, such as: Read more about thecauses of bronchitisand thecauses of pneumonia",,
Chickenpox,chickenpox causes a rash of red itchy spots that turn into fluid filledblisters they then crust over to form scabs which eventually drop off the spots normally appear in clusters and tend to be but the spots can be anywhere on the body including the rash starts as small itchy red spots these develop ablisteron top and become very itchy after about 12 to 14 hours after a day or two the fluid in the blisters gets cloudy and they begin to dry out and crust over after 1 to 2 weeks the crusting skin will fall off naturally new spots can keep appearing in waves for 3 to 5 days after the rash begins so different groups of spots may be at different stages of blistering or drying out before the rash appears you or your child may have some mildflu like symptoms including these symptoms especially the fever tend to be more common and worse in adults than in children for most children chickenpox is a mild illness that gets better on its own chickenpox tends to be more severe in adults than children adults have a higher risk of developing complications,"Chickenpox (known medically as varicella) is caused by a virus called the varicella-zoster virus. It’s spread quickly and easily from someone who is infected. Chickenpox is most common in children under the age of 10. Children usually catch chickenpox in winter and spring, particularly between March and May.",,"There is no treatment for chickenpox. But, you can get remedies from your pharmacy that can help symptoms. These include: In most children, the blisters crust up and fall off naturally within 1 to 2 weeks. Adults with chickenpox may be helped by taking antiviral medicine if its diagnosed early enough."
Chilblains,chilblains most often affect the body s extremities such as the toes fingers heels ears and nose they usually develop several hours after being in the cold symptoms of chilblains include,"Chilblains are caused by an abnormal reaction to the cold. They’re common in the UK because the weather is damp and cold in the winter. Some people develop chilblains that last for several months every winter. When the skin is cold, blood vessels near its surface get narrower. If the skin is then exposed to heat, the blood vessels become wider. If this happens too quickly, blood vessels near the surface of the skin can’t always handle the increased blood flow. Blood can leak into the surrounding tissue, which may cause the swelling and itchiness of chilblains. Some people are more at risk of chilblains than others. This includes people with: People who smoke are more at risk of chilblains as nicotine constricts blood vessels. Chilblains can also occur on areas of the feet exposed to pressure. For example, abunionor a toe that’s squeezed by tight shoes.",,"Chilblains often get better on their own without treatment. A soothing lotion, such as calamine or witch hazel, can help relieve itching. A pharmacist can give you advice about the right product for you. If your chilblains are severe and keep returning, your GP may prescribe a medication called nifedipine. You take nifedipine as a daily tablet or capsule. It works by relaxing the blood vessels, improving your circulation. Nifedipine can help existing chilblains heal, or can be taken to stop them developing."
Chlamydia,most people with chlamydia don t notice any symptoms and don t know they have it so it s important to get tested if you think you re infected if you do get symptoms it s usually 1 to 3 weeks after having unprotected sex some people don t get symptoms until months later if you do develop symptoms you may experience sometimes symptoms can disappear after a few days even if symptoms go away you may still have the infection and could pass it on,,,"Antibiotics will treat the chlamydia infection. You should avoid having sex until 1 week after you and your partner(s) have been treated. This includes oral sex and sex using a condom. If chlamydia is left untreated you may pass it on to other sexual partners. If chlamydia is left untreated in women, it can spread to the womb and cause a serious condition calledpelvic inflammatory disease (PID). This is a major cause ofectopic pregnancyand infertility in women. If men are not treated, the infection may spread to the testicles and cause discomfort. This could affect your fertility."
Chronic fatigue syndrome,the symptoms of me cfs can be different for everyone there may be times when your symptoms improve and you ll be able to do some everyday activities at other times symptoms may get worse affecting your daily life not everyone will experience all of the symptoms if you experience new symptoms talk to your gp or specialist as the new symptoms may be unrelated to me cfs if you have periods you may find your symptoms get worse at different times during your menstrual cycle there are 4 main symptoms of me cfs me cfs can cause debilitating fatigue that is post exertional malaise pem is where symptoms get worse even after little physical or mental activity if you have pem you might find symptoms get worse hours or days after the activity you might find your symptoms are not in proportion to the amount of activity that has been done it can take a long time to recover from pem the symptoms might last hours days weeks or longer you might wake up feeling unrefreshed after sleep you might also experience sleep disturbance you might me cfs can cause cognitive difficulties sometimes described as brain fog this can include simple physical or mental activities or combinations of activities can leave people with me cfs feeling completely exhausted it can also lead to an increase in other symptoms through pem other symptoms of me cfs include you might experience frustration anxiety low mood anddepressionbecause of the impact of the condition on your life this does not mean that me cfs is a mental health condition read more about the symptoms of me cfs,"Further research is needed to confirm what causes ME/CFS. There might be various factors involved and there may be a number of different types. ME/CFS may appear suddenly or more slowly over time. It may be triggered by: In some cases, there may be no identifiable trigger.",,"Although there’s no cure for ME/CFS, there are ways to help manage your symptoms. Because of the complexity of the illness different things work for different people. Your GP may be able to support you through managing your individual symptoms. To decide what treatment is right for you, you should look at the evidence, including published research and patient surveys. Make sure you fully understand what the treatment involves before you make a decision. You have the right to decline any treatment option you do not feel comfortable with. Your GP may suggest some of the following treatment options."
Chronic kidney disease,the main symptoms of advanced kidney disease include read more about thesymptoms of chronic kidney disease most people with ckd have no symptoms because the body can tolerate even a large reduction in kidney function in other words we are born with a lot more kidney function than is necessary for survival kidney function is often sufficient if only 1 kidney is working that is why people can give a kidney to someone needing a kidney transplant a change in kidney function is usually discovered through a routine blood or urine test if you are diagnosed with kidney disease your kidney function will be monitored with regular blood and urine tests and treatment aims to keep any symptoms to a minimum if the kidneys continue to lose function and there is progression towards kidney failure established renal failure or erf this will usually be tracked by blood tests and monitoring if kidney failure does occur the symptoms may include these are general symptoms and can be caused by many less serious conditions many of the symptoms above can be avoided if treatment begins at an early stage before any symptoms appear if you are worried by any of these symptoms arrange to see your gp,"Kidney disease is most often caused by other conditions that put a strain on the kidneys. High blood pressure(hypertension) anddiabetesare the most common causes of kidney disease. There are many other conditions that less commonly cause CKD, including:",,"There is no cure for chronic kidney disease, although treatment can slow or halt the progression of the disease and can prevent other serious conditions developing. People with CKD are known to have an increased risk of a heart attack because of changes that occur to the circulation. In a minority of people, CKD may cause kidney failure, also known as established renal failure (ERF) or end-stage kidney disease. In this situation, the usual functions of the kidney stop working. To survive, people with ERF may need to have artificial kidney treatment, calleddialysis, or a kidney transplant. Read more abouttreating chronic kidney disease A kidney transplant from a living donor can be planned to avoid or reduce the time someone is on dialysis. This can offer a better long term outcome for the person receiving the organ. There are 2 types of living kidney donation: Further information about living donation. Many people with kidney failure can continue with treatment using medicines and will have good-functioning kidneys for the rest of their lives. In a few people, kidney disease will progress to the stage where the kidneys stop working and it becomes life threatening. This is called kidney failure or established renal failure (ERF). This rarely happens suddenly, and there will be time to plan the next stage of your condition. The decision whether to have dialysis, a kidney transplant or supportive treatment should be discussed with your healthcare team. Read more aboutdialysisand kidney transplants. If you decide not to have dialysis or a transplant for kidney failure, or they are not suitable for you, you will be offered supportive treatment. This is also called palliative care. The aim is to treat and control the symptoms of kidney failure without using dialysis or transplantation. Supportive treatment includes medical, psychological and practical care for both the person with kidney failure and their family, including discussion about how you feel andplanning for the end of life. Many people choose supportive treatment because they: If you choose to have supportive treatment, your kidney unit will still look after you. Doctors and nurses will make sure you receive: Read more information:"
Chronic lymphocytic leukaemia,cll doesn t usually cause any symptoms early on and may only be picked up during ablood testcarried out for another reason when symptoms develop they may include you should speak to your gp if you have any persistent or worrying symptoms these symptoms can have other causes other than cancer but it s a good idea to get them checked out read more aboutdiagnosing cllandcomplications of cll,"It’s not clear what causes CLL. There’s no proven link withradiationor chemical exposure, diet or infections. You can’t catch it from anyone else or pass it on. However, having certain genes can increase your chances of developing CLL. You may be at a slightly higher risk of it if you have a close family member with it, although this risk is still small. It’s not known what causes most cases of leukaemia. However, there are many risk factors that are known to increase your chances of getting chronic lymphocytic leukaemia. Risk factors for chronic lymphocytic leukaemia include:",,"As CLL progresses slowly and often has no symptoms at first, you may not need to be treated immediately. If it’s caught early on, you’ll have regular check-ups over the following months or years to see if it’s getting any worse. If CLL starts to cause symptoms, or isn’t diagnosed until later on, the main treatments are: Treatment can’t usually cure CLL completely, but can slow its progression and lead to periods where there are no symptoms. Treatment may be repeated if the condition comes back. Read more abouttreating CLL. Treatment for chronic lymphocytic leukaemia (CLL) largely depends on what stage the condition is at when it’s diagnosed. You may just need to be monitored at first if it’s caught early on.Chemotherapyis the main treatment if it’s more advanced. Treatment can often help keep CLL under control for many years. It may go away after treatment initially (known as remission), but will usually come back (relapse) a few months or years later and may need to be treated again. There are also a number of other treatments that are sometimes used to help treat some of the problems caused by CLL, particularly if you can’t have chemotherapy or it doesn’t work. These include: You may also need additional treatment for anycomplications of CLLthat develop. As many of the treatments for CLL can have unpleasant side effects that may affect your quality of life, you may decide against having a particular type of treatment. This is entirely your decision and your treatment team will respect any decision you make. You won’t be rushed into deciding about your treatment, and before making a decision you can talk to your doctor, partner, family and friends. Pain relief and nursing care will still be available as and when you need it."
Chronic myeloid leukaemia,in its early stages chronic myeloid leukaemia usually causes no noticeable symptoms and it is often diagnosed during tests for a different condition when symptoms do develop they are similar to those of many other illnesses and can include chronic myeloid leukaemia can also cause swelling in your spleen an organ that helps to filter impurities from your blood this can cause a lump to appear on the left side of your abdomen which may be painful when touched a swollen spleen can also put pressure on your stomach causing a lack of appetite and indigestion the symptoms of chronic myeloid leukaemia in its advanced stage will be much more noticeable and troublesome they include,"Chronic myeloid leukaemia is caused by a DNA mutation in the stem cells which produce white blood cells. The change in the DNA causes the stem cells to produce more white blood cells than are needed. They are also released from the bone marrow before they are mature and able to fight infection like healthy ‘adult’ white blood cells. As the number of immature cells increases, the number of healthy red blood cells and platelets fall, and it’s this fall which causes many of the symptoms of chronic leukaemia.","In its early stages, chronic myeloid leukaemia usually causes no noticeable symptoms. As the condition develops, symptoms include: Read more about thesymptoms of chronic myeloid leukaemia","Imatinib tablets are usually given as soon as you have been diagnosed with chronic myeloid leukaemia, to slow its progression. These tablets are taken every day for life, and most patients do really well on them. The aim of treatment is to achieve the following: Chemotherapyis usually offered if the cancer reaches an advanced stage. A medicine called imatinib is the main treatment recommended for chronic myeloid leukaemia. It is usually given as soon as a diagnosis is made because the medicine is designed to slow the progression of the cancer and to prevent the condition reaching the accelerated or advanced phase. Imatinib is a type of tyrosine kinase inhibitor. This means it blocks a protein called tyrosine kinase (tyrosine kinase helps to stimulate the growth of cancer cells). This reduces the production of abnormal white blood cells. Imatinib is taken as a tablet. The side effects of imatinib are usually mild and should improve with time. They include: It is estimated that 10 to 40% of people who take imatinib become resistant to its effects, so an alternative treatment is required. The National Institute for Health and Care Excellence (NICE) has recommended nilotinib for the treatment of chronic myeloid leukaemia that is resistant or intolerant to imatinib. In some cases, nilotinib is recommended as the first treatment. Nilotinib works in a similar way to imatinib in that it blocks the effects of proteins that help stimulate the growth of cancer cells. Side effects of nilotinib can include: If the side effects become particularly troublesome, temporarily stopping the treatment usually helps to bring them under control. Treatment can then be resumed, possibly using a lower dose of medication. Read about thecomplications of chronic myeloid leukaemiafor more information and advice about being vulnerable to infection and bleeding. Once chronic myeloid leukaemia has progressed to a more advanced stage, chemotherapy is the next treatment. Chemotherapy tablets are usually used first because they have fewer and milder side effects than chemotherapy injections. Side effects include: Chemotherapy can weaken your immune system, which helps protect you against infection. This is known as being immunocompromised. Readchronic leukaemia complicationsfor more information about this. If your symptoms persist or get worse, chemotherapy injections (intravenous chemotherapy) will need to be used. Intravenous chemotherapy causes more side effects than chemotherapy tablets and they tend to be more severe. Side effects include: These side effects should resolve after your treatment has finished, although there is a risk that infertility could be permanent. A bone marrow transplant can offer a cure for chronic leukaemia, although it is only suitable and necessary for some patients. Before transplantation can take place, the person receiving the transplant has to have aggressive, high-dose chemotherapy and radiotherapy to destroy any cancerous cells in their body. This can put enormous strain on the body and can cause significant side effects and potential complications. Transplantations have better outcomes if the donor has the same tissue type as the person who is receiving the donation. The best candidate to provide a donation is usually a brother or sister with the same tissue type. Due to these issues, transplantations are usually only successful when they are carried out in children and young people, or older people in good health, and there is a suitable brother or sister who can provide a donation. In most cases of chronic leukaemia, the potential risks of transplantation far outweigh any benefit. However, your specific circumstances may mean that the benefits of treatment outweigh the risks. Read more aboutbone marrow transplants"
Chronic pancreatitis,the most common symptom of chronic pancreatitis is repeated episodes of abdominal tummy pain eventually there may also be digestion problems the pain usually develops in the middle or left side of the abdomen and can sometimes travel along your back it s been described as a burning or shooting pain which comes and goes but can last for several hours or days in some cases some people also experience symptoms ofnausea and vomitingduring the pain as chronic pancreatitis progresses the painful episodes may become more frequent and severe although the pain sometimes occurs after eating a meal there s often no trigger eventually a constant mild to moderate pain can develop in the abdomen in between episodes of severe pain this is most common in people who continue to drink alcohol after being diagnosed with chronic pancreatitis some people whostop drinking alcoholandstop smokingmay experience a reduction in the severity of their pain,"Most cases of chronic pancreatitis are associated with drinking excessive amounts of alcohol over a long period of time. However, in up to 3 out of 10 people with the condition, the cause can’t be identified – known as ‘idiopathic’ chronic pancreatitis. Several other rare causes of chronic pancreatitis have also been identified, including:",,"In most cases of chronic pancreatitis, there’s no specific treatment to reduce the inflammation and repair the damage to the pancreas. Treatment mainly focuses on lifestyle changes and medication to relieve the pain. Surgery is sometimes needed to treat severe chronic pain that doesn’t respond to painkillers. However, the pain can be difficult to treat and can seriously affect your quality of life. People who don’t smoke cigarettes and avoid drinking alcohol tend to experience less pain and live longer than those who continue to drink and smoke after receiving a diagnosis. Read more abouttreating chronic pancreatitis. Treatment for chronic pancreatitis aims to help control the condition and reduce any symptoms."
Cirrhosis,there are usually few symptoms in the early stages of cirrhosis however as your liver loses its ability to function properly you re likely to experience a loss of appetite nausea and itchy skin in the later stages symptoms can include jaundice vomiting blood dark tarry looking stools and a build up of fluid in the legs oedema and abdomen ascites read more about the symptoms of cirrhosis there are usually few symptoms during the early stages of cirrhosis noticeable problems tend to develop as the liver becomes more damaged in early stage cirrhosis the liver is able to function properly despite being damaged as the condition progresses symptoms tend to develop when functions of the liver are affected symptoms of cirrhosis can include you may also notice changes in your personality problems sleeping insomnia memory loss confusion and difficulty concentrating this is known as encephalopathy and occurs when toxins affect your brain because your liver is unable to remove them from your body in the later stages of cirrhosis you may vomit blood or have tarry black stools this is because blood can t flow through the liver properly which causes an increase in blood pressure in the vein that carries blood from the gut to the liver portal vein the increase in blood pressure forces blood through smaller fragile vessels that line your stomach and gullet varices these can burst under high blood pressure leading to internal bleeding which is visible in vomit and or stools over time the toxins that would normally be removed from the body by a healthy liver can cause multiple organ failure followed by death a number of treatments can ease the symptoms of cirrhosis including,"In the UK, the most common causes of cirrhosis are: NASH is on the rise in the UK, due to increasing levels ofobesityand reduced physical activity. It’s likely that it will overtake alcohol and hepatitis C as the most common cause of cirrhosis. Less common causes of cirrhosis includehepatitis Binfection and inherited liver diseases, such as haemochromatosis. Read more about thecauses of cirrhosis. There are many different causes of cirrhosis. In the UK, the most common causes are drinking excessive amounts of alcohol and long-term hepatitis C infections. In some cases, no specific cause is identified. There are a number of other conditions that can prevent the liver functioning healthily and can lead to cirrhosis. These include: Less commonly, the use of certain medications, such as amiodarone and methotrexate, can also cause cirrhosis.",,"Cirrhosis can’t be cured, so treatment aims to manage the symptoms and any complications and stop the condition getting worse. It’s usually not possible to reverse liver damage that’s already occurred, although recent research suggests this may eventually be possible in cases where the underlying cause of the liver damage can be successfully treated. Treatment is likely to take place at a hospital with a specialist hepatology unit, which treats disorders of the liver, gall bladder and biliary ducts."
Clostridium difficile,symptoms of a c difficile infection usually develop when you re taking antibiotics or when you ve finished taking them within the last few weeks the most common symptoms are in some cases serious complications can develop such as damage to the bowel or severe dehydration which may cause drowsiness confusion a rapid heart rate and fainting,,,"Your GP will decide whether you need hospital treatment (if you’re not already in hospital). If the infection is relatively mild, you may be treated at home. If you’re in hospital, you might be moved to a room of your own during treatment to reduce the risk of the infection spreading to others. Treatment for C. difficile can include: C. difficile infections usually respond well to treatment, with most people making a full recovery in a week or two. However, the symptoms come back in around 1 in 5 cases and treatment may need to be repeated."
Cold sore,you may not have any symptoms when you first become infected with hsv the primary infection an outbreak of cold sores may occur later and keep coming back recurrent infection however if the primary infection does cause symptoms they can be quite severe symptoms of the primary infection are most likely to develop in children younger than 5 years old these include herpes simplex gingivostomatitis usually affects young children but adults can also develop it it can last 7 to 14 days with the sores taking up to 3 weeks to heal however gingivostomatitis doesn t usually happen after the primary infection symptoms of the primary infection are rare in adults but are similar to those experienced by children you ll usually have asore throatwith or withoutswollen glands you may also have bad breath halitosis and painful sores in and around your mouth these can develop intoulcerswith grey or yellow centres if you develop hsv at an early age it may be triggered periodically in later life and can cause recurring bouts of cold sores after the primary infection the symptoms are usually reduced to just the cold sores themselves,"Cold sores are usually caused by the herpes simplex virus type 1 (HSV-1). In most cases, the virus is passed on in early childhood. For example, when a child is kissed by a family member or friend with a cold sore. The virus passes through the skin and travels up the nerves, where it lies inactive (dormant) until it’s triggered at a later date. Things that can trigger a cold sore outbreak include: However, in many cases, there’s no obvious trigger for an outbreak. Sometimes, cold sores can be caused by the herpes simplex virus type 2 (HSV-2). This can happen after having oral sex with someone who hasgenital herpes, which is usually caused by HSV-2. In genital herpes, painful blisters develop on your genitals and the surrounding area.",,"If you get cold sores, a pharmacist may recommend: You can buy electronic devices frompharmaciesthat treat cold sores with light or lasers. Some people find these helpful, but there have not been many studies to confirm if they work. If you regularly get cold sores, use antiviral creams as soon as you recognise the early tingling feeling. They do not always work after blisters appear. If your cold sores are very large, painful and keep coming back, your GP may prescribe antiviral tablets. Newborn babies, pregnant women and people with a weakened immune system who have cold sores may be referred to hospital for advice or treatment."
Common cold,the main symptoms of a cold include less common symptoms of a cold include,,,"There’s no cure for a cold, but there are things you can do to look after yourself at home. You should begin to feel better in about 1 to 2 weeks. Always read the leaflet that comes with your medicine before taking it. Follow the recommended dosage instructions. If you’re not sure which treatments are suitable for you or your child,speak to a pharmacistfor advice. Be careful not to use cough and cold medicines if you’re taking paracetamol and ibuprofen tablets. Cough and cold medicines often also contain paracetamol and ibuprofen so it can be easy to take more than the recommended dose."
Concussion,it can take up to 48 hours after an injury for symptoms of concussion to appear if someone has a concussion you may see changes to the way they behave and act they may they may also complain about physical symptoms including some symptoms of concussion indicate that there may be asevere head injury if you think someone may have a concussion you should also,,,
Congenital heart disease,as stated in the introduction the two main types of congenital heart disease are the symptoms of cyanotic heart disease include children with cyanotic heart disease have lower levels of oxygen in their blood this is known as hypoxia sometimes their oxygen levels can fall further and cause additional symptoms such as anxiety and confusion or disorientation the symptoms of acyanotic heart disease include there are some symptoms that are present in both cyanotic and acyanotic heart disease these include children with acyanotic heart disease are usually underweight and children with cyanotic heart disease are usually underweight and small for their age,"To understand how congenital heart disease can affect your child’s heart and general health, it’s useful to first understand how a healthy heart works. Find out how your heart works, on the British Heart Foundation website. Congenital heart disease develops when abnormalities in the heart’s structure prevent it from working as it should. The 2 main types of congenital heart disease are:",,"There are a number of different surgical techniques that can be used to treat congenital heart disease. Some of these are explained below. Specific treatments for the most common types of congenital heart disease are described below. If your child is diagnosed with a ventricular septal defect (VSD) or an atrial septal defect (ASD), the recommended treatment will depend on the size of the defect. If the defect is small, a policy of ‘watchful waiting’ may be recommended, where your child receives no immediate treatment but their health is carefully monitored. This is because 90% of small defects will close as the child grows older. In cases of mild to medium-sized defects, it may be possible to seal the defect using a catheter. The catheter is guided to the site of the hole, and a specially designed mesh is passed through the catheter to seal the defect. In cases of medium to large-sized defects, open-heart surgery may be required. This involves a patch being stitched directly over the defect. If your child is diagnosed with a stenosis (a narrowing one of their valves) the treatment that is recommended will depend on the extent of the stenosis and if they are symptomatic. In mild cases, a policy of ‘watchful waiting’ may be recommended. Medication that lowers blood pressure may also be recommended to reduce the strain on your child’s heart and lungs. In more serious cases of stenosis, a catheter can be used to widen the valve. A small balloon is passed up through the catheter and then inflated to widen the affected valve. This is known as a balloon angioplasty. Once the valve has been widened, the balloon is removed. Sometimes, a metal coil (stent) is used to keep the valve widened. In more serious cases of stenosis, it’s sometimes necessary to replace the valve using open heart surgery. Replacement valves can be obtained from human donors, or made from artificial materials, such as titanium, or taken from pigs and modified for human use. Pigs are used because their hearts are the most similar to the human heart. For people who are too ill or weak to withstand the effects of open heart surgery, a catheter approach can be used. The catheter is passed through a blood vessel in the groin and up into the heart. A replacement valve is passed through the catheter and into position. Many cases of patent ductus ateriosus (PDA) can be treated shortly after birth, using medication. Two types of medication – indomethacin and a special type of ibuprofen – have been shown to effectively stimulate the closure of the duct that is responsible for PDA. If a PDA does not respond to medication, a catheter can be used to seal the duct with a metal coil or plug. Babies born with Tetralogy of Fallot (TOF) who are experiencing severe symptoms of breathlessness may require emergency surgery such as a Blalock-Taussig shunt (a BT shunt). During a BT shunt, an artery is diverted (or shunted) into the lungs so that a supply of oxygen-rich blood becomes available. Further open-heart surgery is then recommended when the baby is old enough to withstand the after-effects of surgery. During open-heart surgery, the defect between the ventricles is sealed and the pulmonary valve is widened. Transposition of the great arteries (TGA) will require open-heart surgery, which is usually done shortly after your baby is born. A surgical technique, known as an arterial switch, is usually used to treat cases of TGA. During an arterial switch, the affected arteries are cut and reattached to their correct position on the other side of the heart."
Congenital muscular dystrophy (CMD),the symptoms of cmd are sometimes if contractures are severe they can affect several joints this is known as arthrogryposis contractures develop because the baby has not had the muscle strength to move around in the womb if children do not have contractures sometimes the first symptom is difficulty holding their head up or there might be delays in learning how to sit unaided stand or walk,CMD is a genetic condition. The loss of glycoproteins in cells due to the mutation affects the normal function of muscles. This type of mutation causes an increased chance of the muscles becoming injured from normal use. It also reduces the muscles’ ability to repair any damage. It’s not known why CMD causes muscle weakness earlier than other types of MD. It’s possible that the muscle proteins affected are needed earlier during development of a child’s muscles. Other muscle proteins linked to other muscular dystrophies might not be needed until they’re used more as the child grows up.,,There is no cure for CMD but there are supportive treatments available to help manage you or your child’s symptoms. Read more about congenital muscular dystrophy
Conjunctivitis,conjunctivitis usually causes symptoms in both eyes like,Conjunctivitis happens when the conjunctiva becomes inflamed. This is a thin layer of cells covering the front of your eyes. The 3 most common causes of this inflammation are:,,"Treatment for conjunctivitis will depend on what’s causing it. You may be prescribed antibiotics to treat a bacterial infection. But these won’t work if the symptoms are caused by a virus or an allergy. Allergic conjunctivitis can usually be treated with antihistamines. If possible, you should also try to avoid the substance that triggered the allergy. Irritant conjunctivitis will ease when whatever is causing the symptoms is removed. Some sexually transmitted infections (STIs) can cause conjunctivitis. This type takes longer to get better."
Constipation,when you re constipated passing stools becomes more difficult and less frequent than usual normal bowel habits vary from person to person some adults go to the toilet more than once a day whereas others may only go every 3 or 4 days similarly some infants pass stools several times a day while others only pass them a few times a week if you or your child pass stools less than usual it could be a sign of constipation it may also be more difficult to pass stools and you may feel unable to empty your bowel completely your stools may appear dry hard and lumpy as well as abnormally large or small other symptoms of constipation can include,"It’s often difficult to identify the exact cause of constipation. However, there are a number of things that contribute to the condition, including: In children, poor diet, fear about using the toilet and problems toilet training can all lead to constipation. Read more about thecauses of constipation. Constipation usually occurs when stools remain in the colon (large intestine) for too long, and the colon absorbs too much water from the stools, causing them to become hard and dry. Most cases of constipation aren’t caused by a specific condition and it may be difficult to identify the exact cause. However, several factors can increase your chances of having constipation, including:",,"Treatment for constipation depends on the cause, how long you’ve had it and how severe your symptoms are. In many cases, it’s possible to relieve the symptoms by making dietary and lifestyle changes. Faecal impaction occurs when stools become hard and dry and collect in your rectum. This obstructs the rectum, making it more difficult for stools to pass along. Sometimes as a result of impaction, overflowdiarrhoeamay occur (where loose stools leak around the obstruction). You may have difficulty controlling this. If you have faecal impaction, you’ll initially be treated with a high dose of the osmotic laxative macrogol. After a few days of using macrogol, you may also have to start taking a stimulant laxative. If you don’t respond to these laxatives, and/or if you have overflow diarrhoea, you may need one of the following medications. Suppository – this type of medicine is inserted into your anus. The suppository gradually dissolves at body temperature and is then absorbed into your bloodstream. Bisacodyl is an example of a medication that can be given in suppository form. Mini enema – where a medicine in fluid form is injected through your anus and into your large bowel. Docusate and sodium citrate can be given in this way."
Coronary heart disease,the main symptoms of coronary heart disease are further information is available on the impact of heart disease on women,,,
Coronavirus (COVID-19),symptoms of coronavirus include less common symptoms include if you have symptoms of coronavirus you should you may still have acoughor feel tired after your other symptoms have gone this doesn t mean that you re still infectious to others mostacute respiratory infectionslike coronavirus pass within 3 weeks there are some things you can do to help relieve your symptoms until the infection clears up antibiotics will not relieve your symptoms or speed up your recovery it s important to get help if you re at increased risk of becoming more unwell from coronavirus this includes if you re pregnant aged 60 or over or have a weakened immune system advice for people who may have coronavirus symptoms complete our self help guide to check your symptoms and find out what to do next there are things you can do to reduce the spread of coronavirus infection,,,Most people no longer need to take a coronavirus test. You can still access testing if you have a health condition which meansyou’re eligible for coronavirus treatments.
Costochondritis,the main symptom of costochondritis is chest pain that appears centrally the pain doesn t usually spread across the chest or into the arms the pain may be made worse by modifying your activities while you recover may help reduce your symptoms,"Inflammation is the body’s natural response to infection, irritation or injury. It’s not known exactly why this area becomes inflamed but in some cases it’s been linked to:",,"Costochondritis often gets better after a few weeks. It’s often referred to as a self limiting condition. This means it can get better on its own over time. Self-help steps and painkillers can help manage your symptoms. Costochondritis can be made worse by any activity that places stress on your chest area, for example strenuous exercise or repetitive movements. Any movement that makes the pain in your chest area worse should be modified until the inflammation in your ribs and cartilage has improved. Some examples of modified activity include: The following can help to reduce the pain: More about taking painkillers. It’s important to try to keep moving as normally as possible during your recovery. It’s best to avoid long periods of rest where possible. You can try to increase your activity gradually to help your recovery. Too much rest can slow down your recovery. As soon as you can, start moving and using the affected area. Remember a little activity is better than nothing. Continue to stay within acceptable pain limits but you don’t need to be pain free. Aim to do a little bit more each day or every few days. This guide can help you to understand if you’re pacing your daily activities at the right level as you progress. It’ll also let you see how much pain or discomfort is acceptable. It can be helpful to rate your pain out of 10 (0 being no pain, 10 being the worst pain you’ve ever had), for example: Activity should not make your existing pain worse overall. Increasing activity can lead to increased discomfort as your body gets used to regaining your activity levels. Aim to keep your pain within a rating of 0 to 5. If your pain gets above this level, you can change the level of activity by:"
Croup,children with croup have a barking cough that sounds like a seal they ll make a harsh sound known as stridor when they breathe in stridor is often most noticeable when the child cries or coughs they may also have a hoarse voice and find it difficult to breathe because their airway is blocked some children havecold like symptomsfor a few days before developing croup symptoms croup symptoms usually only last for a few days and are often worse at night but they can occasionally last up to 2 weeks,"Commonly, croup is caused by a virus. Several viruses can cause croup but in most cases it is the parainfluenza virus. The virus can be passed on by close contact with infected people, as well as contaminated objects and surfaces. It’s often spread by breathing in droplets from infected coughs or sneezes. Other viruses can also cause croup. These include: Less common causes of croup include:",,"Most cases of croup are mild and can be treated at home. Sitting your child upright and comforting them if they are distressed is important. This is because crying may make symptoms worse. Your child should also drink plenty of fluids to prevent dehydration. Usually, your child will be prescribed medication to help reduce the swelling in their throat. The medication is a single dose of an oralcorticosteroidcalled dexamethasone or prednisolone. Side effects of these medications can include restlessness, vomiting, upset stomach and headache. Steam treatment is not recommended. You should seek urgent medical advice if you notice your child’s symptoms getting worse. Children’sparacetamolcan ease pain and may help lower your child’s temperature if they have a fever. Children under 16 years of age should not be given aspirin. Speak to your pharmacist or GP if you are unsure about what type of pain relief is right for your child. Do not use cough medicines or decongestants. These do not help ease the symptoms of croup. These treatments often have drowsy side effects, which can be dangerous when a child has breathing difficulties. In severe cases of croup, treatment in hospital may be needed. This might include your child being given adrenaline or oxygen."
Cystic fibrosis,cystic fibrosis can cause a range of problems the lungs and digestive system are the main areas that are affected symptoms tend to start in early childhood but sometimes they can develop soon after birth and very occasionally they may not be obvious until adulthood nowadays cystic fibrosis is usually diagnosed before symptoms appear through screening tests carried out soon after birth read more aboutscreening for cystic fibrosis the main problems associated with cystic fibrosis are outlined below,"Cystic fibrosis is caused by a faulty gene that a child inherits from both their parents. The faulty gene means that some cells struggle to move salt and water across the cell wall. This, along with recurrent infections, can result in a build-up of thick, sticky mucus in the body’s tubes and passageways – particularly the lungs and digestive system. The condition is present from birth and cannot be caught from someone else who has it.",,"There’s currently no cure for cystic fibrosis, but a number of treatments are available to help control the symptoms, prevent complications, and make the condition easier to live with. Possible treatments include: Alung transplantmay eventually be needed if the lungs become greatly damaged. Read more abouttreating cystic fibrosis There’s currently no cure for cystic fibrosis, but it’s possible to help control the symptoms, prevent or reduce complications, and make the condition easier to live with. A person with cystic fibrosis will be supported by a team of healthcare professionals at a specialist cystic fibrosis centre. A care plan will be drawn up that’s tailored to their individual needs. A range of treatments may be used and sometimes treatment in hospital will be needed. Regular appointments to monitor the condition will also be recommended. Some of the main treatments for cystic fibrosis include: People with cystic fibrosis can have a number of other problems that may benefit from treatment. For example:"
Cystitis,cystitis can cause problems with peeing and make you feel unwell symptoms of cystitis in adults include in adults cystitis doesn t usually cause a high temperature fever if you have a temperature of 38c 100 4f or above and pain in your lower back or sides it may be a sign of akidney infection symptoms of cystitis in children include children with cystitis can sometimes also have symptoms usually found in adults this can include things like pain when peeing peeing more often than normal and pain in their tummy,Cystitis is usually caused by a bacterial infection. Sometimes it’s caused by the bladder being irritated or damaged. Women have a shorter urethra than men. This means bacteria are more likely to reach the bladder and cause an infection. Things that can cause bacteria to reach the bladder include:,,"Mild cystitis will usually clear up on its own within a few days, although sometimes you may need to take antibiotics. Women who have had cystitis before don’t necessarily need to see their GP if the condition returns. Mild cases often get better withoutantibiotics. You can try the self-help measures or ask your pharmacist for advice. Speak to your local pharmacist about cystitis treatments. Your pharmacist can:"
Deafblindness,a person who s deafblind won t usually be totally deaf and totally blind but both senses will be reduced enough to cause difficulties with everyday activities the hearing and or vision problems may be present from birth but in many cases one or both problems develop gradually as a person gets older and they may not notice it themselves at first if someone you know has a combination of the signs mentioned below it s possible they have some degree of deafblindness and should seek medical advice,"There are many potential causes of deafblindness. Some babies are born deafblind, but in many cases the hearing and/or vision loss occurs later in life. Causes of deafblindness include: Read more about thecauses of deafblindness A range of care and support services is available to help deafblind people. Each deafblind person will have a different level of hearing and sight loss, which means they’ll have their own individual care needs. The general aims of care for a deafblind person are to: Your local authority should arrange an assessment to determine exactly what care and support is needed. Read more aboutmanaging deafblindness There are many possible causes of deafblindness. The condition can either be present at birth or develop later in life.",,"Some conditions that affect hearing and vision can be treated using medication or surgery. For example: Some causes of temporary hearing loss are also treatable, such as abuild-up of earwaxormiddle ear infections."
Deep vein thrombosis,swelling is one of the main symptoms of dvt it may not always be easy to notice swelling can happen in any part of your leg but usually happens in the back of the leg other symptoms of dvt include these symptoms can also happen in your arm or tummy if that s where the blood clot is,,,"There are a few ways to treat DVT. Your healthcare team will decide the best way to treat your symptoms. Anticoagulant medicines are used to treat DVT. These can includewarfarinor apixaban. Anticoagulants are often referred to as “blood-thinning” medicines, but they don’t actually thin the blood. They alter proteins within it, which prevents clots forming so easily. You may need to take an anticoagulant medicine like warfarin for at least 3 months. You’ll be prescribed compression socks to treat DVT. These are knee-high elastic socks that help your blood circulation. Compression socks can improve the symptoms of DVT, including pain and swelling. They can also help to prevent complications of DVT. Once you’ve been prescribed compression socks, your healthcare team may advise you to walk regularly. This can help to prevent symptoms of DVT and reduce or prevent complications. Some people may need surgery to treat DVT. You may need to be fitted with an inferior vena cava (IVC) filter to treat your symptoms. These are small mesh devices that can be placed in a vein. They can be used to help prevent blood clots developing. If you have DVT in your leg, you may be advised to raise it whenever you’re resting. This helps to relieve pressure in the veins of the calf and stops blood and fluid pooling in the calf. When raising your leg, make sure your foot is higher than your hip. To do this, you can put a cushion underneath your leg whilst you’re lying down."
Degenerative cervical myelopathy,it s common to experience one or multiple symptoms the most common symptoms include,"Degenerative cervical mylopathy is a condition that causes pressure on the spinal cord which can affect function of the nerves. There are a number of reasons this pressure can happen including: As we get older, aging in the spine can cause narrowing and a reduction of space for the spinal nerves leading to compression.",,The treatments for degenerative cervical myelopathy depend on your assessment and investigation by your healthcare professional. Some peoples symptoms are able to be managed with self-management and modifications to their activities. Your healthcare professional may discuss whether surgery is an option for you.
Dehydration,symptoms of dehydration include a baby may be dehydrated if they have,"Dehydration is caused by not drinking enough fluid or by losing more fluid than you take in. Fluid is lost through sweat, vomit, pee or diarrhoea. Causes of dehydration include: Anyone can become dehydrated but those more at risk are:",,"If you’re dehydrated, drink plenty of fluids such as water, diluted squash or fruit juice. These are better than tea, coffee or fizzy drinks. If you’re finding it difficult to keep water down because you’re vomiting, try drinking small amounts more often. When you’re dehydrated, you lose sugar and salts, as well as water. Oral rehydration solutions can help treat this. These are powders that you mix with water and then drink. They contain a mixture of potassium and sodium salts, as well as glucose or starch. Ask your pharmacist or GP for advice about the right rehydration solution for you or your child. Give your baby plenty of liquids, such as breastmilk or formula. It can be better to give them smaller amounts of fluid more often. Don’t dilute your baby’s formula (if you use it). Babies who are formula-fed and those on solids can be given extra water. Avoid giving your baby fruit juice, particularly if they have diarrhoea and vomiting, because it can make it worse. Giving your baby regular sips (a few times an hour) of oral rehydration solution as well as their usual feed (breastmilk, formula milk and water) will help to replace lost fluids, salts and sugars. Ask your pharmacist for advice. Infants and children who are dehydrated shouldn’t only be given water. It can dilute the already low level of minerals in their body and make the problem worse. Instead, they should have diluted squash or oral rehydration solution. Ask your pharmacist for advice. If your child is finding it difficult to keep fluid down because of vomiting, take small amounts more often. You may find it easier to use a spoon or a syringe into their mouth to give your child small amounts of fluid. If severe dehydration is not treated immediately, it can lead to serious complications. Severe dehydration needs hospital treatment. You’ll be put on a drip to quickly replace fluid in your body."
Dementia with Lewy bodies,the symptoms of dementia with lewy bodies usually develop gradually they usually become more severe over the course of a few years it causes problems with people with dementia with lewy bodies may also have other symptoms these can help to distinguish it from other types of dementia dementia with lewy bodies is closely related toparkinson s disease pd because of this people with dementia with lewy bodies sometimes have symptoms like stiff limbs tremors slow movement and might shuffle when walking other symptoms include these symptoms can make daily activities very difficult dementia with lewy bodies can also lead to other health problems this includes injuries from falls andchest infections chest infections may be caused by accidentally inhaling food instead of swallowing it,"In dementia with Lewy bodies, small proteins known as Lewy bodies appear in the nerve cells of the brain. They then build up in the parts of the brain responsible for memory and muscle movement. It’s not clear why this happens or how exactly the brain is damaged. But, it’s thought that the chemical signals between brain cells are disrupted. People who have Parkinson’s disease are more likely to go on to develop dementia with Lewy bodies. This is known as Parkinson’s disease dementia (PDD).",,"There’s currently no cure for dementia with Lewy bodies. But, there are treatments that can help manage the symptoms. Your GP or healthcare professional can discuss the best treatment options for you. There are things you can do to live well for as long as possible with dementia. Read more about living well with dementia Your future health and social care needs will need to be assessed and a care plan drawn up. This is a way of ensuring you receive the right treatment for your needs. It involves identifying areas where you may need some help, like:"
Dental abscess,symptoms of an abscess in your tooth or gum may include if the infection spreads you may also develop a high temperature fever and feel generally unwell in severe cases you may find it hard to fully open your mouth and havedifficulty swallowingor breathing while you re waiting to see a dentist painkillers can help control your pain ibuprofenis the preferred painkiller for dental abscesses if you re unable to take it for medical reasons you can takeparacetamolinstead aspirin shouldn t be given to children under 16 if one painkiller doesn t relieve the pain taking both paracetamol and ibuprofen at the doses shown in the medicine leaflet may help this is safe for adults but not for children under 16 it may also help to these measures can help relieve your symptoms temporarily but you shouldn t use them to delay getting help from a dentist,"Your mouth is full of bacteria, which form a sticky film on your teeth called plaque. If you don’t keep your teeth clean, acids produced by the bacteria in plaque can damage your teeth and gums, leading totooth decayorgum disease. The following can increase your chances of developing a dental abscess:",,"Dental abscesses are treated by removing the source of the infection and draining away the pus. Depending on the location of the abscess and how severe the infection is, possible treatments include: Local anaestheticwill usually be used to numb your mouth for these procedures. More extensive operations may be carried out undergeneral anaesthetic(where you’re asleep). Antibioticsaren’t routinely prescribed for dental abscesses, but may be used if the infection spreads or is particularly severe."
Depression,depression has a range of different symptoms and it can affect everybody differently depression may make you feel depression may mean you,There isn’t one single cause of depression. It can have a range of triggers and there are many reasons people develop the condition. Sometimes people develop depression without an obvious cause. Some people are affected by depression after a stressful life event. For example: Other things that can increase your risk of depression include:,,"There are different treatments for depression. The best one for you will depend on how severe your symptoms are. Sometimes you may need to try different treatments to find one that works for you. There are many talking therapies for depression. This includes: Further information on counselling and therapies Your GP may suggest taking medication likeantidepressantsto treat your depression. This is more likely if your depression is moderate or severe. You may need to try different antidepressants to find one that works for you. Some different types of antidepressant include: In certain circumstances, you may be prescribed lithium to treat depression. For example, if you’ve tried different antidepressants and your symptoms haven’t improved. ECT involves sending an electrical current through your brain. You’ll be given anaesthetic and medication to relax your muscles before the treatment. ECT will only be offered in certain circumstances. For example, if you have severe depression and other treatments haven’t worked. Further information on ECT St John’s Wort is a herbal treatment that you can buy from pharmacies and health food shops. There’s some evidence that it can help less severe depression but doctors don’t recommend it. St John’s Wort isn’t suitable if you’re taking certain medications, or are pregnant or breastfeeding. It can also interact with thecontraceptive pill."
Diabetic ketoacidosis (DKA),the symptoms of dka include these can happen along with symptoms of high blood sugar which include the symptoms usually develop over 24 hours but they can develop more quickly especially in children and during pregnancy dka is most likely to affect people withtype 1 diabetes it most often happens when another illness means you are unable to eat or drink properly or take your insulin it can occasionally happen in people withtype 2 diabeteswho need insulin dka can also happen when people first develop type 1 diabetes and haven t been diagnosed yet this is more likely in children if untreated dka can lead to unconsciousness,"DKA happens when there’s not enough insulin in your body. This means the body cannot use carbohydrate for energy. The body then breaks down fat and muscle to fuel itself. This leads to harmful substances called ketones to be released and build up in your blood. DKA can happen in people with diabetes, particularly if you:",,"If you have DKA, you may need to be treated in hospital. You may be given: These will be given to you through a drip into your vein. You’ll also be monitored for complications. DKA can sometimes affect your brain, heart or lungs. You’ll be able to go home once your ketones are at a safe level and: Your healthcare team will talk to you about what caused DKA. They’ll give you advice on how to reduce the risk of it happening again."
Diabetic retinopathy,you won t usually notice diabetic retinopathy in the early stages as it doesn t tend to have any obvious symptoms until it s more advanced however early signs of the condition can be picked up by taking photographs of the eyes duringdiabetic eye screening contact your optician immediately if you experience these symptoms don t necessarily mean you have diabetic retinopathy but it s important to get them checked out don t wait until your next screening appointment,,,"Treatment for diabetic retinopathy is only necessary if screening detects significant problems that mean your vision is at risk. If the condition hasn’t reached this stage, the above advice on managing your diabetes is recommended. The main treatments for more advanced diabetic retinopathy are: Read more about thetreatment of diabetic retinopathy Diabetic retinopathy usually only requires specific treatment when it reaches an advanced stage and there’s a risk to your vision. It’s typically offered ifdiabetic eye screeningdetects stage three (proliferative) retinopathy, or if you have symptoms caused by diabetic maculopathy. At all stages, managing your diabetes is crucial. Read about thestages of diabetic retinopathyfor more information about what these terms mean. For diabetic retinopathy that is threatening or affecting your sight, the main treatments are: Laser treatment is used to treat new blood vessels at the back of the eyes in the advanced stages of diabetic retinopathy. This is done because the new blood vessels tend to be very weak and often cause bleeding into the eye. Treatment can help stabilise the changes in your eyes caused by your diabetes and stop your vision getting any worse, although it won’t usually improve your sight. Laser treatment: After treatment, you may have some side effects for a few hours. These can include: You should be told about the risks of treatment in advance. Potential complications include: Get medical advice if you notice that your sight gets worse after treatment."
Discoid eczema,discoid eczema causes a group of red spots or bumps on the skin these quickly join up to create larger pink red or brown patches these can vary in size and are usually very itchy especially at night the patches are often swollen blistered and ooze fluid over time the patches may become dry crusty cracked and flaky with a clear centre this creates a ring effect on the skin you may have one area of discoid eczema or a few patches they can happen appear anywhere on the body though the face and scalp are not normally affected,"It’s not known what causes discoid eczema, but it can sometimes be triggered by: Some people with discoid eczema may have other types of eczema too, likeatopic eczema.It’s also linked to dry skin. Discoid eczema does not seem to run in families.",,"Discoid eczema is usually a long-term problem. However, medications are available to help manage the condition and relieve symptoms. Treatments for discoid eczema can include: Some treatments for discoid eczema are available over-the-counter without a prescription. You should speak to your GP if your symptoms don’t improve after using over-the-counter medications. You may need to try different treatments to find the best one for you. Your GP or pharmacist will discuss this with you. Special dressings or medicines may help to treat more severe discoid eczema symptoms."
Diverticular disease and diverticulitis,symptoms of diverticular disease and diverticulitis include abdominal pain bloating and a change in normal bowel habits,"Diverticular disease is caused by small bulges in the large intestine (diverticula) developing and becoming inflamed. If any of the diverticula become infected, this leads to symptoms of diverticulitis. The exact reason why diverticula develop is not known, but they are associated with not eating enough fibre. Fibre makes your stools softer and larger, so less pressure is needed by your large intestine to push them out of your body. The pressure of moving hard, small pieces of stools through your large intestine creates weak spots in the outside layer of muscle. This allows the inner layer (mucosa) to squeeze through these weak spots, creating the diverticula. There is currently no clinical evidence to fully prove the link between fibre and diverticula. However, diverticular disease and diverticulitis are both much more common in Western countries, where many people do not eat enough fibre.",,Treatment options for diverticular disease and diverticulitis depend on how severe your symptoms are.
Duchenne muscular dystrophy (DMD),it s unusual for symptoms to be present from birth often signs will appear between 1 and 2 years of age someone with dmd might experience your child might find it difficult to stand up from a seated position your child might use the gowers manoeuvre to stand up by,"DMD is a type of sex linked (X-linked) muscular dystrophy. Males have one X and one Y chromosome (long threadlike structures of DNA). Females have two X chromosomes. A sex linked disorder is caused by a mutation in a gene on the X chromosome. As males only have one copy of the gene on the X chromosome, they’ll be affected if one of those genes is mutated. Because females have 2 copies of the X chromosome, they’re less likely to develop an X-linked condition. This is because the healthy copy of the chromosome can usually compensate for (mask) the mutated version. This means that although females can still be affected by X-linked disorders, the symptoms are likely to be less severe.",,Treatment is available to help with many of the symptoms of Duchenne muscular dystrophy.
Dystonia,symptoms of dystonia can include the symptoms may be continuous or come and go they may be triggered by voluntary movements,Dystonia is thought to be caused by a problem with the part of the brain that controls movement. Primary and secondary dystonia may have different underlying causes. Primary dystonia often begins in childhood. This type of dystonia is more likely to have a recognised genetic cause. You might experience dystonia as a symptom of another condition. Secondary dystonia might be caused by:,,"There are treatments that can control the involuntary movements and spasms of dystonia. You might need to try several treatment options to find out which one works best. If you have focal dystonia, you might be offered botulinum toxin. Botulinum toxin is injected into the affected muscles. It blocks the neurotransmitters within the nerve, reducing muscle spasms. The effects of the injection can last from around 3 months to 6 months. Oral medications, like tablets, can be effective for some people with generalised dystonia. The following are medications which might be used to treat dystonia: Depending on the type of dystonia you have, physiotherapy might help you improve your range of movement. You might have surgery if your dystonia symptoms don’t improve with other treatments."
Eating disorders,symptoms of an eating disorder include your relationships with those closest to you can also be affected you might also experience physical symptoms like,"Eating disorders are often blamed on the social pressure to be thin, but the causes are usually more complex. There are lots of possible reasons why a person might develop an eating disorder. The causes are different for everybody. These causes can be psychological, environmental, and biological.","It can be difficult to identify that a loved one has an eating disorder. There are warning signs you can look out for like: Read more about how to support someone with an eating disorder Someone with an eating disorder may also have: Peace Pathwayhas information and resources for autistic people with an eating disorder. If you have any other health conditions it’s important to discuss this with your healthcare professional so they can assess how this could impact your treatment. Some conditions involve food and eating, but aren’t related to concerns about weight or body shape. These includeavoidant restrictive food intake disorder (ARFID). ARFID causes a person to avoid certain foods or types of food, restrict how much they eat, or both. Learn more about ARFID on the Beat website","An eating disorder can have a major impact on your life. It can affect your relationships, job, schoolwork, and physical health. With all eating disorders, the first step is recognising that there’s a problem and being willing to seek help. If you’re worried that you have an eating disorder, see a GP as soon as you can. It can be very hard to admit that you have a problem and ask for help. Many people feel scared about asking for help but its important to get this help as soon as possible. It might help to bring a friend or loved one with you to your appointment. Your loved one might not know they have an eating disorder. They might deny it or avoid talking about their eating or their weight because it’s such a painful stressful subject for them. Let them know you’re worried about them and encourage them to see a GP. You could even offer to go with them. Read more about supporting someone with an eating disorder There’s a lot of information and advice available for parents and carers, including: Treating an eating disorder usually involves monitoring physical health and supporting mental health. The type of treatment used depends on: For some people, self-help or guided self-help can be effective. When guided self-help isn’t appropriate, or wouldn’t be effective enough on its own, a common treatment ispsychological therapy. This may be working individually, in a group or as a family. Specialist dietitians may also be part of your treatment. Your physical health may also be monitored to support your recovery. For some people it can be helpful to prescribe medication in combination with psychological treatment. Medication alone isn’t usually effective for eating disorders. Read about the SIGN clinical guidelines for treatment of an eating disorder in Scotland"
Ebola virus disease,a person infected with ebola virus will typically develop these symptoms start suddenly between 2 and 21 days after becoming infected diarrhoea vomiting a rash stomach painand reduced kidney and liver function can follow the person may then bleed internally and may also bleed from the ears eyes nose or mouth,,,"There’s currently no licensed treatment or vaccine for Ebola. Potential new vaccines and drug therapies are being developed and tested. Any area affected by an outbreak should be immediately quarantined, and people confirmed to have the infection should be treated in isolation in intensive care. Dehydrationis common, so fluids may be given directly into a vein. Blood oxygen levels and blood pressure also need to be maintained at the right level, and body organs supported while the person’s body fights the infection. Healthcare workers need to avoid contact with the bodily fluids of their infected patients by taking strict precautions, such as wearing protective equipment. Ebola virus disease is sometimes fatal. The sooner a person is given care, the better the chance they’ll survive."
Ectopic pregnancy,the signs of an ectopic pregnancy can vary from person to person and will depend on where the ectopic pregnancy is symptoms are commonly experienced around the 6th to 7th week of pregnancy but they can appear anywhere between 4 and 12 weeks of pregnancy symptoms of an ectopic pregnancy might include read more about ectopic pregnancy symptoms,,,"The treatment you’re offered will depend on different things, including: Your doctor, nurse or midwife will discuss your options with you, and what it might mean for your health and fertility (ability to get pregnant) in the future. They’ll work with you to plan your treatment. There are 3 different treatments for ectopic pregnancies that are not an emergency. Depending on your circumstances, you may be offered: Expectant management is when you wait and see if the ectopic pregnancy ends by itself. Your doctor, nurse or midwife will use your hormone levels to decide if this is a safe option for you. They’ll also continue to monitor your hormone levels to make sure it remains a safe option for you. If the ectopic pregnancy does end by itself, you’re likely to have some bleeding. You should use external period products (like pads) rather than internal period products (like tampons) at this time. This reduces the risk of infection. If expectant management is not effective, you’ll be offered other options. In some cases, an ectopic pregnancy may be treated by medication. You’ll receive an injection of a drug called methotrexate. This drug stops the ectopic pregnancy from growing. It’s most likely that you’ll only need 1 injection of methotrexate. However, 15% of people who have methotrexate will need a second injection. There’s a chance you’ll still need surgical treatment if this doesn’t work. This is more likely if your pregnancy is further along, or if your pregnancy hormone levels are high. After the injection, you may need to return to the clinic or ward for blood tests. This is to make sure that the pregnancy has ended. If you have any bleeding after the pregnancy has ended, you should use external period products (like pads) rather than internal period products (like tampons) at this time. This reduces the risk of infection. If this treatment is effective, you’ll not need to have surgery. An ectopic pregnancy that needs emergency treatment will always require surgery. But surgery is also a treatment option for non-emergency cases. There are 2 types of surgery for ectopic pregnancy. Both types of surgery will remove the ectopic pregnancy. Where possible, surgeons will use keyhole surgery (also called a laparoscopy). In this type of surgery, the surgeons use a tiny camera to work inside your body. This means they only need to make a small cut in your abdomen (tummy). In some cases, like if there’s internal bleeding, the surgeons may need to make a larger cut. This is called open surgery, or a laparotomy. The type of operation you’ll be offered will depend on: Sometimes keyhole surgery has to change to open surgery. This can happen for a number of reasons. If your ectopic pregnancy is in the fallopian tube, it is likely that the tube will be damaged. This means your surgeon will need to remove it. This can help to reduce the risk of you having another ectopic pregnancy in the future."
Erectile dysfunction (impotence),the main symptom of erectile dysfunction ed is the inability to get and maintain an erection for satisfactory intercourse ed should not be confused with ejaculation problems such as premature ejaculation which is a condition where the process of arousal orgasm and ejaculation occurs very rapidly,"Erectile dysfunction (ED) can have many causes, such as certain medical conditions, medications and stress. It’s important to identify the cause of erectile dysfunction and treat any underlying conditions. There are four main types of health conditions that can cause physical problems resulting in erectile dysfunction. These are: Penis injuries or surgical treatment of the penis, pelvis or surrounding areas can sometimes lead to erectile dysfunction. Erectile dysfunction is also thought to occur in up to 15-25% of people who experience asevere head injury. Examples of vasculogenic conditions that cause erectile dysfunction include: Erectile dysfunction is strongly associated with cardiovascular disease. For this reason, it may be one of the first causes your GP considers when making a diagnosis and planning your treatment. Examples of neurogenic conditions that cause erectile dysfunction include: Examples of hormonal conditions that cause erectile dysfunction include: Peyronie’s disease, which affects the tissue of the penis, is an example of an anatomical condition that can cause erectile dysfunction. Possible psychological causes of erectile dysfunction include: Erectile dysfunction can often have both physical and psychological causes. For example, if you have diabetes, it may be difficult for you to get an erection, which may cause you to become anxious about the situation. The combination of diabetes and anxiety may lead to an episode of erectile dysfunction. There are many emotional issues that may also affect your physical ability to get or maintain an erection. These include: Other possible causes of erectile dysfunction include: Men who cycle for more than three hours per week may be recommended to try a period without cycling to see if this helps improve erectile dysfunction. Riding in the correct position with a properly fitted seat may also help to prevent regular cycling from leading to erectile dysfunction.",,"Erectile dysfunction is primarily treated by tackling the cause of the problem, whether this is physical or psychological. The narrowing of the arteries (called atherosclerosis) is one of the most common causes of ED. In these cases your GP may suggest lifestyle changes, such as losing weight, to try to reduce your risk ofcardiovascular disease. This may help to relieve your symptoms as well as improving your general health. You may also be given medication to treat atherosclerosis, such as cholesterol-loweringstatinsand drugs to reduce your blood pressure. A number of treatments have been successful in the treatment of erectile dysfunction. Medication, such as sildenafil (sold as Viagra), can be used to manage it in at least two-thirds of cases. Vacuum pumps that encourage blood to flow to the penis and cause an erection are also successful in 90% of cases. Psychological treatments include cognitive behavioural therapy (CBT) and sex therapy. Overall, treatments for erectile dysfunction have improved significantly in recent years. Most men are eventually able to have sex again. Read more abouttreating erectile dysfunction If you have erectile dysfunction (ED), treatment will depend on what’s causing it. The various treatments for erectile dysfunction are outlined below. If your erectile dysfunction is caused by an underlying health condition, such asheart diseaseordiabetes, that condition may need to be treated first. In some cases, treating the underlying cause may also resolve the problem. If you are taking medication that can cause erectile dysfunction, there may be an alternative. It is important never to stop taking a prescribed medication unless you are advised to do so by your GP or another qualified healthcare professional responsible for your care. If your erectile dysfunction has an underlying psychological cause then you may benefit from a type of treatment called sensate focus. If conditions such as anxiety or depression are causing your erectile dysfunction, you may benefit from counselling (a talking therapy). Sensate focus is a type of sex therapy that you and your partner complete together. It starts with you both agreeing not to have sex for a number of weeks or months. During this time, you can still touch each other, but not in the genital area (or a woman’s breasts). The idea is to explore your bodies knowing that you will not have sex. After the agreed period of time has passed, you can gradually begin touching each other’s genital areas. You can also begin to use your mouth to touch your partner, for example, licking or kissing, them. This can build up to include penetrative sex. You can find out more about sensate focus from theCollege of Sexual and Relationship Therapists (COSRT). Psychosexual counselling is a form of relationship therapy where you and your partner can discuss any sexual or emotional issues that may be contributing to your erectile dysfunction. By talking about the issues, you may be able to reduce any anxiety that you have and overcome your erectile dysfunction. The counsellor can also provide you with some practical advice about sex, such as how to make effective use of other treatments for erectile dysfunction to improve your sex life. Psychosexual counselling may take time to work and the results achieved have been mixed. Cognitive behavioural therapy (CBT) is another form of counselling that may be useful if you have erectile dysfunction. CBT is based on the principle that the way you feel is partly dependent on the way you think about things. CBT helps you realise that your problems are often created by your mindset. It is not the situation itself that is making you unhappy, but how you think about it and react to it. Your CBT therapist can help you to identify any unhelpful or unrealistic thoughts that may be contributing to your erectile dysfunction – for example, to do with: Your CBT therapist will be able to help you to adopt more realistic and helpful thoughts about these issues."
Escherichia coli (E. coli) O157,symptoms includediarrhoea stomach cramps and occasionally fever about half of people with the infection will have bloody diarrhoea people usually notice symptoms 3 to 4 days after they have been infected but symptoms can start any time between 1 and 14 days afterwards these symptoms can last up to 2 weeks a small number of people with e coli o157 infection go on to develop a serious condition called haemolytic uraemic syndrome hus symptoms of hus include this can sometimes lead to kidney failure and death although this is rare the risk of hus is highest in children aged under 5 years some people become infected but don t develop symptoms further information about gastroenteritis,,,"There is no specific treatment for E. coli O157 infection. People who are infected can usually be cared for at home and most will get better without medical treatment. It’s important to drink plenty of fluids, as diarrhoea can lead to dehydration. Antibiotics are not recommended, and may increase the risk of complications. Anti-diarrhoea drugs such as loperamide (Imodium) are also not recommended as they may prolong your exposure to the toxin. Find out more aboutcaring for a child with gastroenteritisandcaring for an adult with gastroenteritis."
Ewing sarcoma,the symptoms of ewing sarcoma will depend on the size of the cancer and where it is in the body the main symptoms are pain in the affected area that gets progressively worse and swelling and tenderness other possible but less common symptoms may include a high temperature fever severe tiredness and weight loss in some cases of ewing sarcoma there may not be any symptoms at all however as the tumour grows it could weaken the affected bone increasing the risk of fracture,"Like other types of bone cancer, the exact cause of Ewing sarcoma is unknown. As the condition tends to predominantly affect older children and teenagers, one theory is that it may be related to fast-growing bones. The rapid growth spurt that happens during puberty may in some way make bone tissue more vulnerable to cancer. Research has also found babies born with an umbilical hernia are 3 times more likely to develop Ewing sarcoma. However, the increased risk is still small as only 1 in 110,000 children with an umbilical hernia will go on to develop the condition. TheCancer Research UKwebsite has more information about therisks and causes of bone cancer.",,"Like all types of cancer, the earlier Ewing sarcoma is diagnosed, the easier it is to treat. Ewing sarcoma is usually treated with a combination ofchemotherapy, surgery and radiotherapy. Chemotherapy may be used before surgery to shrink the tumour and make it easier to remove. Ewing sarcoma also responds well toradiotherapy. It can be used to shrink the tumour after chemotherapy, and before or after surgery to lower the risk of the cancer returning. In some cases, surgically removing Ewing’s sarcoma can be difficult – for example, if it develops in the pelvis. In this case, radiotherapy may be used as the main treatment. If surgery is recommended, the type you’ll have will depend on: You may have surgery to remove part or all of the bone affected by cancer. This type of surgery is known as resection. Limb-sparing surgery involves removing the area of bone on an arm or leg where the cancer is growing. A piece of metal (prosthesis) or a bone graft will be used to replace the piece of bone that is removed. In some cases, your whole arm or leg may need to be removed (amputation). This may be the only option to prevent the cancer returning if it’s spread into the tissues surrounding the bone. For more information about thetypes of treatment for bone cancer, visit the Cancer Research UK website."
Ewing sarcoma: Children,pain is the most common symptom of bone cancer it is frequently worse at night however symptoms may vary depending on the position and size of the cancer there may be some swelling in the affected area if the tumour is close to the surface of the body and it may become tender to touch this may cause a limp if in the leg or pelvis bone cancer is sometimes discovered when a bone that has been weakened by cancer breaks after the child has a minor fall or accident occasionally there may be fever or weight loss,"The exact causes of primary bone cancer are unknown. The development of Ewing sarcoma may be related in some way to times of rapid bone growth, which may explain why more cases are seen in teenagers. Like other cancers, it’s not infectious and cannot be passed on to other people.",,"A combination of various treatments is used to treat Ewing sarcoma. These include chemotherapy, surgery and radiotherapy. Treatment will depend on a number of factors, including the size and position of the tumour. Chemotherapy is the use of anti-cancer (cytotoxic) drugs to destroy cancer cells. This is a very important component of treatment for the majority of children with Ewing sarcoma and can help make surgery more straightforward. A combination of different chemotherapy drugs are given before surgery and continued afterwards in order to destroy any remaining cancer cells and prevent the sarcoma from spreading. Chemotherapy given in this way is called adjuvant chemotherapy. If surgery is needed, it should be carried out at a specialist orthopaedic bone tumour centre. The aim of surgery is to remove the tumour without causing too much damage. If the tumour is in one of the main bones of the arm or leg, it may be necessary to remove the whole limb (amputation) or part of the affected bone. If only part of the affected bone is removed, this is known as limb-sparing surgery. Sometimes amputation of the limb is unavoidable if the cancer has affected the surrounding blood vessels and nerves. After amputation, a false limb will be fitted, and this will be regularly adjusted as your child grows. False limbs work very well. It should be possible for your child to join in with normal activities and even sport. There are several ways in which limb-sparing surgery may be done. It may involve: After limb-sparing surgery, the child is often able to use the limb almost normally. However, it is best not to take part in any contact sports, because any damage to the bone graft or prosthesis may require another major operation to repair or replace it. If the child is growing, the limb prosthesis will need to be lengthened from time to time as the bone grows. This may mean further short stays in hospital, although some prostheses can be lengthened during an outpatient procedure. Radiotherapy treats cancer by using high energy rays that destroy cancer cells while doing as little harm as possible to normal cells. Ewing sarcoma responds very well to radiotherapy. It’s often used after chemotherapy and before or after surgery. If the tumour is impossible to remove surgically, it’s a good option. Treatment often causesside effects. Your child’s doctor will discuss this with you before the treatment starts. Any possible side effects will depend on the actual treatment being used and the part of the body that’s being treated. Side effects can include: Radiotherapycan cause irritation or soreness of the skin in the area being treated and general tiredness. If your child is having surgery, the surgeon will explain the possible complications of the surgery that your child is having. A small number of children may develop other side effects, sometimes many years later. These include a reduction in normal bone growth, reduced fertility, a change in heart function, and a small increase in the risk of developing a second cancer later in life. Your child’s doctor or nurse will explain all of this to you and will monitor your child carefully for any potential late side effects. Many children have their treatment as part of a clinical research trial. Trials aim to improve our understanding of the best way to treat an illness, usually by comparing the standard treatment with a new or modified version. Specialist doctors carry out trials for children’s cancers. If appropriate, your child’s medical team will talk to you about taking part in a clinical trial, and will answer any questions you have. Written information will be provided to help explain things. Sometimes, clinical trials are not available for your child’s tumour. This may be because a recent trial has just finished, or because the tumour is very rare. In these cases, you can expect your doctors and nurses to offer treatment which is agreed to be the most appropriate, using guidelines which have been prepared by experts across the country. TheChildren’s Cancer and Leukaemia Group(CCLG) is an important organisation which helps to produce these guidelines. Your child will have regular follow-up appointments, with x-rays or scans as necessary. Many children with Ewing sarcoma can be cured. Even if the tumour comes back, further treatment may be given successfully. Your child will be checked up on every few months for the first 3 years after treatment and then every 6 months for another 2 years. If you have specific concerns about your child’s condition and treatment, it’s best to discuss them with your child’s doctor who knows the situation in detail. As a parent, the fact that your child has cancer is one of the worst situations you can be faced with. You may have many emotions, such as fear, guilt, sadness, anger and uncertainty. These are all normal reactions and are part of the process that many parents go through at such a difficult time. Your child may have a variety of powerful emotions throughout their experience with cancer. Further information and advice if your child has cancer"
Eye cancer,eye cancer doesn t always cause obvious symptoms and may only be picked up during a routine eye test symptoms of eye cancer can include these symptoms can also be caused by more minor eye conditions so they re not necessarily a sign of cancer however it s important to get the symptoms checked by a doctor as soon as possible,"Eye melanoma occurs when the pigment-producing cells in the eyes divide and multiply too rapidly. This produces a lump of tissue known as a tumour. It’s not clear exactly why this occurs, but the following factors may increase the risk of it happening: The risk of developing eye melanoma also increases with age, with most cases being diagnosed in people in their fifties.",,"Treatment for melanoma of the eye depends on the size and location of the tumour. Your care team will explain each treatment option in detail, including the benefits and any potential complications. Treatment will aim to conserve the affected eye whenever possible. The main treatments for eye melanoma are: Chemotherapyis rarely used for eye melanoma, but may be suitable for other types of eye cancer. Cancer Research UK has more information about thetreatment options for eye cancerand the types ofeye cancer surgery."
Facioscapulohumeral muscular dystrophy (FSHD),symptoms of fshd in children might include older children and adults might have rounded shoulders and thin weak upper arms this can cause pain in the shoulders and back in adulthood fshd usually affects the in over half of those with fshd there can be weakness at the knees hips and back this can cause a backward leaning and high stepping style of walking sometimes there can be a different change in posture with a tendency to bend forwards rather than backwards the earlier in life someone has fshd symptoms the more severe their symptoms will eventually be men and those assigned male at birth tend to experience more severe weakness and will have symptoms from a younger age than women and those assigned female at birth the condition can develop unevenly asymmetrically one side of the body might be affected more than the other about 10 20 of people with fshd eventually require a wheelchair people with fshd can often experience pain some people with fshd will develop hearing loss this is more common in people who develop fshd during childhood,"FSHD is a dominant inherited muscular dystrophy. If you have a dominant inherited MD, you only need to inherit the altered gene from one parent to be affected. This means, if you have a child with someone who doesn’t have MD there’s still a 1 in 2 chance your child will develop the condition. Most of the time, FSHD is inherited from either parent. Occasionally, someone with FSHD, especially if it was diagnosed in early childhood, may not have inherited it from either parent. This means it could be caused by a novel (new) mutation. However, it could be that the symptoms of a family member were very mild or they’d been misdiagnosed. Children who inherit the faulty gene are likely to start experiencing symptoms from a similar age as their parent did. There will be some families where those with the condition will continue to be affected severely or where it will always be mild. Read more about the causes of FSHD",,"There’s no cure for FSHD and there are no specific drug treatments. Regular exercise and hydrotherapy can help to maintain muscle function for as long as possible. Try to eat a healthy balanced diet and maintain a healthy weight. This will help to reduce stress on the already weakened muscles. Using orthoses (devices that support the feet) can help people with FSHD. They can improve FSHD symptoms like foot drop and shoulder weakness. FSHD can cause the scapular muscles, which attach the shoulder blades to your chest, to become weak. This can make lifting your arms difficult. There’s an operation called scapular fixation which fixes the shoulder blades to the ribs at the back. This can help some people with FSHD to regain some more use of their arms. If your eyes become dry and inflamed and you can’t close them at night, you might be offered surgery to bring the eyelids closer. This option would be considered if artificial tears are not helping. It’s common to experience pain as part of your symptoms of FSHD. You might be prescribed painkillers to help manage your pain."
Febrile seizures,the main symptom of a febrile seizure is a fit that occurs while a child has a fever febrile seizures often occur during the first day of a fever which is defined as a high temperature of 38c 100 4f or above however there appears to be no connection between the extent of your child s fever and the start of a seizure seizures can occur even if your child has a mild fever simple febrile seizurescan happen when there s a rapid rise in temperature and you may only realise your child is ill when they have a fit alternatively they can occur as your child s temperature drops from a high level during simple febrile seizures complex febrile seizurestend to last longer than 15 minutes and the symptoms may only affect one area of your child s body the seizure sometimes recurs within 24 hours or during the period in which your child is ill,"Febrile seizures are linked to fevers, but the exact cause is unknown. Some researchers think that the biological processes associated with a high temperature may be responsible. A high temperature is thought to be caused by a bacterial or viral infection that stimulates the release of cytokines. Cytokines are proteins that affect the parts of the brain and nervous system responsible for regulating the body’s temperature. Their release causes a rise in the body’s temperature. One theory is that in certain people, high levels of cytokines may temporarily ‘scramble’ the workings of the brain and nervous system, triggering a seizure.",,"In many cases, febrile seizures do not need to be treated, although care should be taken to deal with a seizure as it happens."
Feeling of something in your throat (Globus),different people describe globus differently it may be felt as if you feel something sticking in your throat but can eat and drink normally and without pain you do not need to worry your symptoms may,,,"There are a number of things you can do to try to relieve globus symptoms. In most people, symptoms will get better following these self-help tips. However, for some people symptoms can recur off and on for several months. Smoking causes irritation to your throat. By stopping smoking, you can help to improve your globus symptoms. Further information on stopping smoking Try not to clear your throat as this can make your globus sensation worse. Try sipping water instead. Losing any excess weight may reduce your symptoms. Stress can increase your globus sensation. If you think you might be stressed, try to relax in a way that is doable for you and your situation.Breathing and relaxation exercisescan sometimes help. If you feel you need further help with managing stress, your GP can discuss this with you. Further information about relieving stress"
Fibroids,many people don t know that they have fibroids because they don t have any symptoms this is nothing to worry about if your doctor thinks you might have fibroids they ll usually refer you for anultrasound scanto confirm the diagnosis you can use ourmenstrual health symptom questionnaire pdf 421kb to keep a note of your symptomsand how you re feeling you can print it and talk about it with your healthcare professional to help them understand the different symptoms you re experiencing,,,"Fibroids will often shrink after the menopause, as hormone levels in your body change. If you have fibroids, but you’re not affected by any symptoms then you don’t need treatment. However, if you do have symptoms, your doctor can recommend the right treatment for you. Treatment options include: Your doctor will discuss these treatments with you and you can ask anyquestions that you might have."
Fibromyalgia,the main symptom of fibromyalgia is widespread pain that might feel like the pain is likely to be continuous but it might be better or more severe at different times as well as widespread pain people with fibromyalgia might also have watch flippin pain s flippin fibromyalgia webinar to learn more about fibromyalgia,"It’s not clear why some people develop fibromyalgia. The exact cause is unknown, but it’s likely that many factors are involved. Your brain, nerves and spinal cord make up your central nervous system. Changes in the way your central nervous system sends and receives information to your body might cause fibromyalgia. Fibromyalgia is a type of chronic pain. Read more about chronic pain Some people are more likely than others to develop fibromyalgia because of the genes inherited (passed on) from their parents. Fibromyalgia is often triggered by a stressful event. This might be a physically stressful event or an emotionally (psychologically) stressful event. Possible triggers of fibromyalgia might be: Sometimes there isn’t an obvious trigger.",,"Fibromyalgia is a long term (chronic) condition. There’s no cure for fibromyalgia. But there are treatments to help relieve some of the symptoms. This can make the condition easier to live with. Traditional treatments like pain medication aren’t always helpful for people with fibromyalgia. Learning about your condition and finding the best self management approaches for you is the best way to manage it. A healthcare professional can help you explore your options. Exercise, movement and activity can be helpful way to manage pain. A physiotherapist can help you to develop self-management skills to reduce the impact of pain on your life. They might help you create a tailored exercise programme suited to your needs, abilities and goals. Physiotherapy can also help prevent further loss of strength and increase your fitness. Pain management movement videos Visit theliving with chronic pain pagefor more information about exercise and relaxation techniques. Occupational therapy can help you manage your everyday activities around fibromyalgia. The aim is to do this without increasing your pain or overwhelming yourself. Your occupational therapist may suggest new ways to do things. They may be able to support you to continue to work, if you want to. Access to Workhas information on how to get or stay in work if you have a health condition or disability. Some pain clinics offer pain management programmes run by a team of specialists. These specialists can include physiotherapists and psychologists. They can provide support to develop coping skills and manage your activity levels. Speak to your GP if you think you’d benefit from a pain management programme. Talking therapies can help you manage the stress of living with fibromyalgia. Examples of talking therapies are: Medication can’t cure fibromyalgia but it can help reduce some symptoms. Speak to your GP or pain specialist to find out the potential benefits and risks. Your GP will likely suggest you try exercise, CBT and physiotherapy first. This is because these treatments are more likely to help. Antidepressantscan help some people with fibromyalgia. They help: This can be useful even if you haven’t been diagnosed with depression. Other medications can be used for the treatment of fibromyalgia symptoms, but they’re likely to be less effective. Speak to your GP, pharmacist or healthcare professional if you’re taking medication and you don’t feel its helping."
Flu,some of the main symptoms of flu include the symptoms are similar for children they may also get pain in their ear and be less active the symptoms of flu usually develop 1 to 3 days after becoming infected most people will feel better within a week but you may have a lingering cough and still feel very tired for a few more weeks,,,"If you have flu, there are things you can do to help you recover more quickly."
Food allergy,the symptoms of a food allergy almost always develop a few seconds or minutes after eating the food some people may develop a severe allergic reaction anaphylaxis which can be life threatening the most common type of allergic reaction to food is known as an ige mediated food allergy symptoms include,"Food allergies happen when the immune system – the body’s defence against infection – mistakenly treats proteins found in food as a threat. As a result, a number of chemicals are released. It’s these chemicals that cause the symptoms of an allergic reaction. Almost any food can cause an allergic reaction, but there are certain foods that are responsible for most food allergies. In children, the foods that most commonly cause an allergic reaction are: Most children that have a food allergy will have experiencedeczemaduring infancy. The worse the child’s eczema and the earlier it started, the more likely they are to have a food allergy. In adults, the foods that most commonly cause an allergic reaction are: It’s still unknown why people develop allergies to food, although they often have other allergic conditions, such asasthma,hay feverand eczema. Read more information about thecauses and risk factors for food allergies A food allergy is caused by your immune system handling harmless proteins in certain foods as a threat. It releases a number of chemicals, which trigger an allergic reaction.",,"The best way of preventing an allergic reaction is to identify the food that causes the allergy and avoid it. Research is currently looking at ways to desensitise some food allergens, such as peanuts and milk, but this is not an established treatment. Read more aboutidentifying foods that cause allergies (allergens) Avoid making any radical changes, such as cutting out dairy products, to your or your child’s diet without first talking to your GP. For some foods, such as milk, you may need to speak to a dietitian before making any changes. A type of medication called anantihistaminecan help relieve the symptoms of a mild or moderate allergic reaction. A higher dose of antihistamine is often needed to control acute allergic symptoms. Adrenaline is an effective treatment for more severe allergic symptoms, such as anaphylaxis. People with a food allergy are often given a device known as an auto-injector pen, which contains doses of adrenaline that can be used in emergencies. Read more about thetreatment of food allergies If you think you or your child may have a food allergy, it’s very important to ask for a professional diagnosis from your GP. They can then refer you to an allergy clinic if appropriate. Many parents mistakenly assume their child has a food allergy when their symptoms are actually caused by a completely different condition. Commercial allergy testing kits are available, but using them isn’t recommended. Many kits are based on unsound scientific principles. Even if they’re reliable, you should have the results looked at by a health professional. Read more aboutdiagnosing food allergies There are two main types of medication that can be used to relieve the symptoms of an allergic reaction to foods:"
Food poisoning,symptoms of food poisoning include the symptoms of food poisoning usually begin within 1 to 2 days of eating contaminated food they can also start a few hours later or several weeks later,,,
Frozen shoulder,pain and persistent stiffness in the shoulder joint are the two main symptoms of a frozen shoulder this makes it painful and difficult to carry out the full range of normal shoulder movements you may find it difficult to perform everyday tasks such as symptoms vary from mild with little difference to daily activities to severe where it may not be possible to move your shoulder at all,"Frozen shoulder occurs when the flexible tissue that surrounds the shoulder joint, known as the capsule, becomes inflamed and thickened. It’s not fully understood why this process happens. This can happen in one or both shoulders. This condition can appear without any apparent reason, however, your risk of developing a frozen shoulder can increase if you have:",,"Treatment options depend on the severity of your symptoms. Although, most cases improve on their own, some cases can take over a year to resolve. During the painful phase the emphasis is on pain relief. Pain medication can help you move more comfortably, which can help your recovery. More abouttaking painkillers. It may also help to use heat or ice packs. Exercise Targeted shoulder exercises to encourage movement, stretching and strengthening exercises can help to improve your arm movement and pain. The British Elbow and Shoulder Society havea video with specific exercises to help with a frozen shoulder. Stop these exercises if they make your symptoms worse, or if they cause new pain. If your shoulder pain worsens while following this advice, it’s a good idea totalk to a healthcare professionalabout your symptoms. Corticosteroid Injections If painkillers aren’t helping to control the pain, your healthcare professional may discuss the option of having a corticosteroid injection into your shoulder joint. Corticosteroids are medicines that help reduce pain and inflammation. They may also be given with alocal anaesthetic. Injections won’t cure your condition or reduce shoulder stiffness, they are used to help with the pain. Read more about corticosteroids"
Functional neurological disorder (FND),fnd can have many symptoms that can vary from person to person some people may have few symptoms and some people may have many a diagnosis of fnd should be made because you have one or more clinical features that a specialist can recognise as typical of fnd it shouldn t be made just because scans or tests for other neurological conditions that have similar symptoms are normal there are other symptoms or conditions that are commonly associated with fnd these include,"We know that the symptoms of FND happen because there’s a problem with how the brain is sending and receiving messages to itself and other parts of the body. Using research tools, scientists can see that certain circuits in the brain are not working properly in people with FND. However, there’s still a lot of research to be done to understand how and why FND happens. FND can happen for a wide range of reasons. There’s often more than one reason, and the reasons can vary hugely from person to person. Some of the reasons why the brain stops working properly in FND include: In some people, stressful events in the past or present can be relevant to FND. Psychological conditions like PTSD, depression or anxiety can also be relevant. In other people, these things are not relevant. The risk of developing FND increases if you have another neurological condition. It may also increase if you have a condition likeautismorattention deficit hyperactivity disorder (ADHD).",,"FND is a really variable condition. Some people have quite short-lived symptoms. Others can have them for many years. There are treatments available that can manage and improve FND. These treatments are all forms of rehabilitation therapy, which aims to improve your ability to carry out every day activities. Many of these treatments are designed to ‘retrain the brain’. Some people with FND benefit a lot from treatment and may go into remission. Other people continue to have FND symptoms despite treatment. Read more about treating FND"
Fungal nail infection,a fungal nail infection often affects the toenails but it can happen on the fingernails too the infection develops slowly it usually starts at the edge of the nail before spreading to the rest of the nail the infection can make the nail sometimes the whole nail can break off which may cause the skin around it to become painful and swollen the following images were sourced fromdermnetnz org,"Most fungal nail infections are caused by a fungus that causes athlete’s foot. This fungus can multiply in warm, dark and moist places like the feet. This leads to infections. You’re more likely to get a fungal nail infection if:",,"A fungal nail infection is unlikely to get better without treatment. However, treatments can take a long time and can sometimes cause side effects. A pharmacist may suggest an antifungal nail medicine that you brush onto the nail. You’ll need to use this regularly for a few months before you start to see an improvement. You should keep using the treatment until you’re told to stop. Stopping too early could cause the infection to return. If treatments from a pharmacy don’t work, your GP may prescribe antifungal tablets. Before starting treatment, your GP will take a sample of your nail to test what kind of infection you have. Your GP may also need to do a blood test before and during your treatment. This is to check that your liver is working properly. You may need to take antifungal tablets for up to 6 months. The tablets can have side effects including: You can’t take antifungal tablets if you have certain conditions. This includes liver or kidney disease. They may also be unsuitable if you’re pregnant or breastfeeding. Sometimes badly infected nails need to be removed. This is a small procedure that’s done while the area is numbed underlocal anaesthetic."
Gallbladder cancer,in the early stages gallbladder cancer doesn t cause symptoms which means it could be at an advanced stage by the time it s diagnosed symptoms that occur at a later stage can include these symptoms could be linked to a number of conditions and may not be related to gallbladder cancer however if you have these symptoms you should speak to your gp so they can investigate what s causing them other possible symptoms of gallbladder cancer can include loss of appetite unexplained weight loss and a swollen stomach,"In gallbladder cancer, abnormal cells grow within the gallbladder. It’s not known why this happens, but certain things are thought to increase your chances of developing the condition. Gallbladder cancer is more common in older people, and your chances of developing it increase with age. Lifestyle factors – such asobesity, smoking and an unhealthy diet – are believed to increase the risk of gallbladder cancer. However, there’s not enough evidence to show a firm link between diet and gallbladder cancer. There are also a number of conditions that can increase your chances of developing gallbladder cancer. For example,gallstones, cholecystitis (inflammation of the gallbladder) anddiabeteshave been closely linked to the condition. If you have a family history of gallstones, cholecystitis, or gallbladder cancer, you’re more likely to develop these conditions yourself. TheCancer Research UKwebsite has more information about therisks and causes of gallbladder cancer.",,"The main treatment for gallbladder cancer is surgery to remove the gallbladder and possibly some of the surrounding tissue. Chemotherapyandradiotherapyare also sometimes used, either on their own or in combination with surgery. The treatment programme that’s most suitable for you will depend on: As with all cancers, the chances of survival depend on how far the condition has advanced when it is diagnosed. TheCancer Research UKwebsite has more information abouttreating gallbladder cancerand thestages and outlook for gallbladder cancer."
Gallstones,most cases of gallstones don t cause any symptoms but if a gallstone blocks one of the bile ducts it can cause sudden severe abdominal pain known as biliary colic other symptoms may develop if the blockage is more severe or develops in another part of the digestive system in a small number of people gallstones can cause more serious problems if they obstruct the flow of bile for longer periods or move into other organs such as the pancreas or small bowel if this happens you may develop doctors refer to this more severe condition as complicated gallstone disease read more about thecomplications of gallstones,"Gallstones are thought to develop because of an imbalance in the chemical make-up of bile inside the gallbladder. In most cases the levels of cholesterol in bile become too high and the excess cholesterol forms into stones. Gallstones are very common. It’s estimated that more than 1 in every 10 adults in the UK has gallstones, although only a minority of people develop symptoms. You’re more at risk of developing gallstones if you’re: Read more about: Gallstones are thought to be caused by an imbalance in the chemical make-up of bile inside the gallbladder. Bile is a liquid produced by the liver to aid digestion. It’s still unclear exactly what leads to this imbalance, but gallstones can form if: These chemical imbalances cause tiny crystals to develop in the bile. These can gradually grow (often over many years) into solid stones that can be as small as a grain of sand or as large as a pebble. Sometimes only 1 stone will form, but there are often several at the same time.",,"Your treatment plan for gallstones depends on how the symptoms are affecting your daily life. If you don’t have any symptoms, a policy of ‘active monitoring’ is often recommended. This means you won’t receive immediate treatment, but you should let your GP know if you notice any symptoms. As a general rule, the longer you go without symptoms, the less likely it is that your condition will get worse. You may need treatment if you have a condition that increases your risk of developing complications, such as: Treatment may also be recommended if a scan shows high levels of calcium inside your gallbladder, as this can lead togallbladder cancerin later life. If you have episodes of abdominal pain (biliary colic), treatment depends on how the pain affects your daily activities. If the episodes are mild and infrequent, you may be prescribed painkillers to control further episodes and given advice about eating a healthy diet to help control the pain. If your symptoms are more severe and occur frequently, surgery to remove the gallbladder is usually recommended. The gallbladder isn’t an essential organ and you can lead a perfectly normal life without one. Some people may experience symptoms of bloating and diarrhoea after eating fatty or spicy food. If certain foods do trigger symptoms, you may wish to avoid them in the future."
Ganglion cyst,if you have a ganglion cyst the swelling can become noticeable but often there are no other symptoms sometimes a ganglion can cause pain and limit movement in your joint the pain is usually caused by pressure being applied to the ganglion some people are also concerned about the cyst s appearance most symptoms settle with time,A ganglion cyst starts when the fluid from a joint or tendon collects and forms a jelly-filled sac beneath the skin. It’s not known why this happens but they can be common. Ganglion cysts can form:,,"Most ganglion cysts disappear on their own, without treatment. In the early stages, you should wait to see if this happens. Pain may be related to the pressure being applied to the ganglion. You could adapt your hand position for activities to see if that helps. It’s important to use your hand or foot as normally as you can to avoid the area getting stiff or weak. Your healthcare professional may consider aspiration of the ganglion cyst, if appropriate. It’s a procedure where they will remove fluid from the ganglion with a needle and syringe. You may be referred for surgery if the ganglion is causing significant pain or affects function. The surgery may be carried out under eitherlocal or general anaesthetic. As with any surgery there are associated risks. Your healthcare professional will discuss these with you. After any treatment, there’s a possibility the ganglion may come back."
Gastroenteritis,the main symptoms of gastroenteritis are some people also have other symptoms such as a loss of appetite anupset stomach aching limbs and headaches the symptoms usually appear up to a day after becoming infected they typically last less than a week but can sometimes last longer,,,
Gastro-oesophageal reflux disease (GORD),the main symptoms of gastro oesophageal reflux disease gord are heartburn and acid reflux if you have gord you may also experience if you also haveasthma the symptoms may get worse as a result of stomach acid irritating your airways,"Gastro-oesophageal reflux disease (GORD) is usually caused by the ring of muscle at the bottom of the oesophagus (gullet) becoming weakened. Normally, this ring of muscle opens to let food into your stomach and closes to stop stomach acid leaking back up into your oesophagus. But for people with GORD, stomach acid is able to pass back up into the oesophagus. This causessymptoms of GORD, which can include heartburn and acid reflux. It’s not always clear what causes this ring of muscle to become weakened, but certain things can increase the risk of it happening.",,"The main treatments for GORD are: You may only need to take medication when you experience symptoms, although long-term treatment may be needed if the problem continues. Surgery to stop stomach acid leaking into your oesophagus may be recommended if medication isn’t helping, or you don’t want to take medication on a long-term basis. Read more about thetreatments for GORD. Heartburn and gastro-oesophageal reflux disease (GORD) can often be treated with self-help measures and over-the-counter medicines. If these don’t help, your GP can prescribe stronger medication or refer you to a specialist to discuss whether surgery may be an option."
Generalised anxiety disorder (GAD),gad can cause a change in your behaviour and the way you think and feel about things it can also cause physical changes this results in symptoms like your symptoms may cause you to withdraw from social contact to avoid feelings of worry and dread you may also find going to work difficult and stressful and may take time off sick this can make you worry even more about yourself and increase your lack of self esteem watch more videos of people talking about how they cope with anxiety,"The exact cause of GAD is not fully understood. It’s likely that a combination of several factors plays a role, like: However, many people develop GAD for no obvious reason.",,"GAD can have a significant effect on your daily life. There are several different treatments available that can help. These include: There are also many things you can do yourself to help reduce your anxiety, like: With treatment, many people are able to control their levels of anxiety. Some treatments may need to be continued for a long time. There may be periods where your symptoms worsen. Our mental health self-help guides are based onCognitive Behavioural Therapy (CBT). They’ve proven highly successful in helping people with anxiety and other mental health issues. Daylight is a digital programme to improve anxiety based on Cognitive Behavioural Therapy (CBT). It’s clinically proven to help people improve their anxiety symptoms by using it for just a few minutes each day. You can use Daylight via the app for iOS and Android devices. Sign up for Daylight Support groups can give you useful advice about how to manage your anxiety. They’re also a good way to meet other people with similar experiences. Examples of support groups you may find useful include: Support groups can often arrange face-to-face meetings, where you can talk about your feelings with other people. Many support groups also provide support and guidance online, over the phone or in writing. Ask your GP about local support groups for anxiety in your area. Or searchScotland Service Directory for mental health informationand support services near you. If treatments you’ve tried aren’t helping, you may want to discuss with your GP whether you should be referred to a mental health specialist. You’ll usually be referred to your community mental health team. These teams include a range of specialists, including: A mental health specialist will carry out a reassessment of your condition. They’ll ask you about your previous treatment and how effective you found it. Your specialist will then be able to devise a treatment plan for you. As part of this plan, you may be offered a treatment you’ve not tried before. Or you may be offered a combination of apsychological treatmentwith medication."
Genital herpes,most people with the herpes virus don t notice any symptoms and don t know they have it so it s important to get tested if you think you re infected if you do get symptoms it takes usually 2 to 12 days after contact for them to appear some people don t get symptoms until months or sometimes years later once you have the herpes infection the virus stays in your body it can lie dormant for long periods but can reactivate in the area that was originally infected if this happens the sores and blisters can reappear this is known as a recurrent episode of genital herpes this first episode of genital herpes may last from 2 to 4 weeks repeated episodes are not usually as severe or long as the first and you may never have a repeat episode symptoms of the first infection include if you have a recurrent infection your symptoms may include,,,"Genital herpes can be treated with antiviral medication. The symptoms of genital herpes can be treated, although it could keep coming back. Symptoms of recurrent genital herpes will usually clear up without any treatment. Some people experience recurrences of genital herpes. In these cases, a longer course of tablets should stop any recurrent episodes. You can talk to your GP or nurse about which treatment options are right for you. As there’s no screening test for herpes, partners should only have a test if they also have symptoms."
Genital warts,it can take a few weeks or months for genital warts to appear after becoming infected genital warts are usually small rough lumps on the skin they can appear genital warts may they don t usually cause symptoms but can sometimes be painful itchy or bleed,,,"Treatment for genital warts is not always needed. They sometimes disappear on their own within 6 months. If treatment is recommended, it’ll be prescribed by your doctor. Your doctor or nurse may advise you to avoid sex while you’re having treatment for genital warts. The type of treatment you’ll be offered depends on what your warts are like. Your doctor or nurse will discuss this with you. Treatment options include: You can usually apply this to the warts yourself a few times a week for several weeks. A doctor or nurse freezes the warts with liquid nitrogen, usually every week for 4 weeks. A doctor or nurse can cut or burn the warts off. This is usually only recommended if the warts are not responding or are too large for cream or freezing. Side effects of these treatments include:"
Germ cell tumours,the symptoms depend on where the tumour develops usually it starts with a lump that can either be felt or causes other symptoms,The cause of germ cell tumours is unknown but research into the causes of different cancers is ongoing.,,"The treatment your child will have usually depends on a number of factors, including the size, position and stage of the tumour. It usually includes either surgery or chemotherapy, or a combination. A benign tumour can be cured if it is removed by surgery. It may mean removing a testicle or an ovary if this is where the tumour started. If the tumour is malignant and can be completely removed with surgery,chemotherapyis not always needed, especially if it began in the testis or ovary. If the tumour cannot be removed easily or has spread, your child will be given chemotherapy. Chemotherapy is the use of anti-cancer (cytotoxic) drugs to destroy cancer cells. Germ cell tumours are very sensitive to chemotherapy. It’s usually given as injections and drips (infusions) into a vein. A combination of drugs is usually given every 3 weeks for 3 or 5 months. The length of time chemotherapy is given for depends on the position of the tumour, the level of AFP, and whether or not the tumour has spread. Treatment of malignant germ cell tumours in the brain is a little different. Although they are very sensitive to chemotherapy, treatment with radiotherapy is also needed.Radiotherapyis the use of high-energy rays to destroy cancer cells. Unlike germ cell tumours elsewhere in the body, it’s not always necessary to remove germ cell tumours in the brain with surgery. Treatment often causes side effects, and your child’s doctor will discuss these with you before treatment starts. The operation your child has will be individually planned to try to reduce any possible problems. The surgeon and specialist nurse will discuss this with you. The side effects of chemotherapy usually gradually improve when treatment is over and many of them can be well controlled. The side effects of treatment depend on the drugs used but can include: A small number of children may develop long-term side effects of treatment, sometimes many years later. These are not common but may include problems with how the kidneys or lungs work and some hearing loss. Your child’s specialist doctor or nurse will tell you more about any possible late side effects. If your child has only one ovary or testis removed, they’ll usually still be able to have children in the future. Many children have their treatment as part of a clinical research trial. Trials aim to improve our understanding of the best way to treat an illness, usually by comparing the standard treatment with a new or modified version. Specialist doctors carry out trials for children’s cancers. If appropriate, your child’s medical team will talk to you about taking part in a clinical trial and will answer any questions you have. Written information is often provided to help explain things. Taking part in a research trial is completely voluntary, and you’ll be given plenty of time to decide if it’s right for your child. Sometimes, clinical trials are not available for your child’s tumour. This may be because a recent trial has just finished, or because the tumour is very rare. In these cases, you can expect your doctors and nurses to offer treatment which is agreed to be the most appropriate, using guidelines which have been prepared by experts across the country. TheChildren’s Cancer and Leukaemia Group(CCLG) is an important organisation which helps to produce these guidelines. Your child will continue to have regular blood tests during and after treatment, to check their levels of AFP and HCG. If the levels rise, this indicates that the tumour might have come back and further treatment is needed. If you have specific concerns about your child’s condition and treatment, it’s best to discuss them with your child’s doctor, who knows the situation in detail."
Glandular fever,glandular fever is most common in 15 to 24 year olds common symptoms include other symptoms include,Glandular fever is caused by the Epstein-Barr virus (EBV). This virus is found in the saliva of infected people and can be spread through: EBV may be found in the saliva of someone who has had glandular fever several months after their symptoms pass. Some people may continue to have the virus in their saliva on and off for years.,,"Glandular fever will normally get better on its own. But there are things you can do help ease the symptoms while you wait for your body to control the infection. Occasionally,antibioticsorcorticosteroidsmay be prescribed if you develop complications of glandular fever. Some people with particularly severe symptoms may need to be looked after in hospital for a few days."
Golfers elbow,golfer s elbow causes pain and tenderness on the inside of your elbow that may spread down your forearm this can cause,"Golfer’s elbow symptoms develop when there’s a problem with the tendons around the elbow.  These tendons help with gripping activities. Activities that involve the use of these tendons can include: Repeated use of the muscles that help bend your wrist and fingers can cause changes to the tendon, often due to overloading it. Other factors that can affect tendon health include: Golfer’s elbow can be referred to as a self-limiting condition. This means it can get better on its own over time in up to 80% of the people with this condition.",,"If your elbow pain is aggravated by certain movements try to reduce these by modifying your activity. You can modify your activity by: As well as modifying your activities it’s important to start exercising your elbow. Read about exercises for golfers elbow Pain medication can help you move more comfortably, which can help your recovery. More abouttaking painkillers. Elbow support Some people find a elbow support, sometimes called an epiclasp, can be helpful to manage the pain caused by golfer’s elbow. Research suggests they may be useful in the short term but overall there is limited evidence to support their use. Corticosteroid Injection If exercise, modification of activity and painkillers aren’t helping to control the pain, your healthcare professional may discuss the option of having a corticosteroid injection into your elbow. However, current evidence has shown limited benefit for this type of condition and may be detrimental to the health of your tendon. Corticosteroids are medicines that help reduce pain and inflammation. They may also be given with alocal anaesthetic. Injections won’t cure your condition, they are used to help with the pain. Read more about corticosteroids"
Gonorrhoea,many people with gonorrhoea won t notice any symptoms if you do get symptoms it s usually between 1 to 14 days after getting the infection symptoms of gonorrhoea may include gonorrhoea can also infect the throat eyes or anus you may experience pain or discharge in these areas gonorrhoea in the throat usually has no symptoms having the infection during pregnancy can result in giving birth to the baby early premature birth gonorrhoea can be passed on to the baby during birth and can result in eye infections in the infant,,,"Antibiotics will treat the gonorrhoea infection. These can be given in pill form or as an injection. Some strains of gonorrhoea are becoming resistant to antibiotics. This can make it more difficult to treat. You may be tested again 3 weeks later to check the antibiotics have worked. If there’s a high chance you have gonorrhoea, you may be given treatment before you get your results back. You may also be offered treatment if your partner (s) is found to have gonorrhoea. Tell the doctor or nurse if you: This may make a difference to the antibiotic you’re prescribed. If your infection is untreated you may pass it on to other sexual partners. If gonorrhoea is left untreated in women, it can spread to the womb and cause a serious condition calledpelvic inflammatory disease (PID). This is a major cause ofectopic pregnancyand infertility in women. If men are not treated, the infection may spread to the testicles and cause discomfort. This could affect your fertility. Do not have sex until you and your partner have both finished the treatment. You should also wait until you’ve had the results of the 2 week test to prevent being infected again."
Greater trochanteric pain syndrome,these can vary from person to person people may experience some or all of these symptoms including,Often GTPS can occur for no apparent reason but these are some factors which appear to contribute to it. These include:,,"An important step in your recovery is identifying which activities are causing or increasing your pain. Modifying those activities can help to reduce symptoms. The key to success is slow progressive loading of the soft tissues through exercise that strengthen the muscles involved. Read more about exercises for greater trochanteric pain syndrome Over time it is important to gradually increase the exercises to help the tendons and muscles become stronger, less painful and more able to cope with your normal activity levels. Other ways to help improve symptoms include: This condition can often take 6 to 12 months of rehabilitation to settle, but this will depend on the cause. It is normal to have flare ups during this time. If this happens, then it may be best to reduce the repetitions or rest for a few days before starting again. Pain medication can help you move more comfortably, which can help your recovery. More about taking painkillers If painkillers aren’t helping to control the pain, your healthcare professional may discuss the option of having a corticosteroid injection into the outer hip. Corticosteroids are medicines that help reduce pain and inflammation. They may also be given with alocal anaesthetic. Injections may not cure your condition, they are used to help with the pain. Read more about corticosteroids"
"Hand, foot and mouth disease",the signs of hand foot and mouth disease can include source dermnetnz org after 1 or 2 days red spots appear on the tongue and inside the mouth these quickly develop into larger yellow greymouth ulcerswith red edges the ulcers can be painful and make eating drinking and swallowing difficult they should pass within a week soon after the mouth ulcers appear you may notice a rash made up of small raised red spots on the skin these can develop on the the spots may then turn into smallblisterswith a grey centre the spots and blisters can sometimes be itchy or uncomfortable and usually last up to 10 days,,,"Hand, foot and mouth disease can be unpleasant, but it will usually clear up by itself within 7 to 10 days. You can normally look after yourself or your child at home. There’s no cure for hand, foot and mouth disease. Antibioticswon’t help as hand, foot and mouth disease is caused by a virus. You should keep your child away from nursery or school until they’re feeling better. Adults with the condition should stay away from work until they’re feeling better."
Hay fever,the symptoms of hay fever include other symptoms of hay fever are less common this includes if you haveasthma your asthma symptoms may get worse when you have hay fever there are some steps you can take to prevent hay fever symptoms you may find it helpful to check the pollen forecast in your area this can help you plan your day to day activities and when to take your hay fever treatments the met office have advice onthe latest pollen forecasts,"Hay fever is caused by an allergic reaction to pollen. Pollen is a fine powder released by plants as part of their reproductive cycle. It contains proteins that can cause the nose, eyes, throat and sinuses to become swollen, irritated and inflamed. You can have an allergy to:",,There’s currently no cure for hay fever but most people can relieve symptoms with treatment. Treatment options for hay fever include: Many hay fever medications are available over-the-counter.
Heart block,there are a few different types of heart block your symptoms will depend on which type of heart block you have a first degree heart block is when there s a very short delay in the heart s electrical impulse first degree heart block does not usually cause any noticeable symptoms most people only become aware of it when they re tested for another medical condition there are 2 types of second degree heart block called mobitz type 1 and mobitz type 2 mobitz type 1 causes a series of increasing delays in the heart s electrical impulses until the heart eventually skips a beat this is the less serious type of second degree heart block and most people will not have any symptoms however it can sometimes cause dizziness and fainting mobitz type 2 causes irregular delays in the heart s electrical impulses which means the heart skips a beat more often mobitz type 2 is more likely to cause symptoms like a third degree heart block is also known as complete heart block this is when electrical impulses are not sent between the chambers of the heart third degree heart block can be symptoms of a third degree heart block include bundle branch block is when electrical impulses travel more slowly through the heart than normal this happens when there s a block in the path that the electrical impulses usually follow there are 2 types of bundle branch block these are bundle branch block doesn t usually cause any symptoms,"Most people with heart block develop it later in life, or as a result of another condition. This is known as acquired heart block. Acquired heart block can be caused by: Other people are born with heart block. This is known as congenital heart block. Babies are more likely to have congenital heart block if they’re born with a heart defect or their mother has an autoimmune condition likeLupus.",,"Treatment for heart block will usually depend on what type of heart block you have. First degree heart block and Mobitz type 1 don’t usually need treatment. Third degree (complete) heart block and Mobitz type 2 and are usually treated with apacemaker. A pacemaker is a small metal box that’s inserted under the skin. It’s attached to one or more wires that run to your heart. The pacemaker sends regular impulses to the heart to keep it beating regularly. In emergency situations, you may be given medication to speed up your heart beat. A temporary pacemaker can also help stabilise you before you’re given a permanent pacemaker."
Heart failure,when the heart is not pumping blood as well as it should you can experience a range of symptoms,There are many reasons why someone might develop heart failure. These can include:,,"If you have heart failure, treatments are available to help you manage your symptoms. This can help to improve your quality of life. Your doctor will discuss treatment options with you. The best option for you will depend on your individual circumstances. The standard medicines for treating heart failure are: For some people with severe heart failure, a heart transplant may be recommended. Your doctor will discuss whether this is an appropriate option for you."
Heatstroke and heat illness,symptoms of heat exhaustion include the symptoms of heat exhaustion are usually the same in adults and children children might also behave strangely heatstroke symptoms can include,"Heat exhaustion and heatstroke can happen when you’re exposed to high temperatures. For example, if you exercise in hot places or spend a lot of time outside in the heat.",,"You should follow the first aid advice above if someone has signs of heatstroke. To treat heatstroke, healthcare professionals will try to cool your body down. They may also give you fluids through a vein."
Hepatitis A,some people with hepatitis a particularly young children won t have any symptoms if you do develop symptoms they tend to occur around 4 weeks after exposure to the hepatitis a virus symptoms of hepatitis a include,,,"There’s currently no cure for hepatitis A. It will usually get better its own within a couple of months. Once hepatitis A passes, you’ll normally be immune to it for life. There are things you can do to help your symptoms and prevent the infection spreading to others. Speak to your GP practice if your symptoms get worse or haven’t started to improve within a couple of months. They can prescribe medications to help with itchiness, nausea or vomiting, if needed. Hepatitis A can occasionally last for many months. In rare cases, it can be life-threatening if it causes liver failure. People most at risk include those with other liver problems and elderly people. If liver failure does occur, aliver transplantis usually needed to treat it."
Hepatitis B,many people with hepatitis b won t have any symptoms if you do develop symptoms they tend to occur 2 or 3 months after exposure to the hepatitis b virus symptoms of hepatitis b include,,,"Treatment for hepatitis B depends on how long you’ve been infected for. If you’ve been exposed to the virus in the last few days, emergency treatment can help stop you becoming infected. Acute hepatitis B means you’ve only had the infection for a few weeks or months. You may only need treatment to relieve your symptoms while your body fights off the infection itself. Chronic hepatitis B means you’ve had the infection for more than 6 months. You may be offered medicines that can keep the virus under control and reduce the risk of liver damage. Chronic hepatitis B often requires:"
Hepatitis C,many people with hepatitis c won t have any symptoms until the liver has been significantly damaged this means many people have the infection without knowing most people will not have symptoms during the first 6 months of a hepatitis c infection this stage is known as acute hepatitis c if symptoms do develop they usually occur a few weeks after infection early symptoms may include symptoms can vary from person to person they can also go away for long periods of time and then return later symptoms may include,,,"Treatment takes 8 to 12 weeks, and usually cures the infection. But you won’t be immune to hepatitis C. So you should take steps to reduce your risk of becoming infected again. If the infection is diagnosed early (acute hepatitis), you may not need treatment straight away. Instead, you may have another blood test after a few months to see if your body fights off the virus itself. If the infection continues for several months (chronic hepatitis), treatment will usually be recommended. There are things you can do to stop liver damage and prevent the infection spreading to others before you start treatment."
High blood pressure (hypertension),high blood pressure often has no symptoms so if you think you may have high blood pressure or you re on medication for it you should check your blood pressure regularly in rare cases high blood pressure may cause symptoms,"You may be more at risk from high blood pressure if you: For some people, a cause of high blood pressure is found. This can include: About1 in 10 womenhave high blood pressure during pregnancy. This might have been diagnosed before becoming pregnant or diagnosed for the first time during pregnancy. Find out more about blood pressure and planning your pregnancy",,"Sometimes a combination of treatments is needed to treat high blood pressure. This means you may have to take more than one type of medication in addition to making healthy lifestyle changes. The most common medications for high blood pressure are: If you have high blood pressure, you may have to take medication to treat it for the rest of your life. But, the effect of medication and your lifestyle on your blood pressure should be monitored over time."
HIV,most people experience a short flu like illness 2 to 6 weeks after infection which lasts for 2 weeks this is known as primary hiv infection symptoms of primary hiv infection include other symptoms can include after these symptoms disappear hiv may not cause symptoms for many years during this time hiv continues to be active and causes damage to your immune system this means many people who have hiv do not know they re infected once the immune system becomes severely damaged symptoms can include,,,"Antiretroviral medicines are used to treat HIV. They work by stopping the virus multiplying in the body, allowing the immune system to repair itself and prevent further damage. These come in tablet form and must be taken every day. Most people with HIV take a combination of medicines. The goal of HIV treatment is to have an undetectable viral load. This means the level of HIV virus in your body is low enough to not be detected by a test. People who take HIV treatment and whose virus level is undetectable can’t pass HIV on to others. Although there is no cure for HIV yet, people living with HIV who take their treatment should have a normal lifespan and good health. Without treatment, people with HIV will eventually become unwell. HIV can be fatal if it’s not detected and treated in time to allow the immune system to repair. It’s extremely important to test for HIV if you think you’ve been exposed."
Hodgkin lymphoma,the most common symptom of hodgkin lymphoma is a swelling in the neck armpit or groin the swelling is usually painless although some people find that it aches the swelling is caused by an excess of affected lymphocytes white blood cells collecting in a lymph node also called lymph glands lymph nodes are pea sized lumps of tissue found throughout the body they contain white blood cells that help to fight infection however it s highly unlikely that you have hodgkin lymphoma if you haveswollen lymph nodes as these glands often swell as a response to infection some people with hodgkin lymphoma also have other more general symptoms these can include other symptoms will depend on where in the body the enlarged lymph glands are for example if the abdomen tummy is affected you may haveabdominal painorindigestion a few people with lymphoma have abnormal cells in their bone marrow when they re diagnosed this may lead to in some cases people with hodgkin lymphoma experience pain in their lymph glands when they drink alcohol,"The exact cause of Hodgkin lymphoma is unknown. However, your risk of developing the condition is increased if: You also have an increased risk of developing Hodgkin lymphoma if a first-degree relative (parent, sibling or child) has had the condition. Read more about thecauses of Hodgkin lymphoma. Hodgkin lymphoma is caused by a change (mutation) in the DNA of a type of white blood cell called B lymphocytes, although the exact reason why this happens isn’t known. The DNA gives the cells a basic set of instructions, such as when to grow and reproduce. The mutation in the DNA changes these instructions so the cells keep growing, causing them to multiply uncontrollably. The abnormal lymphocytes usually begin to multiply in one or more lymph nodes in a particular area of the body, such as your neck or groin. Over time, it’s possible for the abnormal lymphocytes to spread into other parts of your body, such as your:",,"Hodgkin lymphoma is a relatively aggressive cancer and can quickly spread through the body. Despite this, it’s also one of the most easily treated types of cancer. Your recommended treatment plan will depend on your general health and age, because many of the treatments can put a tremendous strain on the body. How far the cancer has spread is also an important factor in determining the best treatment. The main treatments used arechemotherapy, followed byradiotherapyor chemotherapy alone. Surgery isn’t generally used as a treatment for the condition. Read more about: Hodgkin lymphoma can usually be treated successfully with chemotherapy alone, or chemotherapy followed by radiotherapy. Your specific treatment plan will depend on your general health and your age, as many of the treatments can put a tremendous strain on the body. How far the cancer has spread is also an important factor in determining the best treatment. Discussions about your treatment plan will usually take place with several doctors and other health professionals who specialise in different aspects of treating lymphoma. This is known as a multidisciplinary team (MDT). Your MDT will recommend the best treatment options for you. However, you shouldn’t be rushed into making a decision about your treatment plan. Before deciding, you may wish to talk to friends, family and your partner. The main treatments for Hodgkin lymphoma are chemotherapy alone, or chemotherapy followed by radiotherapy. In a few cases, chemotherapy may be combined with steroid medication. Surgery isn’t generally used to treat the condition, except for thebiopsyused to diagnose it. Overall, treatment for Hodgkin lymphoma is highly effective and most people with the condition are eventually cured."
Hodgkin lymphoma: Children,the first sign of hodgkin lymphoma is usually a painless swelling of 1 gland or a group of lymph glands which continues for some weeks or even months the first glands that are likely to be affected are in the neck or above the collarbone most often only on 1 side however it s important to remember that children s glands can also become swollen when they have a common infection that causes a sore throat or a cold if glands in the chest are affected this can cause a cough or breathlessness this is caused by the pressure the glands exert on the airways sometimes a child with hodgkin lymphoma may have a high temperature fever night sweats weight loss or itchy skin,"The exact cause of Hodgkin lymphoma is not known. In most people that develop Hodgkin lymphoma, no cause is found. However, there is increasing evidence that infections, such as the virus that causes glandular fever, may play a part in the development of Hodgkin lymphoma, especially in childhood. Poor immunity may also be a risk factor for developing the disease. Very rarely, more than one member of a family may develop Hodgkin lymphoma but it is not inherited from parents and you cannot catch it from another person.",,"Children with Hodgkin lymphoma are usually treated with chemotherapy, but sometimes radiotherapy is also needed. The type and amount of treatment given depend on the stage of the disease when it is diagnosed. Your child’s doctor will discuss the treatment options with you. This is the use of anti-cancer (cytotoxic) drugs to destroy cancer cells. It is usual for a combination of drugs to be used, which will often be given every few weeks over a number of months. A combination of drugs is used because each chemotherapy drug works in a different way. Using several drugs together increases the effectiveness of the treatment. It also means lower doses of individual drugs can be used, which may reduce the possibility of long-term side effects. This is used in less than half of people with Hodgkin lymphoma. It treats cancer by using high energy rays that destroy the cancer cells while doing as little harm as possible to normal cells. Treatment for Hodgkin lymphoma can cause side effects, and your child’s doctor will discuss these with you before the treatment starts. Any possible side effects will depend on the particular treatment being used and the part of the body that is being treated. Some general side effects of chemotherapy that can occur during treatment include: Changes to your child’s sense of taste and changes in their bowel may also happen. If your child has side effects from the treatment it is important to discuss them with your doctor or nurse. They may be able to help reduce them. The cure rate for Hodgkin lymphoma is very high, which means some children may develop side effects many years after treatment. The chance of developing late side effects depends on where the original tumour was, how far it spread, and the type of treatment your child had. These late side effects can affect the normal organs such as the heart, kidneys and lungs. Following treatment for Hodgkin lymphoma, there is a small increase in the risk of developing another cancer in later life. There is also a chance that fertility may be affected. Teenage boys who are diagnosed after puberty should have the option of sperm banking before treatment starts. In this situation, sperm can be stored for possible use in later years. Your child’s doctor or nurse will explain more about any possible late side effects. Many children have their treatment as part of a clinical research trial. Trials aim to improve our understanding of the best way to treat an illness, usually by comparing the standard treatment with a new or modified version. The aim of treatment for Hodgkin lymphoma is to cure the cancer with the fewest possible short and long-term side effects. This is particularly important in childhood Hodgkin lymphoma where cure rates are high. It’s important to get the balance right between curing the cancer and having the lowest risk of long-term side effects. If appropriate, your child’s medical team will talk to you about taking part in a clinical trial and will answer any questions you may have. Written information is often provided to help explain things. Taking part in a research trial is completely voluntary, and you’ll be given plenty of time to decide whether it’s right for your child. Sometimes, clinical trials are not available for your child’s tumour. This may be because a recent trial has just finished, or because the tumour is very rare. In these cases, you can expect your doctors and nurses to offer treatment which is agreed to be the most appropriate, using guidelines which have been prepared by experts across the country. TheChildren’s Cancer and Leukaemia Group(CCLG) is an important organisation which helps to produce these guidelines. About 90% of children who develop Hodgkin lymphoma are cured. When your child completes treatment, they will then go into a follow-up phase, seeing doctors and nurses in out-patient clinics usually for around five years. Clinic visits will be every 3 to 4 months to start with and there will be occasional scans, X-rays, and blood tests done for several years after completing treatment. If the cancer comes back, a different course of treatment can be given. If you have specific concerns about your child’s condition and treatment, it’s best to discuss them with your child’s doctor, who knows the situation."
Hodgkin lymphoma: Teenagers and young adults,one of the most common symptoms is having a painless lump the lump is caused by swollen lymph nodes there may be one or more lumps and these may be in your neck armpit or groin lumps can also be inside the body a commonplace would be inside the chest and this can cause a cough or breathlessness some people feel tired and lethargic with lymphoma itching of the skin is also quite common some people with hodgkin lymphoma have other symptoms such as high temperatures very heavy sweats especially at night and unexplained weight loss doctors call these symptoms b symptoms most of the symptoms that people get with lymphoma may also be caused by other illnesses for example swollen lymph nodes high temperatures and sweats may be caused by an infection but if you have any of these symptoms or are worried that you may have hodgkin lymphoma go to your gp they ll examine you and refer you to a hospital if they think you need to see a specialist doctor,"It’s not known what causes Hodgkin lymphoma. Research is going on to try to find out. Remember, though, it isn’t anything that you’ve done. Hodgkin lymphoma is one of the most common cancers in young people over the age of 10. About 1 in 6 of all cancers affecting young people between 15 and 24 is a Hodgkin lymphoma. Hodgkin lymphoma isn’t infectious and can’t be passed on to other people or family members. If you’re looking for information about Hodgkin lymphoma in people of all ages, read our generalHodgkin lymphomasection.",,
Hydrocephalus,the damage to the brain from hydrocephalus can cause symptoms like babies born with hydrocephalus known as congenital hydrocephalus often have physical features like hydrocephalus from birth can also cause hydrocephalus that develops in children or adults acquired hydrocephalus can cause normal pressure hydrocephalus nph tends to develop slowly over many months or years it s more common in older people nph can affect if you have nph you might find it difficult to take the first step when you walk some people with nph describe it as feeling like they re frozen on the spot nph can also cause you to shuffle rather than take proper steps as nph progresses you might be more prone to falls and become increasingly unsteady on your feet this might be worse when you re turning you might experience urinary incontinence if you have nph symptoms can include if you have nph you might these symptoms may improve when nph is treated,"Hydrocephalus can be congenital (present from birth). This is called congenital hydrocephalus. It may be related to other health conditions, like spina bifida. Hydrocephalus can happen when the normal pathways for brain fluid become blocked. This can be caused by bleeding in the brain or a tumor. This is called obstructive hydrocephalus. Sometimes the normal pathways for brain fluid are narrower than they should be. This can cause triventricular hydrocephalus. Hydrocephalus can also happen after bleeding or an infection in the brain. The bleeding or infection reduces the brain’s ability to absorb brain fluid. This problem continues even after the bleeding or infection has been resolved. This is called aresorbtive hydrocephalus.",,"Surgery is necessary to treat hydrocephalus. You or your child may be offered temporary or permanent treatments, depending on your circumstances. The medical professionals treating you will fully explain your options. Sometimes a baby with hydrocephalus cannot have permanent treatment. In these circumstances, you’ll be offered a temporary surgical solution. In some cases, surgeons may insert an access device. This involves inserting a small port under the skin. Brain fluid can then be drained from this device using a needle. Another option that may be recommended is a subgaleal shunt. This is where surgeons create a pocket under the skin. Brain fluid can then drain into this pocket. Most hydrocephalus cases are treated through surgery to insert a ventriculoperitoneal shunt. This allows fluid to drain from the brain. The fluid normally drains into the abdomen (tummy), but can also drain into the chest cavity or heart. If you have triventricular hydrocephalus, you may be offered an endoscopic third ventriculostomy. This surgery cuts a small hole in the skull and creates a new pathway for brain fluid to circulate. The medical professionals looking after you will explain the procedure and answer any questions you may have. After surgery, you or your child should be able to live a normal life without restrictions. Regular follow up appointments throughout your life are not normally necessary. If there are signs of a problem with the shunt a scan can help identify the problem. Sometimes the shunt might not be in the best position and further surgery might be needed to reposition it. Your surgeon will discuss this with you. After the shunt has been installed, further treatment for hydrocephalus may be needed if the shunt malfunctions or becomes infected. If this happens shunt repair surgery might be needed. A shunt blockage can be very serious. It can lead to a build-up of excess fluid in the brain, which can cause brain damage. This will cause the symptoms of hydrocephalus. Shunt infection can also happen after shunt surgery. Infections are more likely to develop during the first month after surgery. Phone your surgical team immediately if you or your child shows symptoms of an infection like: If there is an infection, the shunt will have to be removed.Antibioticswill then be used to treat the infection. Once the infection is clear a new shunt can be fitted. As most children have their shunt fitted when they’re so young, they may need further surgeries throughout their life. There can occasionally be bleeding when a shunt is positioned. This can cause neurological problems. There’s also a small risk of fits after any type of brain surgery. In younger children, particularly babies, cerebrospinal fluid (CSF) can run alongside the shunt rather than down it. This can cause the fluid to leak through the skin wound. Additional stitches or further surgery will be needed to stop the leak. VisitSpina Bifida and Hydrocephalus Scotlandfor information about how to apply for a medical alert card. You carry the card with you if you’ve had a shunt fitted."
Hyperglycaemia (high blood sugar),symptoms of hyperglycaemia in people with diabetes tend to develop slowly over a few days or weeks in some cases there may be no symptoms until the blood sugar level is very high symptoms of hyperglycaemia include symptoms of hyperglycaemia can also be due to undiagnosed diabetes so see your gp if this applies to you you can have a test to check for the condition,"A variety of things can trigger an increase in blood sugar level in people with diabetes, including: Occasional episodes of hyperglycaemia can also occur in children and young adults during growth spurts.",,"If you’ve been diagnosed with diabetes and you have symptoms of hyperglycaemia, follow the advice your care team has given you to reduce your blood sugar level. If you’re not sure what to do, contact your GP or care team. You may be advised to: You may also be advised to monitor your blood sugar level more closely, or test your blood or urine for substances called ketones (associated with diabetic ketoacidosis). Until your blood sugar level is back under control, watch out for additional symptoms that could be a sign of a more serious condition (see below)."
Hypoglycaemia (low blood sugar),the symptoms of hypoglycaemia usually begin when your blood glucose level drops below four millimoles mmol per litre if you havediabetes particularly if it s treated with insulin you may be advised to use a small device called a blood glucose meter to regularly check your blood glucose levels symptoms can vary from person to person and it s important to be aware of the early warning signs so you can treat them signs and symptoms of hypoglycaemia can include if hypoglycaemia isn t treated promptly and your blood glucose levels drop low enough you may become drowsy or even lose consciousness most people with insulin treated diabetes notice that the symptoms of hypoglycaemia change and become less obvious the longer they live with the condition for some people the warning symptoms become greatly reduced putting them at significant risk of having severe episodes where they re dependent on others for help let your diabetes care team know if you develop this problem as your treatment may need to be changed to reduce the risk read more abouthow hypoglycaemia is treated,"In most cases, hypoglycaemia affects people withdiabetes, although more rarely it can also occur as a result of other underlying conditions.",,"In most cases, you can treat hypoglycaemia yourself when you recognise the symptoms. The immediate treatment for hypoglycaemia is to have some sugary food or drink (about 15 to 20g of rapidly acting carbohydrate) to end the attack. For example, this could be: At first you should avoid fatty foods and drinks, such as chocolate and milk, because they don’t usually contain as much sugar and the sugar they do contain may be absorbed more slowly. After having something sugary, you should have a longer-acting carbohydrate food, such as a few biscuits, a cereal bar, a piece of fruit or a sandwich. It will usually take around 15 minutes to recover from a mild episode of hypoglycaemia. If you have a blood glucose meter, measure your blood sugar again after 15 to 20 minutes. If it’s still too low (below 4mmol), you should have some more sugary food or a drink before testing your levels again in another 15 to 20 minutes. When treating someone else with hypoglycaemia, if the above treatment isn’t effective, you may be able to help them by applying glucose gel (or honey, treacle or jam if glucose gel isn’t available) to the inside of their cheeks, and gently massaging the outside of their cheeks. It may take 10 to 15 minutes before they feel better. This shouldn’t be done if the person is drowsy or unconscious because of the risk of choking. If you have several episodes of hypoglycaemia a week, you should contact your diabetes care team to find out the underlying cause. Your medication may need to be adjusted, or there may be another condition causing hypoglycaemia that needs to be treated. If you’re at risk of hypoglycaemia, you should carry sugary food and drink with you at all times to treat mild cases as soon as possible. If you have diabetes, particularly type 1 diabetes, your doctor may recommend medications such as glucose gel to carry with you. This can be used to treat hypoglycaemia that doesn’t respond to normal treatment. If you’re being treated with insulin, you’ll usually be given a kit that contains an injection of a medication called glucagon. Family members or your carer can be trained to carry out the injection, which should be used if you lose consciousness because of severe hypoglycaemia."
Hypothermia (low body temperature),hypothermia ranges from mild to severe based on your body temperature symptoms of hypothermia include shivering is the body s normal reaction to being cold if you re shivering without other symptoms it s important to warm up shivering by itself is not hypothermia in severe hypothermia you may no longer be able to shiver even if you feel very cold to touch a baby with hypothermia may,"Hypothermia can happen both indoors and outdoors. You can get it if you: Hypothermia can also be caused by a medical condition likesepsisor an infection. If it’s caused by a medical problem, you’ll usually have other symptoms too.",,"If you have hypothermia, you’ll usually be treated in hospital. Your heart rate will be monitored and you may be given oxygen to help you breathe. You may also be given warm fluids straight into a vein to help your body warm up. Treatment in intensive care may be needed if you have severe hypothermia."
Idiopathic pulmonary fibrosis,the symptoms of ipf tend to develop gradually and get slowly worse over time symptoms can include many people ignore their breathlessness at first and blame it on getting old or being out of shape but eventually even light activity like getting dressed can cause shortness of breath the strain ipf can put on your lungs and heart increases the risk of secondary conditions like,"In people with IPF, the tiny air sacs in the lungs (alveoli) become damaged and increasingly scarred. This causes the lungs to become stiff and means it’s difficult for oxygen to get into the blood. The reason this happens is not known. Idiopathic means the cause is unknown. IPF has been linked to: But it’s not known whether some of these factors directly cause IPF.",,"There’s currently no cure for IPF, but there are several treatments that can help relieve the symptoms and slow down its progression. Treatments include:"
Impetigo,impetigo does not cause any symptoms until 4 to 10 days after you first become infected this means that people can easily pass the infection on to others without realising it there are 2 main types of impetigo known as non bullous and bullous impetigo which have different symptoms most people with impetigo have the non bullous type,"Impetigo occurs when the skin becomes infected with bacteria, usually either Staphylococcus aureus or Streptococcus pyogenes. These bacteria can infect the skin in 2 ways: The bacteria can be spread easily through close contact with someone who has the infection, such as through direct physical contact, or by sharing towels or flannels. As the condition does not cause any symptoms until 4 to 10 days after initial exposure to the bacteria, it is often easily spread to others unintentionally. Impetigo stops being infectious after 48 hours of treatment starting or after the sores have stopped blistering or crusting.",,"Impetigo isn’t usually serious and often clears up without treatment after 2 to 3 weeks. Treatment is often recommended as it can help clear up the infection in around 7 to 10 days and reduce the risk of the infection being passed on to others. If impetigo is confirmed, it can usually be effectively treated withantibiotics. If the infection is being caused by an underlying skin condition, such aseczema, this may also need to be treated. Further tests are usually only required in cases where the infection is severe or widespread, doesn’t respond to treatment, or keeps recurring. In these circumstances, your GP may refer you to a dermatologist (skin specialist) for further tests or they may take a swab of the affected skin themselves for testing. This can help to rule out or confirm other skin conditions that may be responsible for your symptoms and can detect whether you carry one of the types of bacteria responsible for the infection inside your nose. If your doctor thinks you may keep getting impetigo because you naturally have these bacteria inside your nose, they may prescribe you an antiseptic nasal cream to try to clear the bacteria."
Indigestion,the main symptom of indigestion is pain or a feeling of discomfort in your upper abdomen dyspepsia people often experience the associated feeling of burning behind the breastbone heartburn but this may occur on its own these symptoms usually come on soon after eating or drinking although there can sometimes be a delay between eating a meal and experiencing indigestion heartburnis caused by acid that passes from your stomach into your gullet oesophagus if you have indigestion you may also have symptoms such as,"Indigestion has a number of different causes, but it’s rarely due to a serious, underlying condition. It’s normal for your stomach to produce acid, but sometimes this acid can irritate the lining of your stomach, the top part of your bowel (duodenum) or your gullet (oesophagus). This irritation can be painful and often causes a burning sensation. Indigestion may also be due to the lining of your digestive system being overly sensitive to acid, or the ‘stretching’ caused by eating. Indigestion can also be triggered or made worse by other factors.",,"Most people are able to treat indigestion with simple changes to their diet and lifestyle, or with a number of different medications, such as antacids. Read more about thetreatment of indigestion. Very rarely, a serious underlying health condition is the cause of indigestion. If this is suspected, then further investigation such as an endoscopy will be required. Treatment for indigestion (dyspepsia) will vary, depending on what is causing it and how severe your symptoms are. If you have been diagnosed with an underlying health condition, you may want to read our information on: If you have indigestion that is persistent or recurring, treatment with antacids and alginates may not be effective enough to control your symptoms. Your pharmacist may recommend a different type of medication, which will be prescribed at the lowest possible dose to control your symptoms. Possible medications include: Your pharmacist may advise you to see your GP who may also test you for the Helicobacter pylori (H pylori) bacteria (seeIndigestion – diagnosis) and prescribe treatment for this if necessary. PPIs restrict the acid produced in your stomach. The medication is taken as tablets and if you are over 18, you can buy some types of PPIs over the counter in pharmacies, but these should only be used for short-term treatment. PPIs may enhance the effect of certain medicines. If you are prescribed a PPI, your progress will be monitored if you are also taking other medicines, such as: If your ingestion is persistent, your pharmacist might advise you to see your GP. If your GP refers you for an endoscopy (a procedure that allows a surgeon to see inside your abdomen), you will need to stop taking a PPI at least 14 days before the procedure. This is because PPIs can hide some of the problems that would otherwise be spotted during the endoscopy. PPIs can sometimes cause side effects. However, they are usually mild and reversible. These side effects may include: H2-receptor antagonists are another type of medication that your pharmacist or GP may suggest if antacids, alginates and PPIs have not been effective in controlling your indigestion. There are four H2-receptor antagonists: These medicines work by lowering the acidity level in your stomach. Your GP may prescribe any one of these four H2-receptor antagonists, although ranitidine is available from pharmacies under the Pharmacy First Scotland service. H2-receptor antagonists are usually taken in tablet form. As with PPIs, you will need to stop taking H2-receptor antagonists at least 14 days before having an endoscopy if this has been arranged through your GP. This is because they can hide some of the problems that could otherwise be spotted during the endoscopy. If your indigestion symptoms are caused by an infection with H pylori bacteria, you will need to have treatment to clear the infection from your stomach. This should help relieve your indigestion, because the H pylori bacteria will no longer be increasing the amount of acid in your stomach. H pylori infection is usually treated using triple therapy (treatment with three different medications). Your GP will prescribe a course of treatment containing: You will need to take these medicines twice a day for seven days. You must follow the dosage instructions closely to ensure that the triple therapy is effective. In up to 85% of cases, one course of triple therapy is effective in clearing an H pylori infection. However, you may need to have more than one course of treatment if it does not clear the infection the first time."
Ingrown toenail,an ingrown toenail usually affects the big toe but it can happen on any toe the nail may curl into the toe the skin around the toe can also become red swollen and tender sometimes an ingrown toenail can become infected this may,Some things that may contribute to an ingrown toenail include:,,"If you have an ingrown toenail, there are some things you can try at home to help. If you think you have an ingrown toenail, your GP practice may: If you have a badly ingrown toenail, your GP practice may refer you to a foot specialist (podiatrist). A foot specialist may: You may have a local anaesthetic to numb your toe when this is done."
Inherited heart conditions,an inherited heart condition can cause symptoms like it s important to speak to your gp or a healthcare professional if you have had any of these symptoms an inherited heart condition can also cause cardiac arrest and sudden cardiac death as some affected people don t have symptoms this means that sometimes the first time a family is aware that they re affected by an inherited heart condition is after a sudden cardiac death,"The body has over 20,000 genes. Genes are made up of DNA and are like instructions for the body. There are 2 copies of each gene in your body. One is inherited from your mum and one is from your dad. Inherited heart conditions are caused when there’s a change in one or more of your genes. This is known as a gene variant. If one of your parents has a gene variant, there’s a 50% chance it will be passed on to you (inherited). If you do inherit the gene variant, there’s also a 50% chance you could pass it on to each of your children. If you do not inherit the gene variant, you can’t pass it on to your children. Most inherited heart conditions follow this pattern. Each person is affected by each gene variant differently. This means you could have a gene variant and not have any symptoms. But, you can still pass the gene variant on to your children and they may have symptoms. If someone in your family is diagnosed with an inherited heart condition, or it’s thought they could have one, it’s important to create a family tree with a healthcare professional. This can help to identify if the same condition is present among more than one family member. If you’re diagnosed with an inherited heart condition, your first-degree family members (parents, siblings and children) should be assessed for the same condition.",,Every inherited heart condition is managed and treated differently. Treatments will be based on your symptoms and any test results. Treatments may include:
Iron deficiency anaemia,many people with iron deficiency anaemia only have a few symptoms the severity of the symptoms largely depends on how quickly anaemia develops you may notice symptoms immediately or they may develop gradually if your anaemia is caused by a long term problem such as astomach ulcer the most common symptoms include less common symptoms include see your gp if you experience symptoms of iron deficiency anaemia they should be able to diagnose the condition using a simpleblood test read more aboutdiagnosing iron deficiency anaemia,"There are many things that can lead to a lack of iron in the body. In men and post-menopausal women, the most common cause is bleeding in the stomach and intestines. This can be caused by a stomach ulcer,stomach cancer,bowel cancer, or by taking non-steroidal anti-inflammatory drugs (NSAIDs). In women of reproductive age, heavy periods and pregnancy are the most common causes of iron deficiency anaemia as your body needs extra iron for your baby during pregnancy. Unless you’re pregnant, it’s rare for iron deficiency anaemia to be caused just by a lack of iron in your diet. However, if you do lack dietary iron, it may mean you’re more likely to develop anaemia than if you have one of the problems mentioned above. Read more about thecauses of iron deficiency anaemia Iron deficiency anaemia occurs when the body doesn’t have enough iron, leading to the decreased production of red blood cells. Red blood cells carry oxygen around the body. A lack of iron can be caused by several factors. Some of the most common causes of iron deficiency anaemia are outlined below. Other conditions or actions that cause blood loss and may lead to iron deficiency anaemia include: Malabsorption is when your body can’t absorb iron from food, and is another possible cause of iron deficiency anaemia. This may happen if you havecoeliac disease, a common digestive condition where a person has an adverse reaction to gluten, or surgery to remove all or part of your stomach (gastrectomy). Unless you’re pregnant, it’s rare for iron deficiency anaemia to be caused solely by a lack of iron in your diet. However, a lack of dietary iron can increase your risk of developing anaemia if you also have any of the conditions mentioned above. Some studies suggest vegetarians or vegans are more at risk of iron deficiency anaemia because of the lack of meat in their diet. If you are vegetarian or vegan, it is possible to gain enough iron by eating other types of food, such as: If you’re pregnant, you may need to increase the amount of iron-rich food you consume during pregnancy to help prevent iron deficiency anaemia. Read more aboutvegetarian and vegan diets To determine the underlying cause of your anaemia, your GP may ask questions about your lifestyle and medical history. For example, they may ask you about: Iron deficiency anaemia is common during pregnancy. If you’re pregnant, your GP will usually only look for an alternative cause if a blood test has identified a particularly low haemoglobin level, or if your symptoms or medical history suggest your anaemia may be caused by something else. Your GP will also need to ensure the underlying cause of your anaemia is treated so it doesn’t happen again. For example, if non-steroidal anti-inflammatory drugs (NSAIDs) are causing bleeding in your stomach, your GP may prescribe a different medicine to help minimise the risk of stomach bleeding. Heavy periods can be treated with medication or – in particularly severe cases – surgery.",,"Treatment for iron deficiency anaemia involves taking iron supplements to boost the low levels of iron in your body. This is usually effective, and the condition rarely causes long-term problems. You’ll need to be monitored every few months to check the treatment is working and your iron levels have returned to normal. The underlying cause will need to be treated so you don’t get anaemia again. Increasing the amount of iron in your diet may also be recommended. Good sources of iron include: Read more abouttreating iron deficiency anaemia Treatment for iron deficiency anaemia usually involves taking iron supplements and changing your diet to increase your iron levels, as well as treating the underlying cause."
Itching,itchy skin can affect any area of the body it can either be sometimes you may have a rash or spot as well as itchy skin,Itchy skin can have many different causes. These include: You should not try to self diagnose if you have itchy skin.,,"The treatment for itchy skin will depend on what’s causing your symptoms. Treatments may help relieve itching and reduce the risk of skin damage caused by scratching. If you have itchy skin, some common treatments include: If you have itching in a hairy area like your scalp, lotions are available for this. This means you don’t have to use sticky creams."
Joint hypermobility,many people with hypermobile joints don t have any problems for some people the extra flexibility may be a benefit for example ballet dancers or gymnasts but some people with joint hypermobility can have symptoms like if you have these symptoms with hypermobility this could be a sign of a person with heds or hsd may also have some other symptoms related to stretchiness in the connective tissues throughout their body the severity can differ from one person to another heds or hsd can cause symptoms that affect your digestive system this is because the connective tissue within your digestive system is more stretchy this makes squeezing food either more difficult or quicker causing a range of problems including heds or hsd can also cause abnormalities in the part of your nervous system that controls bodily functions you do not actively think about these are things like your heart beating this is known as your autonomic nervous system these abnormalities can cause problems when you stand up or sit in the same position for a while your blood pressure can drop to low levels making you feel sick dizzy and sweaty you may also faint in some people these abnormalities can lead topostural orthostatic tachycardia syndrome pots pots causes your pulse rate to increase rapidly within a few minutes of standing up you may also experience people with heds or hsd may have other related conditions and further symptoms including,"Joint hypermobility is often hereditary (runs in families). One of the main causes is thought to be linked to changes in a type of protein called collagen. Collagen is found throughout the body. For example, its found in: If collagen is more stretchy and lax than it should be then the ligaments, tendons and muscles around the joints allow a greater range of movement. This means they also sometimes cannot keep the joints stable. There is no genetic test currently available for hEDS or HSD. It’s likely that more than one gene is involved. There are genetic tests for rarer forms of EDS. More information is available on theEhlers-Danlos Support UK website.",,"You won’t need treatment of your joint hypermobility if doesn’t cause any problems. But, you may need treatment and support if you have hEDS or HSD. These can cause a wide range of symptoms, including joint pain and digestive problems."
Kaposi’s sarcoma,the most common initial symptom is the appearance of small painless flat and discoloured patches on the skin or inside the mouth they re usually red or purple and look similar to bruises over time the patches may grow into lumps known as nodules and may merge into each other internal organs can also be affected including the lymph nodes lungs and the digestive system which can cause symptoms such as the rate at which symptoms progress depends on the type of kaposi s sarcoma you have most types get worse quickly in a matter of weeks or months without treatment but some progress very slowly over many years,"Kaposi’s sarcoma is caused by a virus called the human herpesvirus 8 (HHV-8), also known as the Kaposi’s sarcoma-associated herpesvirus (KSHV). This virus is thought to be spread during sex, through saliva, or from a mother to her baby during birth. HHV-8 is a relatively common virus and the vast majority of people who have it will not develop Kaposi’s sarcoma. It only seems to cause cancer in some people with a weakened immune system and in some people who have a genetic vulnerability to the virus. A weakened immune system allows the HHV-8 virus to multiply to high levels in the blood, which increases the chance it will cause Kaposi’s sarcoma. The virus appears to alter the genetic instructions that control cell growth. This means some cells reproduce uncontrollably and form lumps of tissue known as tumours.",,"There are 4 main types of Kaposi’s sarcoma. These types affect different groups of people and are treated in different ways. Although it’s not as common as it used to be, Kaposi’s sarcoma is still one of the main types of cancer to affect people with HIV. HIV-related Kaposi’s sarcoma can progress very quickly if not treated. However, it can usually be controlled by taking HIV medication – known as combination antiretroviral therapy (cART) – to prevent HIV multiplying and allow the immune system to recover. The immune system can then reduce the levels of HHV-8 in the body. Read more abouttreating HIV. Some people may also require treatment withradiotherapy(where high-energy rays are used to destroy cancer cells) orchemotherapy(where powerful medications are used to destroy cancer cells), depending on the site and extent of the cancer and what symptoms it’s causing. Classic Kaposi’s sarcoma mainly affects middle-aged and elderly men of Mediterranean or Ashkenazi Jewish descent. Ashkenazi Jews are descended from Jewish communities that lived in central and eastern Europe. Most Jewish people in the UK are Ashkenazi Jews. It’s thought people who develop classic Kaposi’s sarcoma were born with a genetic vulnerability to the HHV-8 virus. Unlike the other types of Kaposi’s sarcoma, the symptoms of classic Kaposi’s sarcoma progress very slowly over many years and are usually limited to the skin. Immediate treatment isn’t usually required because, in many cases, the condition doesn’t affect life expectancy. You’ll usually be monitored carefully and only treated if the symptoms get significantly worse. Radiotherapy is often used if treatment is required, although small skin patches or nodules may be removed using minor surgery or cryotherapy (freezing). Transplant-related Kaposi’s sarcoma is a rare complication of an organ transplant. It occurs because the immunosuppressant medication used to weaken the immune system and help prevent the body rejecting the new organ can allow a previous HHV-8 infection to reactivate, which means levels of the virus increase as it starts multiplying again. Transplant-related Kaposi’s sarcoma can be aggressive and usually needs to be treated quickly. It’s normally treated by reducing or stopping the immunosuppressants, if this is possible. If this is unsuccessful, radiotherapy or chemotherapy may be used. Endemic African Kaposi’s sarcoma is common in parts of Africa and is one of the most widespread types of cancer in that region. Although this type of Kaposi’s sarcoma is classified separately from HIV-related Kaposi’s sarcoma, many cases may actually result from an undiagnosed HIV infection. All suspected cases therefore must have an HIV test, as the most effective treatment in these cases is HIV medication. In cases not caused by HIV infection, this type of Kaposi’s sarcoma may be the result of a genetic vulnerability to HHV-8. These cases are usually treated with chemotherapy, although sometimes radiotherapy may be used."
Kidney cancer,most cases of kidney cancer don t cause any symptoms in the early stages the most common symptoms of mid to advanced stage kidney cancer are however in around half of all cases the cancer causes no symptoms and is only detected during a routineultrasound scan less common symptoms of kidney cancer include,"The exact cause of kidney cancer is unknown, but there are risk factors that can increase the chances of developing the condition. The 3 main risk factors for kidney cancer are:",,"The treatment of kidney cancer depends on the size and spread of the cancer. Surgery is the most common first course of action, with the aim of removing the cancer cells. Unlike most other cancers, chemotherapy isn’t very effective in treating kidney cancer. However, there are non-surgical treatments available, such as radiotherapy or targeted drug therapies. The main treatments for kidney cancer include: You can expect to be cared for by a multidisciplinary team, often comprising a specialist cancer surgeon, an oncologist (who specialises in radiotherapy andchemotherapy), a radiologist, a nephrologist (a kidney specialist) and a specialist nurse. You’ll be given a key worker, usually the specialist nurse, who will be responsible for coordinating your care. Your team will recommend what they think is the best treatment option, but the final decision will be yours. When deciding what treatment is best for you, your doctors will consider: If the cancer hasn’t spread out of your kidney (T1 or T2 kidney cancer), it can usually be cured by removing some or all of the kidney. If the cancer has spread out of your kidney (T3 or T4 kidney cancer), a complete cure may not be possible. However, it should be possible to slow the cancer’s progression and treat any symptoms. A nephrectomy is an operation to remove a kidney. If the tumour is less than 4cm (1.5 inches) in diameter, it may only be necessary to remove some of your kidney. This is known as a partial nephrectomy. A partial nephrectomy may also be required if your remaining kidney is in poor health. If the tumour is more than 4cm in diameter, your entire kidney will need to be removed. Even if the cancer has spread beyond your kidney, you may still benefit from having your kidney removed. Removing the kidney can help resolve the pain, and make other types of non-surgical treatment more effective. It’s possible to live a normal life with only 1 kidney, because the other kidney will be able to compensate. During a nephrectomy, the surgeon may also remove nearby lymph nodes to make sure the cancer hasn’t spread beyond the kidney. There are 2 ways that both a partial and open nephrectomy can be performed They are an: Both techniques have advantages and disadvantages. A laparoscopic nephrectomy has a considerably quicker recovery time than an open nephrectomy. However, the procedure requires surgeons with specialised training, so you may have to wait longer to receive treatment than you would if you decided to have an open nephrectomy. Some types of kidney cancer, where the tumour is located in the centre of the kidney, may not be suitable for a laparoscopic nephrectomy. One of the main disadvantages of an open nephrectomy is that it’s a major surgical procedure that can place a considerable strain on the body. This means it may not be suitable for people who are particularly frail or unwell. You should discuss the pros and cons of both procedures with your surgical team. If you’re unable to have a nephrectomy, you may benefit from an alternative operation known as embolisation. During embolisation, the surgeon will insert a small tube called a catheter into your groin, then useX-rayimages to guide the catheter into the blood supply of your kidney. A substance will then be injected through the catheter to block the blood supply to your kidney. By blocking blood supply to the kidney, any tumours that are present will become starved of oxygen and nutrients, causing them to shrink. Kidney cancer is one of the few types of cancer that’s less responsive tochemotherapy(where powerful medication is used to kill cancerous cells). However, a number of clinical trials are underway that are looking at new combinations of chemotherapy medications that appear to be benefiting some people. There are also a number of different non-surgical treatments that can slow the spread of the cancer and help control its symptoms. Radiotherapycan’t usually cure kidney cancer, but it can slow down its progress and help reduce pain. You should only need a few minutes of radiotherapy every day, for a number of days. When radiotherapy is used to control the symptoms of cancer rather than cure it, the side effects tend to be mild. Possible side effects may include fatigue (tiredness), nausea and vomiting. Cryotherapy involves killing cancer cells by freezing them. It may be used if a person isn’t fit enough for surgery, or if their tumour is small. Cryotherapy is usually classed as either percutaneous (where needles are passed through the skin) or laparoscopic (where needles are placed directly into the kidney through a small incision). Side effects include bleeding around the kidney and injury to the tube that carries urine from the kidney to the bladder (the ureter). Radiofrequency ablation (RFA) uses heat generated by radio waves to kill cancer cells. This is a percutaneous treatment, meaning no incision is needed. This treatment is only available at specialist centres. It’s mainly used if you’re not strong enough for surgery or your kidney cancer is in the early stages. RFA can’t be used if the cancer is too close to other organs, such as the bowel. Side effects include bleeding in the treatment area, a collection of blood (haematoma) near the kidney, and problems passing urine due to the narrowing of the tube that joins the kidney to the bladder (the ureter)."
Kidney stones,very small kidney stones are unlikely to cause many symptoms it may even go undetected and pass out painlessly when you urinate symptoms usually occur if the kidney stone in these cases the symptoms of kidney stones can include,"The waste products in the blood can occasionally form crystals that collect inside the kidneys. Over time, the crystals may build up to form a hard stone-like lump. This is more likely to happen if you don’t drink enough fluids, if you’re taking some types of medication, or if you have a medical condition that raises the levels of certain substances in your urine. Read more about thecauses of kidney stones. After a kidney stone has formed, your body will try to pass it out when you go to the toilet (in the urine). This means it will often travel through the urinary system (the kidneys, kidney tubes and bladder). Kidney stones are usually formed following a build-up of certain chemicals in the body. This build-up may be any of the following: Certain medical conditions can lead to an unusually high level of these substances in your urine. You’re also more likely to develop kidney stones if you don’t drink enough fluids.",,"Most kidney stones are small enough to be passed in your urine, and it may be possible to treat the symptoms at home with medication. Larger stones may need to be broken up using ultrasound or laser energy. Occasionally, keyhole surgery may be needed to remove very large kidney stones directly. Read more abouttreating kidney stones. It’s estimated that up to half of all people who have had kidney stones will experience them again within the following 5 years. To avoid getting kidney stones, make sure you drink plenty of water every day so you don’t becomedehydrated. It’s very important to keep your urine diluted (clear) to prevent waste products forming into kidney stones. Read more aboutpreventing kidney stones. Most kidney stones are small enough (less than 4mm in diameter) to be passed out in your urine and can probably be treated at home. But even small kidney stones can be painful, although this usually only lasts a couple of days and disappears when the stone has been passed. If a kidney stone is too big to be passed naturally – 6mm to 7mm (about 0.23in to 0.27in) in diameter or larger – you may need treatment to remove it another way. This could include: The type of treatment you have will depend on the size and location of your stones. ESWL is the most common way of treating kidney stones that can’t be passed in the urine. It involves usingultrasound(high-frequency sound waves) to pinpoint where a kidney stone is. Ultrasound shock waves are then sent to the stone from a machine to break it into smaller pieces, so it can be passed in your urine. ESWL can be an uncomfortable form of treatment, so it’s usually carried out after giving painkilling medication. You may need more than one session of ESWL to successfully treat your kidney stones. ESWL is up to 99% effective for stones up to 20mm (0.8in) in diameter. If a kidney stone is stuck in the ureter, you may need to have a ureteroscopy, which is also sometimes known as retrograde intrarenal surgery (RIRS). It involves passing a long, thin telescope called a ureteroscope through your urethra (the tube urine passes through on its way out of the body) and into your bladder. It’s then passed up into your ureter to where the stone is stuck. The surgeon may either try to gently remove the stone using another instrument, or they may use laser energy to break it up into small pieces so that it can be passed naturally in your urine. Ureteroscopy is carried out undergeneral anaesthetic(where you’re unconscious), so you shouldn’t drive or operate machinery for up to 48 hours after the procedure. For stones up to 15mm (0.6in), a ureteroscopy is effective in 50% to 80% of cases. A plastic tube called a stent may need to be temporarily inserted inside you to allow the stone fragments to drain into the bladder. PCNL is an alternative procedure that may be used for larger stones. It may also be used if ESWL isn’t suitable – for example, because the person being treated is obese. PCNL involves using a thin telescopic instrument called a nephroscope. A small incision is made in your back and the nephroscope is passed through it and into your kidney. The stone is either pulled out or broken into smaller pieces using a laser or pneumatic energy. PCNL is always carried out under general anaesthetic, so you shouldn’t drive or operate machinery for up to 48 hours after the procedure. PCNL is 86% effective for stones that are 21mm to 30mm (0.8in to 1.2in) in diameter. Nowadays, open surgery for kidney stones is rare. Less than 1% of cases require this type of surgery. It’s only usually used if there’s a very large stone or abnormal anatomy. During open surgery, an incision will be made in your back so that your surgeon is able to access your ureter and kidney. The kidney stone can then be removed. If you have a uric acid stone, you may be advised to drink around 3 litres (just over 5 pints) of water each day to try to dissolve it. Uric acid stones are much softer than other types of kidney stone, and they can be made smaller if they’re exposed to alkaline fluids. You may need to take some medication to make your urine more alkaline before the uric acid stone starts to dissolve. Complications can occur following the treatment of large kidney stones. Your surgeon should explain these to you before you have the procedure. Possible complications will depend on the type of treatment you have and the size and position of your stones. Complications could include: It’s estimated that 5% to 9% of people may experience complications after having a ureteroscopy."
Labyrinthitis,the most common symptoms of labyrinthitis are certain things can make the dizziness worse including,,,"You’ll usually have already seen your GP about labyrinthitis symptoms and may have started some treatment. There are things you can also do during this time to help manage your symptoms at home. If your symptoms are particularly severe, your GP may prescribe: A small number of people experience dizziness and vertigo for months or years. This is known as chronic labyrinthitis. Chronic labyrinthitis requires a treatment calledvestibular rehabilitation therapy (VRT). VRT is usually supervised by a physiotherapist. You can ask your GP to refer you or you can pay for private treatment. If you see a private physiotherapist, make sure they are fully qualified and a member of a recognised body. For example, theChartered Society of Physiotherapy (CSP). Not all physiotherapists have training in VRT. You should tell them that you need this type of treatment before making an appointment."
Laryngeal (larynx) cancer,the main symptoms of laryngeal cancer include some people may also experience bad breath breathlessness a high pitched wheezing noise when breathing unexplained weight loss or fatigue extreme tiredness,"It’s not clear exactly what causes laryngeal cancer, but your risk of getting the condition is increased by: By adopting a healthy lifestyle, including avoiding alcohol and tobacco, you can significantly reduce your chances of developing laryngeal cancer. Read more about thecauses of laryngeal cancerandpreventing laryngeal cancer. Laryngeal cancer is caused by changes in the cells of the larynx, although it’s not clear exactly why this happens. All cancers begin with a change in a cell’s DNA. DNA provides our cells with a basic set of instructions, such as when to grow and reproduce. A change in DNA can alter the instructions that control cell growth, which means cells continue to grow instead of stopping when they should. This causes the cells to reproduce in an uncontrollable manner, producing a growth of tissue called a tumour. It’s not known why the DNA inside the cells of the larynx is affected in cases of laryngeal cancer. But it appears that exposure to things that can damage the cells and tissue of the larynx increases the risk of cancer developing.",,"The main treatments for laryngeal cancer areradiotherapy, surgery andchemotherapy. Radiotherapy or surgery to remove the cancerous cells from the larynx can often cure laryngeal cancer if it’s diagnosed early. If the cancer is advanced, a combination of surgery to remove part or all of the larynx, radiotherapy and chemotherapy can be used. If you have surgery to remove your larynx, you’ll no longer be able to speak or breathe in the usual way. Instead, you will breathe through a permanent hole in your neck (stoma) and you will need additional treatment to help restore your voice. This may include an implant in your throat, or an electrical device you hold against your throat to produce sound. Read more abouttreating laryngeal cancerandrecovering from laryngeal cancer surgery. The treatment for laryngeal cancer largely depends on the size of the cancer. The main treatments are radiotherapy, surgery and chemotherapy. Most hospitals use multidisciplinary teams (MDTs) of specialists that work together to decide the best way to proceed with your treatment. Members of your MDT will probably include a surgeon, a clinical oncologist (a specialist in the non-surgical treatment of cancer), and a specialist cancer nurse who will be responsible for co-ordinating your care. Your cancer team will recommend what they think is the best treatment option, but the final decision will be yours. Before visiting hospital to discuss your treatment options, you may find it useful to write a list of questions you’d like to ask your care team. For example, you may want to find out the advantages and disadvantages of particular treatments. Your recommended treatment plan will depend on the stage of the cancer (seediagnosing laryngeal cancerfor more information on staging). If you have early-stage laryngeal cancer, it may be possible to remove the cancer using surgery (endoscopic resection) orradiotherapyalone. This may also be the case with slightly larger cancers, although a combination of surgery and radiotherapy is sometimes required. In later-stage laryngeal cancer, more extensive surgery may be needed. Radiotherapy andchemotherapywill probably be used in combination. In some cases, the entire larynx may have to be removed. A medication called cetuximab may be used in cases where chemotherapy is not suitable."
Late miscarriage,signs of a late miscarriage can include experiencing these miscarriage symptoms does not mean that you re definitely having a late miscarriage but you should contact your maternity service if you re concerned if you re not registered yet contact your gp if your gp is closed phone nhs 24 on 111 it s possible to first discover you ve lost your baby during an antenatal appointment this does not mean you missed the symptoms of a miscarriage some people have a later miscarriage without experiencing symptoms,"Most of the time there’s no clear reason why a miscarriage happens, but it’s unlikely to be caused by anything you did or did not do. Read more about the causes of a miscarriage",,"You may be offered tests for both you and your partner. These will try to find out why you lost your baby. Your doctor or midwife will explain what your test results are, and what they mean for a future pregnancy if you want to get pregnant again. Your doctor or midwife may also offer to carry out a post-mortem on your baby. This will only be done with your permission. In many cases, tests and a post-mortem are unlikely to explain why you had a miscarriage. But, they may rule out some possibilities and perhaps reassure you if you want to try to get pregnant again in the future. It’s important to remember that most people are likely to have a successful pregnancy in the future, particularly if their test results are normal."
Leg cramps,a leg cramp is an episode of sudden pain in the muscles of the leg it s caused by an involuntary contracting shortening of the leg muscle cramps usually occur in the calf muscles although they can affect any part of your leg this includes your feet and thighs cramps can last from a few seconds up to 10 minutes thigh muscle cramps tend to last the longest during a cramping episode the affected muscles will become tight and painful and the feet and toes will be stiff after the cramping has passed you may have pain and tenderness in your leg for several hours cramps often happen during the night when you re sleeping,"The cause of leg cramps is sometimes unknown (idiopathic). In other cases, there may be an underlying condition or identifiable cause (secondary leg cramps). Idiopathic leg cramps may be caused by: Also, tendons naturally shorten over time as a person gets older. This may explain why older people are particularly affected by leg cramps. Tendons are tough bands of tissue that connect muscles to bone. If your tendons become too short, they may cause the muscles connected to them to cramp. Secondary leg cramps are caused by an underlying condition or another identifiable cause like:",,"Medication is usually only needed in persistent cases where cramping does not respond to exercise. If you have secondary leg cramps, treating the underlying cause may help relieve your symptoms. Leg cramps that occur during pregnancy should pass after the baby is born. Treating cramps that occur as a result of serious liver disease can be more difficult. Your treatment plan may include using medications like muscle relaxants. Certain medications have been known to cause leg cramps in a small number of people. If you develop leg cramps after starting a new medication, speak to your pharmacist."
Legionnaires’ disease,symptoms of legionnaires disease include you should tell your gp or healthcare professional where you ve been in the last 10 days this can include a hotel spa or hospital,"Legionella bacteria can grow in natural or artificial environments that have a water supply. Another type of Legionella bacteria, called Legionella longbeachae, can also cause the infection. This type of bacteria is less common. It can grow in potted compost and soil.",,"You may need to stay in hospital if you’re diagnosed with Legionnaires’ disease. Hospital treatment may include: When you start to feel better, you may be able to take antibiotic tablets at home. This treatment usually lasts between 1 to 3 weeks. Most people make a full recovery, but it may take a few weeks for you to feel back to normal."
Lichen planus,the symptoms of lichen planus vary depending on which area of the body is affected areas of the body most commonly affected by the condition include the,"The cause of lichen planus is unknown. It’s thought to be related to the immune system, or an abnormal response of the immune system to certain medicines. Lichen planus isn’t infectious, doesn’t usually run in families and can’t be passed on to others.",,"There’s no cure for lichen planus, so treatments aim to ease the symptoms and clear the rash. Mild lichen planus doesn’t require treatment. If corticosteroids are not effective in treating your symptoms, you may be prescribed a medication that suppresses your immune system to try to limit the autoimmune reaction that’s thought to cause lichen planus. These types of treatments are known as immunomodulating agents. Depending on which area of your body is affected by lichen planus, treatments that may be recommended for you can include: treatments such as tacrolimus These treatments can cause a number of different side effects, which your specialist can discuss with you. You’ll also need to have regularblood testswhile taking immunomodulating agents, particularly in the early stages of treatment."
Limb girdle muscular dystrophy,you ll normally notice muscle weakness in the legs before the arms the muscles of the face are rarely affected these symptoms can cause you might eventually experience problems walking and need a walking aid or wheelchair sometimes the heart and breathing muscles can be affected depending on the type of lgmd you have you should have regular check ups for your heart and breathing function to identify any changes the specific type of limb girdle md will determine how quickly it ll progress some types develop rapidly and others will get worse slowly read more about lgmd,"Genetic mutations cause limb girdle MD. When someone has a mutation in a LGMD gene, the muscles cannot work properly and it causes the muscles to weaken. A blood test or muscle biopsy might be used to diagnose the cause of LGMD. Read more about the different types of LGMD",,There’s no cure for LGMD. There are supportive treatments that can help you manage your symptoms. Finding out which type of LGMD can be helpful for planning your treatment. Regular exercise can help to maintain muscle function for as long as possible. Try to eat a healthy balanced diet and maintain a healthy weight. This will help to reduce stress on already weakened muscles. Your breathing and heart function should be tested and monitored regularly to make sure any problems are identified. Identifying problems with breathing or your heart function early means treatment can be started as early as possible which can be life-saving.
Lipoedema,people with lipoedema usually have a small waist but large hips and thighs their upper body and lower body can be completely different sizes this makes it difficult to shop for clothes that fit right symptoms can include lipoedema can be linked tomental healthproblems for exampledepression anxiety and disordered eating speak to your doctor if you are experiencing any of these symptoms they ll be able to give you help and advice on how to manage your symptoms other health conditions likelymphoedema can cause large or swollen legs sometimes people with lipoedema can also develop this condition,The exact cause of lipoedema isn’t known but it may be caused by changes in your hormones: It’s not caused by being overweight – you can be a healthy weight and still have lipoedema. Lipoedema can run in families so let your doctor know if you think this is the case for you.,,"Treatment will depend on your symptoms and how they’re affecting you. If your doctor thinks you have lipoedema they may refer you to a specialist for treatment. Although there’s no cure, there are things which may help. Compression therapy uses special compression garments to help manage symptoms. This can help to reduce pain, inflammation, and fluid build up (oedema). Compression garments are often available on prescription. This can include stockings, socks, leggings, arm sleeves, adjustable wraps and sometimes bandaging. Your doctor, practice nurse or specialist will recommend the most suitable type of compression garment for you. They’ll also advise you on how to use it. Lipoedema can affect your quality of life and yourmental wellbeing. Talking to someone and getting some extra support can really help. You’re not alone.Talk Lipoedemahave lots of help and advice about living well with lipoedema. They can also put you in touch with other people with lipoedema, so you can share your experiences of the condition."
Liver cancer,symptoms of liver cancer are often vague and don t appear until the cancer is at an advanced stage they can include speak to your gp if you notice any of these symptoms although they are more likely to be the result of a more common condition such as an infection it s best to have them checked you should also contact your gp if you have previously been diagnosed with a condition known to affect the liver such ascirrhosisor ahepatitis cinfection and your health suddenly deteriorates,"The exact cause of liver cancer is unknown, but most cases are associated with damage and scarring of the liver known as cirrhosis. Cirrhosis can have a number of different causes, including drinking excessive amounts of alcohol over many years and having a long-termhepatitis Borhepatitis Cviral infection. It is also believed obesity and an unhealthy diet can increase the risk of liver cancer because this can lead tonon-alcoholic fatty liver disease. By avoiding or cutting down on alcohol,eating healthilyandexercising regularly, and taking steps to reduce your risk of becoming infected with hepatitis B and C, you may be able to significantly reduce your chances of developing liver cancer. Read more about thecauses of liver cancer. The exact cause of liver cancer is unknown, but many cases are linked to a problem with the liver calledcirrhosis. This is where the tissue of the liver has become scarred and cannot perform many of its usual functions. Cancer is a condition where cells in a specific part of the body grow and reproduce uncontrollably, producing a lump of tissue known as a tumour. In cases of liver cancer, it is uncertain why and how the cells of the liver are affected, but it appears that cirrhosis can increase a person’s chances of developing the condition. However, most cases of cirrhosis do not lead to liver cancer, and people without cirrhosis can also develop liver cancer. The liver is a tough and resilient organ. It can endure a high level of damage that would destroy other organs and is capable of regenerating itself. But despite the liver’s resilience, excessive alcohol intake over many years can damage it. Every time you drink alcohol, your liver filters out the poisonous alcohol from your blood and some of the liver cells die. The liver can regenerate new cells, but if you drink heavily for many years, your liver will lose the ability to do this and it can become damaged and scarred over time. Non-alcoholic fatty liver diseaseoccurs when small deposits of fat build up inside the tissue of the liver. It’s a common condition and causes no noticeable symptoms in most people. However, in some people, high levels of fat can make the liver inflamed. Over time, the inflammation can scar the liver. The exact cause of non-alcoholic fatty liver disease is unclear, but it is associated withobesityandtype 2 diabetes. A long-term infection ofhepatitis Ccan cause inflammation and scarring of the liver. Hepatitis C is spread by blood contact. The most common ways this happens worldwide include poor medical practice with the use of contaminated needles, or injected drug use, where any item of injecting equipment (not just needles) is shared. If you smoke or regularly drink alcohol and have hepatitis C, your risk of developing liver cancer further increases. Early treatment of long-term hepatitis C with antiviral medication can prevent the liver from becoming scarred. Hepatitis Bis a virus that can be spread through contaminated blood and other types of bodily fluids, such as saliva, semen and vaginal fluids. Like hepatitis C, hepatitis B is spread through blood contact. It is most commonly spread from mother to child at birth or from child to child in early life (usually in areas outside the UK where the infection is very common), and very rarely sexually or through injecting drugs. It affects about 1 in every 200 people in the UK. Most of those infected were born in parts of the world where the hepatitis B virus is very common. As with hepatitis C, hepatitis B can also cause inflammation and scarring of the liver over time. If you smoke or drink and have hepatitis B, your risk of developing liver cancer further increases. Early treatment of long-term hepatitis B with antiviral medication is not always needed, but can substantially reduce the risk of the liver becoming scarred. Haemochromatosis is a genetic condition where the body stores too much iron from food. The excess levels of iron have a poisonous effect on the liver and cause scarring over time, although treatment can reduce the risk of the condition leading to liver cancer. Primary biliary cirrhosis is a rare and poorly understood liver condition. One of the main functions of the liver is to create a fluid called bile, used by the body to help break down fat. The bile is transported to the digestive system via a series of tubes called bile ducts. For reasons that are unclear, in cases of primary biliary cirrhosis, the bile ducts gradually become damaged. This eventually leads to a build-up of bile inside the liver, which damages the liver and causes cirrhosis.",,"Treatment for liver cancer depends on the stage the condition is at. If diagnosed early, it may be possible to remove the cancer completely. Treatment options in the early stages of liver cancer include: However, only a small proportion of liver cancers are diagnosed at a stage where these treatments are suitable. Most people are diagnosed when the cancer has spread too far to be removed or completely destroyed. In these cases, treatments such aschemotherapywill be used to slow down the spread of the cancer and relieve symptoms such as pain and discomfort. Read more abouttreating liver cancer. The treatment for liver cancer depends on the stage of the condition. Treatment can include surgery and medication. Most hospitals use multidisciplinary teams (MDTs) to treat liver cancer. These are teams of specialists that work together to make decisions about the best way to proceed with your treatment. Deciding which treatment is best for you can often be confusing. Your cancer team will recommend what they think is the best treatment option, but the final decision will be yours. Your recommended treatment plan will depend on thestageyour liver cancer is at. If your cancer is at stage A when diagnosed, a complete cure may be possible. The 3 main ways this can be achieved are: If your cancer is at stage B or C, a cure is not usually possible. However, chemotherapy can slow the progression of the cancer, relieve symptoms, and prolong life for months or, in some cases, years. There is also a medication called sorafenib that can help prolong life. If your cancer is at stage D when diagnosed, it is usually too late to slow down the spread of the cancer. Instead, treatment focuses on relieving any symptoms of pain and discomfort you may have."
Liver tumours,the most common symptom is a lump or swelling in the abdomen which can be painful other possible symptoms include weight loss a loss of appetite feeling sick nausea and being sick vomiting,"The cause of most primary liver tumours in the western world is unknown. However, in other parts of the world, hepatocellular cancer (HCC) is commonly related to the presence of liver infection. This happens in countries where mothers commonly have hepatitis B and vaccination is not readily available at birth for their children. Children who are infected with hepatitis B have a higher risk of developing HCC in late childhood than uninfected children.",,"The diagnosis is made by taking a sample of cells from the tumour (biopsy). This is done under a general anaesthetic. Once the diagnosis and staging have been confirmed, plans for treatment will be made. For hepatoblastoma, the type of treatment will depend on the PRETEXT staging and whether the cancer has spread to other parts of the body (metastatic disease). PRETEXT 1, 2 and 3 tumours are called ‘standard risk’. PRETEXT 4 is called ‘high risk’ and includes tumours that have spread to other parts of the body. Treatment is broadly similar for all PRETEXT stages. Chemotherapy (anti-cancer drugs) is given first. The aim of chemotherapy is to shrink the tumour in the liver and hopefully get rid of any metastatic tumours. Surgery to remove any of the remaining tumour will take place after a few weeks of chemotherapy. Further chemotherapy is usually given after surgery. Your child’s doctor will give you more detailed information about the chemotherapy drugs and their side effects. For hepatocellular carcinoma, treatment is a little different. The role of chemotherapy is less certain and surgery is the main treatment. Doctors usually recommend removing the tumour (if it’s small enough) at diagnosis. Chemotherapy may be given afterwards. However in many situations the tumour is too large to remove at first, and so chemotherapy is given to shrink the tumour so that surgery can be done later. Hepatocellular tumours don’t always respond to chemotherapy as well as hepatoblastomas. For this reason, other treatments, such as chemoembolisation and targeted treatments, may be used. This refers to the giving of drugs directly into the artery going into the liver. Very occasionally, this may be used for hepatocellular cancer. Targeted drugs are a group of treatments that work in a different way to conventional chemotherapy. Some drugs may cause cancer cells to die directly. Others act to cut off the blood supply to the tumour cells (antiangiogenesis drugs). Some drugs, called multi-targeted agents, work in both ways. Research is looking into how useful targeted treatments are on their own and in combination with chemotherapy. Your child’s doctor may talk to you more about this research. All children, if they are able to, will have surgery following chemotherapy. If there’s cancer in the lungs, which hasn’t completely disappeared with the chemotherapy, the lungs will be operated on first. If the liver tumour can be surgically removed, the operation to do so will follow, usually a week or two later. If the tumour involves all 4 sectors of the liver (PRETEXT 4), a liver transplant will be necessary. This is recommended for hepatoblastoma but only in particular circumstances for hepatocellular carcinoma. In a transplant, the whole liver is removed and replaced with a liver from another person. This will be discussed with you from the beginning, and you will be given the opportunity to think about donating half of your liver, or for your child to have a liver from a donor. The transplant team will be there to answer all of your questions. A liver transplant is only possible if all the cancer outside the liver has gone. Treatment often causes side effects, and your child’s doctor will discuss these with you before treatment starts. Side effects can include: The chemotherapy used to treat liver cancer can cause late side effects. These may include hearing problems, kidney problems and possibly heart problems. There will be a slightly increased risk of your child developing another type of cancer later in life. Most children will develop some late effects and need to have some follow-up tests. Your child’s doctor or nurse will tell you more about any possible late side effects. If the cancer comes back after initial treatment, this is known as a recurrence. It can come back in the liver or in other parts of the body. If the cancer comes back, often (before anything is seen on scans) the levels of alpha-fetoprotein (AFP) in the child’s blood will start to rise again and reaches levels of over 100. Small rises in AFP can occur in the weeks after surgery, as the liver regenerates as much as it can. Many children have their treatment as part of a clinical research trial. Trials aim to improve our understanding of the best way to treat an illness, usually by comparing the standard treatment with a new or modified version. Specialist doctors carry out trials for children’s cancer. If appropriate, your child’s medical team will talk to you about taking part in a clinical trial and will answer any questions you have. Written information is often provided to help explain things. Taking part in a research trial is completely voluntary, and you’ll be given plenty of time to decide if it’s right for your child. Sometimes, clinical trials are not available for your child’s tumour. This may be because a recent trial has just finished, or because the tumour is very rare. In these cases, you can expect your doctors and nurses to offer treatment which is agreed to be the most appropriate, using guidelines which have been prepared by experts across the country. TheChildren’s Cancer and Leukaemia Group(CCLG) is an important organisation which helps to produce these guidelines. When the treatment ends, your child will have regular blood tests to measure the level of AFP in the blood (if appropriate), as well as scans and chest X-rays. More than three quarters of children with hepatoblastoma are cured, and for children with small tumours that are confined to the liver, the outlook is even better. The outcome for hepatocellular carcinoma is not quite as good. The staff at the hospital can give you information about the likely outcome for your child."
Lung cancer,symptoms of lung cancer develop as the condition progresses and there are usually no signs or symptoms in the early stages the main symptoms of lung cancer are less common symptoms of lung cancer include if you have any of these you should speak to your gp read further information,"Most cases of lung cancer are caused by smoking, although people who have never smoked can also develop the condition.",,"Treatment for lung cancer is carried out by a team of specialists who will work together to provide the best possible treatment. This team contains all the specialists required to make a proper diagnosis, to stage your cancer and to plan the best treatment. If you want to know more, ask your specialist about this. The type of treatment you’ll receive for lung cancer depends on several factors, including: Deciding what treatment is best for you can be difficult. Your cancer team will make recommendations, but the final decision will be yours. The main treatment options include surgery,radiotherapyandchemotherapy. Depending on your type of cancer and how advanced it is, you may receive a combination of these treatments. Your treatment plan depends on whether you have non-small-cell lung cancer or small-cell lung cancer. If you have non-small-cell lung cancer that’s confined to one lung and you’re in good general health, you’ll probably have surgery to remove the cancerous cells. This may be followed by a course of chemotherapy to destroy any cancer cells that may have remained in the body. If the cancer hasn’t spread too far but surgery isn’t possible (for example, if your general health means you have an increased risk of developing complications), radiotherapy to destroy the cancerous cells will usually be recommended. In some cases, this may be combined with chemotherapy (known as chemoradiotherapy). If the cancer has spread too far for surgery or radiotherapy to be effective, chemotherapy is usually recommended. If the cancer starts to grow again after initial chemotherapy treatment, another course of treatment may be recommended. In some cases, a treatment called biological or targeted therapy may be recommended as an alternative to chemotherapy, or after chemotherapy. Biological therapies are medications that can control or stop the growth of cancer cells. Small-cell lung cancer is usually treated with chemotherapy, either on its own or in combination with radiotherapy. This can help to prolong life and relieve symptoms. Surgery isn’t usually used to treat this type of lung cancer. This is because the cancer has often already spread to other areas of the body by the time it’s diagnosed. However, if the cancer is found very early, surgery may be used. In these cases, chemotherapy or radiotherapy may be given after surgery to help reduce the risk of the cancer returning. As well as surgery, radiotherapy and chemotherapy, there are a number of other treatments that are sometimes used to treat lung cancer. Biological therapies are newer medications. They’re sometimes recommended as an alternative treatment to chemotherapy for non-small-cell cancer that has spread too far for surgery or radiotherapy to be effective. Examples of biological therapies include erlotinib and gefitinib. These are also called growth factor inhibitors because they work by disrupting the growth of the cancer cells. Biological therapies are only suitable for people who have certain proteins in their cancerous cells. Your doctor may be able to request tests on a small sample of cells removed from your lung (biopsy) to determine whether these treatments are likely to be suitable for you. Radiofrequency ablation is a new type of treatment that can treat non-small-cell lung cancer diagnosed at an early stage. The doctor carrying out the treatment uses acomputerised tomography (CT) scannerto guide a needle to the site of the tumour. The needle will be pressed into the tumour and radio waves will be sent through the needle. These waves generate heat, which kills the cancer cells. The most common complication of radiofrequency ablation is that a pocket of air gets trapped between the inner and outer layer of your lungs (pneumothorax). This can be treated by placing a tube into the lungs to drain away the trapped air. Cryotherapy is a treatment that can be used if the cancer starts to block your airways. This is known as endobronchial obstruction, and it can cause symptoms such as: Cryotherapy is performed in a similar way to internal radiotherapy, except that instead of using a radioactive source, a device known as a cryoprobe is placed against the tumour. The cryoprobe can generate very cold temperatures, which help to shrink the tumour. Photodynamic therapy (PDT) is a treatment that can be used to treat early-stage lung cancer when a person is unable or unwilling to have surgery. It can also be used to remove a tumour that’s blocking the airways. Photodynamic therapy is carried out in 2 stages. Firstly, you’ll be given an injection of a medication that makes the cells in your body very sensitive to light. The next stage is carried out 24 to 72 hours later. A thin tube will be guided to the site of the tumour, and a laser will be beamed through it. The cancerous cells, which are now more sensitive to light, will be destroyed by the laser beam. Side effects of photodynamic therapy can include inflammation of the airways and a build-up of fluid in the lungs. Both these side effects can cause symptoms of breathlessness and lung and throat pain. However, these symptoms should gradually pass as your lungs recover from the effects of the treatment."
Lupus,sle can cause a wide range of symptoms depending on the areas of the body that are affected the most common symptoms are as the symptoms of sle can be similar to a number of other conditions many of which are more common it can be difficult to diagnose if you have persistent or troublesome symptoms that you think could be caused by sle you should see your gp so they can try to determine the cause read more about thesymptoms of lupusanddiagnosing lupus symptoms of systemic lupus erythematosus sle can vary widely from person to person some people may only experience a few mild symptoms whereas others may be more severely affected even if you usually have mild symptoms sle can flare up with symptoms becoming more severe or new symptoms developing the 3 main symptoms of sle are fatigue joint pain and rashes fatigue is one of the most common symptoms of sle you may feel very tired even though you get plenty of sleep carrying out everyday tasks such as housework or office work can leave you feeling exhausted many people with sle find that fatigue is the most distressing and disruptive aspect of sle because it has a negative impact on their work and social life if you have sle you are likely to experience joint pain in your hands and feet you may find the pain changes from one set of joints to another quite quickly and is usually worse in the morning unlike some other conditions that affect the joints sle is unlikely to cause your joints to become permanently damaged or deformed many people with sle develop rashes on their skin most commonly on the face wrists and hands a rash over the cheeks and the bridge of the nose is particularly common and is known as a butterfly rash or malar rash rashes caused by sle may get better after a few days or weeks but can last longer or even be permanent rashes caused by sle can sometimes be itchy or painful and they may get worse if they are exposed to sunlight this is known as photosensitivity sle can also cause a wide range of symptoms however you re unlikely to have all of the symptoms listed below and many people with the condition will only experience the main symptoms other features of sle may include,"SLE is an autoimmune condition, which means it is caused by problems with the immune system. For reasons not yet understood, the immune system in people with SLE starts to attack and inflame healthy cells, tissue and organs. As with other more common autoimmune conditions, such asrheumatoid arthritis, it is thought a combination of genetic and environmental factors may be responsible for triggering SLE in certain people. Read more about thecauses of lupus. Systemic lupus erythematosus (SLE) is an autoimmune condition, which means it is caused by problems with the immune system. The immune system is the body’s natural defence against illness and infection. When the immune system detects the presence of an infectious agent, such as bacteria or a virus, it sends white blood cells and antibodies to attack it. In cases of SLE, antibodies released by the immune system can attack healthy tissue, cells and organs. It’s not clear exactly why this happens, although most experts think SLE has more than one cause. It has been suggested that there may be a number of genetic factors that make people more susceptible to the condition, and that it also takes one or more environmental factors to trigger SLE in those who are susceptible. Possible genetic and environmental factors are discussed in more detail below.",,"There is currently no cure for SLE, but there are different medications that can help relieve many of the symptoms and reduce the chances of organ damage. These medications include: With good levels of support from friends, family and healthcare professionals, many people with SLE are able to manage their condition effectively. Read more abouttreating lupus. There is currently no cure for systemic lupus erythematosus (SLE), but treatments that can ease the symptoms and make it easier to live with are available. In most cases, treatment will involve a combination of self-care measures and medication."
Lyme disease,many people with early symptoms of lyme disease develop a circular rash around thetick bite the rash some people may develop several rashes in different parts of their body around 1 in 3 people with lyme disease will not develop a rash some people may haveflu like symptomsin the early stages of lyme disease this can include,"Some animals can carry the bacteria that cause Lyme disease. If a tick bites the animal, it’ll become infected. The tick can then transfer the bacteria to a human by biting them. Ticks don’t jump or fly. They climb on to your clothes or skin if you brush against something they’re on. They then bite into the skin and start to feed on your blood. You’re more likely to become infected the longer the tick is attached to your skin. This means that removing them quickly is important. Ticks are very small and their bites are not painful, so you may not realise you have one attached to your skin.",,"If you have symptoms of Lyme disease, you’ll usually be givenantibiotics. If you’re prescribed antibiotics, it’s important to finish the course even if you’re feeling better. This will help to ensure all the bacteria are killed. If your symptoms are particularly severe, you may need antibiotic injections (intravenous antibiotics). Some of the antibiotics used to treat Lyme disease can make your skin more sensitive to sunlight. You should avoid prolonged exposure to the sun. You should not use sunbeds until after you have finished the treatment. In some cases, symptoms can continue after antibiotic treatment has finished. This is called post-treatment Lyme disease syndrome. There’s currently no agreement on the best treatment for this because the underlying cause is not yet clear. Be wary of internet sites offering alternative diagnostic tests and treatments for Lyme disease. These may not be supported by scientific evidence."
Lymphoedema,the main symptom of lymphoedema is swelling at first the swelling may come and go it may get worse during the day and better overnight without treatment it can get worse other symptoms in an affected body part can include if you have swelling of one leg more than the other it s important to consider other possible causes for example deep vein thrombosis dvt you should get medical advice if you re worried about dvt,Primary lymphoedema is caused by changes (mutations) in genes that develop in the lymphatic system. This means that the lymphatic system either: Primary lymphoedema usually runs in families. Not every child born to someone with the condition will develop it themselves. Secondary lymphoedema develops in people who previously had a normal lymphatic system. It’s more common than primary lymphoedema. Causes include:,,"The main treatment for lymphoedema is decongestive lymphatic therapy (DLT). DLT is not a cure, but it can help control the symptoms. There are 4 parts to DLT. These are:"
Lymphogranuloma venereum (LGV),most people with lgv don t notice any symptoms and don t know they have it so it s important to get tested if you think you re infected if you do develop symptoms you may experience you may notice some anal symptoms such as,,,"Antibiotics will treat the LGV infection. The result of the LGV test can take 3 weeks to come back, so your doctor may advise you to start treatment before the final result is available. If left untreated, LGV can cause scarring and swelling of the skin. It can also cause permanent swelling of the genitals. Rectal infection can also cause swelling and scarring resulting in the risk of long-term bowel complications. Rarely the infection may spread via the bloodstream causing inflammation of the joints or liver. To avoid passing LGV on to your partner(s) you should avoid having sex until both you and your partner have finished your treatment."
Malaria,it s important to be aware of the symptoms of malaria if you re travelling to areas where there s a high risk of the disease this means that you can get medical attention quickly symptoms are similar to those of flu and usually appear 6 to 30 days after the mosquito bite but it can sometimes take up to a year for symptoms to start the initial symptoms of malaria include these symptoms can start mild and may be difficult to identify as malaria,Malaria is caused by the Plasmodium parasite. The parasite is spread to humans through the bites of infected mosquitoes. There are 5 different types of Plasmodium parasite that cause malaria in humans. They are found in different parts of the world (but do overlap in certain areas) and vary in terms of how severe the infection can be. All malaria infections cause the same symptoms and require immediate medical attention. It’s not possible to find out which type of malaria you have from symptoms alone.,,"If you travel to an area that has malaria, you are at risk of the infection. It’s very important that you take precautions to prevent the disease and get treatment immediately if symptoms do develop. If malaria is diagnosed and treated quickly, you should fully recover. Treatment should be started as soon as possible. Treatment begins in a hospital to make sure complications don’t suddenly develop. Treatment is with tablets or capsules. If someone is very ill, treatment will be given through a drip into a vein in the arm (intravenously). Treatment for malaria can leave you feeling very tired and weak for several weeks. The type of medicine and how long you need to take it will depend on:"
Malignant brain tumour (cancerous),the symptoms of a malignant brain tumour depend on how big it is and where it is in the brain common symptoms include speak to your gp if you have persistent symptoms of a brain tumour while it s unlikely to be a tumour it s best to be sure by getting a proper diagnosis read more about thesymptoms of malignant brain tumoursanddiagnosing malignant brain tumours the symptoms of a malignant brain tumour depend on how big it is and where it is in the brain when symptoms do occur it is because the brain tumour is either putting pressure on the brain or preventing an area of the brain from functioning properly different areas of the brain control different functions so the symptoms caused by a brain tumour will depend on where the tumour is located for example a tumour affecting you may also be given medication to relieve some of the symptoms you may have as a result of your brain tumour these may include depending on your circumstances these medications may be given before after or instead of surgery,"Most malignant brain tumours are caused by a cancer that started somewhere else in the body and spread to the brain, through the bloodstream. These are known as secondary tumours. Cancers that can spread to the brain includelung cancer,breast cancer,bowel cancerandmelanoma skin cancer. Some primary malignant brain cancers (cancerous tumours that start in the brain) are caused by a previouslybenign brain tumourbecoming cancerous, but usually the exact reason why a primary tumour develops is unknown. There have been reports in the media about a possible connection between brain tumours and the radiofrequency (RF) energy emitted by mobile phones. RF energy produces heat, which can increase body temperature and damage tissue exposed to it. However, it’s thought that the amount of RF energy people are exposed to from mobile phones is too low to produce significant tissue heating or an increase in body temperature. Research is underway to establish whether RF energy has any long-term health effects, but the balance of evidence currently available suggests that it’s unlikely mobile phones cause health problems.",,"A primary malignant brain tumour needs to be treated as soon as possible, because it can spread and damage other parts of the brain and spinal cord. Surgery will usually need to be carried out to remove as much of the tumour as possible. This may be followed by radiotherapy and/orchemotherapyto kill any cancerous cells left behind and reduce the chances of the tumour regrowing. However, malignant tumours will often eventually return after treatment. If this happens, or if you have a secondary tumour, a cure isn’t usually possible and treatment can instead be used to improve symptoms and prolong life. Read more abouttreating malignant brain tumours. If you have a malignant brain tumour, you’ll usually need surgery to remove as much of it as possible. Radiotherapy and/or chemotherapy may then be used to treat any remaining cancerous tissue. The aim of this is to remove or destroy as much of the tumour as possible, ideally getting rid of the cancerous cells completely. However, this isn’t always possible and most malignant brain tumours will eventually return after treatment. If your tumour does return after treatment, or you have a secondary brain tumour (where cancer has spread to your brain from another part of your body), a cure isn’t usually possible. Treatment can instead be used to control your symptoms and prolong life. There are a number of different treatments for malignant brain tumours, and deciding on what you feel is the best treatment can be confusing. A group of different specialists called a multidisciplinary team (MDT) will be involved in your care and will recommend what they think is the best treatment option for you, but the final decision will be yours. Before visiting hospital to discuss your treatment options, you may find it useful to write a list of questions that you’d like to ask. For example, you may want to find out the advantages and disadvantages of particular treatments. If your tumour is at an advanced stage or in a difficult place in the brain, a cure may not be possible and treatment may only be able to control the cancer for a period of time. This means you will be getting the side effects of treatment without getting rid of the tumour. In this situation, it may be difficult to decide whether or not to go ahead with treatment. Talk to your doctor about what will happen if you choose not to be treated, so you can make an informed decision. If you decide not to have treatment, you will still be givenpalliative care, which will control your symptoms and make you as comfortable as possible. Problems caused by a brain tumour don’t always resolve as soon as the tumour is removed or treated. For example, some people have persistent weakness, seizures (fits), difficulty walking and speech problems. In these cases, you may need extra support to help you overcome or adapt to any problems you have. This may include therapies such as: Some people may also need to continue taking medication for seizures for a few months or more after their tumour has been treated or removed. The National Institute for Health and Care Excellence (NICE) has made recommendations on the standards of care that brain tumour patients should receive. For more information, see theservice guidance for improving outcomes for people with brain and other central nervous system tumours."
Malnutrition,malnutrition can be difficult to recognise it can happen very gradually which can make it very difficult to spot in the early stages common signs and symptoms of malnutrition include,"Sometimes, medical conditions cause your body to need more nutrients. Some medical conditions can lead to your body being unable to absorb or use nutrients. These may include: Some types and combinations of medication can increase your risk of developing malnutrition. Always check your medicines information and speak to a healthcare professional for advice if you have a concern. Do not stop taking your medication without advice from a healthcare professional. Physical, social and ageing issues can also cause malnutrition.",,"If you’ve lost weight or your appetite is poor, you can make simple changes to your meals, snacks and drinks to help treat malnutrition. Choosing nutrient-dense food and drinks can help improve your calorie intake. This might not be suitable for everyone, especially those with other conditions like dysphagia. Ask your GP, dietitian or nurse for further advice if you’re unsure. Try the following ideas to help you to increase the amount of calories and protein in your diet. If you’re using vegan alternatives to cheese, butter, cream or milk, try to choose the highest calorie option. There are ways you can use every day food and drinks to fortify (add extra nutrients to) your food. TheBritish Dietetic Association (BDA) Malnutrition factsheetprovides more useful practical advice. Watch this video on Vimeo for more tips on how to fortify your food Oral nutritional supplements (ONS) are a range of liquid and powder products that help support better nutrition. They contain calories, protein, vitamins and minerals to help increase your intake. They’re designed to be taken alongside your diet and the ‘food first’ advice above to promote progress with your weight. Depending on how severe your symptoms are, your healthcare professional might recommend a “feeding tube”. There are different types of tubes. Which one is best for you depends on your diagnosis and symptoms. The most common types of feeding tube include: Depending on your condition alternative routes of nutrition may be considered."
Measles,the first symptoms of measles develop around 10 days after you re infected these can include the measles rash appears around 2 to 4 days after the initial symptoms and normally fades after about a week the rash you should phone your gp first before visiting they can make arrangements to reduce the risk of spreading the infection to others,,,"There are things you can do to help relieve your symptoms. In severe cases, especially if there are complications, you or your child may need to be admitted to hospital for treatment."
Mechanical neck pain,mechanical neck pain most commonly affects the neck however symptoms can spread into the arm shoulder blade or into the head symptoms include,"Mechanical neck pain can occur after an injury, likewhiplash. However, many people develop it for no obvious reason. It can be caused by a number of things like: Your neck is a strong and resilient structure. Most neck pain does not cause lasting damage, as your body is very good at healing itself. In most cases you shouldn’t need to speak to a healthcare professional. Pain can also be influenced by anything that impacts general health, like: As we get older, it’s normal to have age-related changes in our neck. Often these occur with no symptoms, but, they may contribute to neck pain. The medical term for this ageing iscervical spondylosis. It’s managed in the same way as mechanical neck pain.",,"There are many things you can do to help your mechanical neck pain. Gentle exercises can help keep your neck moving. Exercises increase the blood flow to the tissues and help with healing. Exercises may be uncomfortable to start but they are safe to do. They’ll become much easier as you get movement back. Its known that being afraid of moving can worsen your pain. Any movement can be helpful. Read about exercises for neck problems Pain medication can help you move more comfortably, which can help manage your symptoms. More about taking painkillers. Using heat or ice on your neck can help reduce symptoms. Use a barrier, like a towel, to protect your skin from a burn. Never place heat or ice directly on your skin. Leave a few hours between treatments. How to avoid hot water bottle burns and scalds – Care of Burns in Scotland If you have any issues with circulation or sensation, you shouldn’t use heat or ice as a treatment for neck pain. Things that you do day-to-day can impact your pain levels. Lifestyle advice includes:"
Meningitis,symptoms of meningitis develop suddenly and can include these symptoms can appear in any order and some may not appear,"Meningitis is usually caused by a viral or bacterial infection. Viral meningitis is the most common and least serious type. Bacterial meningitis is rare but can be very serious if not treated. Several different viruses and bacteria can cause meningitis, including: A number ofmeningitis vaccinationsprovide protection against many of the infections that can cause meningitis.",,"People with suspected meningitis will usually have tests in hospital to confirm the diagnosis and check whether the condition is the result of a viral or bacterial infection. Bacterial meningitis usually needs to be treated in hospital for at least a week. Treatments include: Viral meningitis tends to get better on its own within 7 to 10 days and can often be treated at home. Getting plenty of rest and taking painkillers and anti-sickness medication can help relieve the symptoms in the meantime. Read more abouthow meningitis is treated People with suspected meningitis will usually need to have tests in hospital and may need to stay in hospital for treatment. Treatment in hospital is recommended in all cases of bacterial meningitis, as the condition can cause serious problems and requires close monitoring. Severe viral meningitis may also be treated in hospital. Treatments include: People with meningitis may need to stay in hospital for a few days, and in certain cases, treatment may be needed for several weeks. Even after going home, it may be a while before you feel completely back to normal. Additional treatment and long-term support may also be required if anycomplications of meningitisoccur, such ashearing loss. You’ll usually be able to go home from hospital if you or your child has mild meningitis and tests show it’s being caused by a viral infection. This type of meningitis will normally get better on its own without causing any serious problems. Most people feel better within 7 to 10 days. In the meantime, it can help to: Additional treatment and long-term support may be required if you or your child experience complications of meningitis. For example: You may also find it useful to get in touch with organisations such as theMeningitis Research FoundationorMeningitis Nowfor support and advice about life after meningitis."
Meniere’s disease,the symptoms and severity of m ni re s disease vary widely from person to person the main symptoms of m ni re s disease are symptoms typically last around 2 to 3 hours but it can take a day or two for the symptoms to disappear completely these symptoms usually only affect one ear at first but both ears may become affected over time other symptoms include,The exact cause of Ménière’s disease is unknown. It’s thought to be caused by a problem with pressure deep inside the ear. Factors that can increase your risk of developing Ménière’s disease include:,,"Ménière’s disease cannot be cured, but treatment can usually help your symptoms. Possible treatments include: Some people with Ménière’s disease also find that it affects their mental health. Speak to your GP practice if you’re finding it difficult to cope with the effect Ménière’s disease is having on your life. There are also support groups that can help you."
Mesothelioma,the symptoms of mesothelioma tend to develop gradually over time they typically don t appear until several decades after exposure to asbestos symptoms of mesothelioma in the lining of the lungs include symptoms of mesothelioma in the lining of the tummy include speak to your gp if you have any persistent or worrying symptoms tell them about any exposure to asbestos you may have had in the past,"Mesothelioma is almost always caused by exposure to asbestos, a group of minerals made of microscopic fibres that used to be widely used in construction. These tiny fibres can easily get in the lungs, where they get stuck, damaging the lungs over time. It usually takes a while for this to cause any obvious problems, with mesothelioma typically developing more than 20 years after exposure to asbestos. The use of asbestos was completely banned in 1999, so the risk of exposure is much lower nowadays. However, materials containing asbestos are still found in many older buildings.",,"The best treatment for mesothelioma depends on several factors, including how far the cancer has spread and your general health. As mesothelioma is often diagnosed at an advanced stage, treatment is usually focused on controlling the symptoms and prolonging life for as long as possible. This is known aspalliative or supportive care. Possible treatments include: You’ll also probably have treatment for your individual symptoms to help you feel as comfortable as possible. For example, regularly draining fluid from your chest may help your breathing and strong painkillers may help relieve your pain. Sometimes, a procedure is carried out to stop the fluid coming back again by making the outside of the lungs stick to the inside of your chest (pleurodesis), or a tube is put in your chest to drain the fluid regularly at home. Your doctors should discuss these treatments with you."
Middle ear infection (otitis media),the main symptoms of a middle ear infection include in some cases a hole may develop in the eardrum perforated eardrum and pus may run out of the ear the earache which is caused by the build up of fluid stretching the eardrum then resolves young children and babies with an ear infection may also,"Most middle ear infections occur when an infection, such as acold, leads to a build-up of mucus in the middle ear. This causes the Eustachian tube (a thin tube that runs from the middle ear to the back of the nose) to become swollen or blocked. The mucus can’t drain away properly, making it easier for an infection to spread into the middle ear. An enlarged adenoid (soft tissue at the back of the throat) can also block the Eustachian tube. The adenoid can be removed if it often causes ear infections. Middle ear infections are more common in younger children because: Certain conditions can also increase the risk of middle ear infections, including:",,"Most ear infections get better on their own within 3 to 5 days and do not need any specific treatment. If needed,paracetamoloribuprofencan be used to relieve pain and a high temperature. Always read the leaflet that comes with your medicine before taking it. Follow the recommended dosage instructions. If you’re not sure which treatments are suitable for you or your child,speak to a pharmacistfor advice. Placing a warm cloth over the affected ear may also help relieve pain. Antibioticsare not usually used to treat middle ear infections."
Migraine,the main symptom of migraine is usually an intense headache on one side of the head in some cases the pain can occur on both sides of your head and may affect your face or neck the pain might get worse when you move and may stop you from carrying out normal activities other symptoms associated with migraine include not everyone with migraine experiences all of these symptoms some people may experience them without having aheadache the symptoms of a migraine attack usually last between 4 hours and 3 days you may feel very tired for up to a week afterwards about 1 in 3 people with migraine have temporary warning symptoms known as aura before a migraine these include aura symptoms typically develop over the course of about 5 minutes and last for up to an hour the aura might start before the headache or you might experience it at the same time as a headache some people may experience aura followed by only a mild headache or no headache at all the exact cause of migraine is unknown it s thought to be the result of abnormal brain activity temporarily affecting nerve signals chemicals and blood vessels in the brain around half of all people who have migraine have a close relative with the condition this suggests that genes may play a role it may help to keep a diary to see if you can identify a consistent trigger it can be difficult to tell if something is a trigger or if what you re experiencing is an early symptom of a migraine attack there might not always be a trigger for your headache possible migraine triggers include medication can also trigger migraine attacks for example medication like some types of sleeping tablets thecombined contraceptive pillorhormone replacement therapy hrt speak to your gp if you start to experience migraine attacks after starting to take a new medication some people crave chocolate before a migraine begins this can be a sign that you re about to have a migraine attack rather than the chocolate being the trigger for the migraine,,,
Minor head injury,minor head injuries often cause a bump or bruise other symptoms of a minor head injury may include,,,"Most people who go to hospital with a minor head injury can return home shortly afterwards. They should make a full recovery within a few days. There are some things you can do to manage minor head injuries at home. You should: It’s also recommended that you: If your child has a minor head injury, they may cry or be distressed. This is normal – with attention and reassurance most children will settle down. However, seek medical help if your child continues to be distressed despite simple measures like pain relief."
Miscarriage,miscarriage symptoms can be varied some people have very clear symptoms while others may experience none at all miscarriage signs can change depending on whether you re having anearly miscarriageor alate miscarriage an early miscarriage happens in the first 12 weeks of pregnancy most women who miscarry do so in the first 12 weeks of their pregnancy many women have a miscarriage before they even know they re pregnant if this happens it can feel like a late period with heavy bleeding read more about early miscarriages a late miscarriage happens after 12 weeks and before 24 weeks read more about late miscarriages,Most of the time there’s no clear reason why a miscarriage happens. It’s unlikely to be caused by anything you did or did not do. Read more about the causes of a miscarriage,,
Molar pregnancy,often you won t have any specific symptoms of a molar pregnancy some people do experience these symptoms can be normal in pregnancy having them does not mean there s definitely a problem with your baby however you should contact yourlocal early pregnancy unitwho can check you over,"Molar pregnancies are caused by problems with the genetic information in an egg or sperm. It’s not known what causes the problems with genetic information. There are some factors that can increase the risk of molar pregnancy. You’re more likely to have a molar pregnancy if: Even if you fit into several of these categories, it’s most likely that you’ll not have a molar pregnancy. It’s still a rare condition. You’re just a little more likely to have a molar pregnancy than those who do not fit into these categories.",,"A molar pregnancy cannot develop into a baby. There’s no way to correct the amount of genetic material in the fertilised egg. This means you’ll need to have surgery to have the pregnancy removed. Some people develop a gestational trophoblastic neoplasia (GTN) after a molar pregnancy. This is a rare, but highly curable, form of cancer. After your surgery, you’ll be registered with the Hydatidiform mole follow-up centre. This centre is within Ninewells hospital in Dundee. They’ll provide follow up appointments and monitor you for signs of GTN. They do this by checking the level of hCG (a pregnancy hormone) in your blood and urine (pee). The centre will work with your local GP to do the blood and urine tests. You’ll not need to travel to Dundee to have these tests done. It’s important that you do not become pregnant again before finishing follow-up treatment. A new pregnancy will cause your hCG levels to rise. This means the specialists cannot tell if you’ve developed GTN."
Motor neurone disease (MND),the symptoms of mnd start gradually over weeks and months they tend to appear on one side of the body first and get progressively worse there are usually 3 stages of symptoms sometimes the early symptoms are mistaken for similar conditions that also affect the nervous system as mnd becomes more advanced more parts and functions of the body are affected this can make you more likely to experience infections like chest infections which can cause your condition to get worse quicker as mnd progresses to its final phase you might experience eventually non invasive breathing assistance won t be enough to make up for the loss of normal lung function at this stage more medication can help to reduce symptoms of breathlessness and anxiety related to it most people with mnd become increasingly drowsy before falling into a deep sleep where they usually die peacefully some people with mnd have other symptoms that aren t directly caused by the condition but are related to the stress of living with it these might includedepression insomniaandanxiety,"MND occurs when specialist nerve cells (motor neurones) in the brain and spinal cord progressively fail. It’s not clear why this happens. One known cause of MND is an error in your genes with 20% of cases linked to genetic causes. Half of genetic cases will be in people who have a family history of MND. The other half of genetic cases will occur in those without a family history. Having a family history of frontotemporal dementia can also increase the risk of inheriting MND. The error in the gene affects the cells ability to perform normally and survive. If you have a genetic form of MND, there’s a chance that you could pass the risk of developing MND on to your child. The risk of them developing the condition can be affected by many factors like age. Not everyone who has the genetic mutation will develop MND in their lifetime. Typically, the longer you live, the more likely you are to develop the condition. If you have a parent with MND with no other family history of the disease, you’re at a slight increased risk of MND of about 1.4%. The risk to the general population of MND is about 0.3%. It’s unclear why the motor neurones begin to lose function. Most experts believe that it’s a combination of factors that affect either the motor neurones or the cells that support them. There are some theories involving different cell processes including:",,"Although there’s no cure for MND, there are treatments available to help relieve the symptoms. A team of healthcare professionals will work together to help care for you. This multidisciplinary team typically includes: As the conditions advances, you might also need palliative care. Riluzole is the only licensed medication in the UK that’s shown a survival benefit for people with MND. Riluzole is thought to slow down the damage to the motor neurone cells by reducing their sensitivity to the nerve transmitter glutamate. In medical research, riluzole extended survival by 2 to 3 months on average. Side effects of riluzole are usually mild and can include nausea, tiredness and, less commonly, a rapid heartbeat. Very rarely, riluzole has been known to cause liver damage. If you’re prescribed riluzole you’ll need to haveblood testsfor the first few months to check your liver is working properly. If you’ve had significant liver disease, riluzole may not be suitable for you. There are treatments available that can help relieve many of the symptoms of MND and improve your quality of life. You might be given the opportunity to take part in research, including drug trials. Your MND care specialist and neurology consultant can provide further information on this."
Mouth cancer,mouth cancer can develop on most parts of the mouth including the lips gums and occasionally the throat the most common symptoms of mouth cancer include other symptoms may include,"Mouth cancer occurs when something goes wrong with the normal cell lifecycle, causing them to grow and reproduce uncontrollably. Risk factors for developing mouth cancer include: Read more about thecauses of mouth cancer The 2 leading causes of mouth cancer in the UK are drinking too much alcohol and smoking. Both alcohol and tobacco are carcinogenic, which means they contain chemicals that can damage the DNA in cells and lead tocancer. The risk of mouth cancer increases significantly in somebody who is both a heavy smoker and heavy drinker. Exactly what triggers the changes in DNA that lead to mouth cancer and why only a small number of people develop mouth cancer is still uncertain.",,"Your treatment will depend on the type and size of the cancer, the grade and how far it’s spread – as well as your general health. If the cancer hasn’t spread beyond the mouth or the oropharynx (the bit of your throat at the back of your mouth), a complete cure may be possible using a combination of surgery, radiotherapy and chemotherapy. If the cancer has spread to other parts of the body, then a cure is unlikely but it will be possible to slow the progress of the cancer and help relieve symptoms by using surgery, radiotherapy and chemotherapy. Deciding what treatment is best for you can be difficult. Your care team will make recommendations, but the final decision will be yours. Before going to hospital to discuss your treatment options, you may find it useful to write a list of questions to ask the specialist. For example, what are the advantages and disadvantages of particular treatments. Radiotherapy makes the teeth more sensitive and vulnerable to infection so before treatment begins, you’ll be given a full dental examination and any necessary work will be carried out. If you smoke or drink, stopping will increase the chances of your treatment being successful. Your specialist nurse and your GP can provide help and support if you are finding it difficult to quit smoking and drinking. Read more aboutquitting smokingandcutting down on alcohol"
Multiple myeloma,in the early stages myeloma may not cause any symptoms it s often only suspected or diagnosed after a routine blood or urine test however myeloma will eventually cause a wide range of problems including read more about thesymptoms of multiple myeloma in the early stages multiple myeloma may not cause any symptoms or complications and may only be diagnosed after a routine blood or urine test however it will eventually cause a wide range of problems as well as the main treatments for multiple myeloma you may also need treatment to help relieve some of the problems caused by the condition for example these treatments can each cause side effects and complications so make sure you discuss the potential risks and benefits with your treatment team beforehand,"In multiple myeloma, cells inside the bone marrow called plasma cells become cancerous. Bone marrow is the spongy tissue found at the centre of some bones. It produces the body’s blood cells. Plasma cells are normally produced in a controlled way. In cases of multiple myeloma, large numbers of abnormal plasma cells are produced. These fill up the bone marrow and interfere with the production of other cells, such as red and white blood cells. The exact reason why this happens is unknown, but multiple myeloma is closely associated with a condition called monoclonal gammopathy of unknown significance (MGUS), and there are certain things that can increase your risk of developing it.",,"There is currently no cure for multiple myeloma, but treatment can often help control it for several years. Treatment will often involve: As part of your treatment, you may be asked if you want to take part in a clinical trial to help researchers develop better treatments for multiple myeloma. Read more abouttreating multiple myeloma If you have multiple myeloma, you will be cared for by a team, which is usually led by a consultant haematologist who specialises in myeloma. The team will discuss your condition and recommend the best treatment for you. However, the final decision will be yours. Before visiting hospital to discuss your treatment options, it may be useful to write a list of questions to ask the specialist. For example, you may want to find out the advantages and disadvantages of a particular treatment. There are 2 main aims in treating multiple myeloma: While treatment can often control myeloma and improve quality of life, myeloma usually can’t be cured. This means additional treatment is needed when the cancer comes back (a relapse). Not everyone diagnosed with myeloma will need immediate treatment if the condition is not causing any problems. This is sometimes referred to as asymptomatic, orsmouldering myeloma. If you don’t need treatment, you’ll be monitored for signs the cancer is beginning to cause problems. If you do need treatment, the following options are most commonly used. Further treatment is needed if myeloma returns. Treatment for relapses is generally similar to initial treatment, although non-intensive treatment is often preferred to further intensive treatment. Additional medications such as lenalidomide, pomalidomide and other chemotherapy medicines may be added, or used again as your haematologist feels is appropriate. You may also be asked if you want to participate in clinical trial research into new treatments for multiple myeloma. Lenalidomide and pomalidomide are similar to thalidomide. They’re both taken by mouth, and both can have an effect on the cells produced by your bone marrow, which can cause: They may also increase your risk of developing a blood clot and have other side effects similar to thalidomide. Let your care team know if you experience any problems or unusual symptoms while taking lenalidomide or pomalidomide."
Multiple sclerosis (MS),multiple sclerosis ms can cause a wide range of symptoms and can affect any part of the body it affects everyone differently the symptoms are unpredictable some people s symptoms develop and worsen over time while for others they come and go periods when symptoms get worse are known as relapses periods when symptoms improve or disappear are known as remissions some of the most common symptoms include,Exactly why someone develops multiple sclerosis (MS) isn’t known. It’s not caused by anything you’ve done and it’s not clear if you can prevent it. It’s likely to be partly caused by genes you inherit from your parents and partly by outside factors that may trigger the condition. Some of the factors that might cause MS include: More research will help us understand why MS occurs and whether it can be prevented or not.,,"Although there isn’t a cure for MS, there are medicines that can help to reduce the number and severity of relapses in some people. These are called disease-modifying therapies or disease modifying drugs. These reduce the amount of damage and scarring to the myelin sheath (layer surrounding your nerves), associated with MS relapses. These treatments reduce the chances of developing progressive symptoms of MS. They might also help to slow worsening disability in MS. Disease-modifying therapies are not suitable for everyone with MS. They’re only prescribed to those with either: People without relapses are less likely to benefit from the treatments and could still experience side effects from them. Sometimes an infection can cause a flare up of symptoms rather than a relapse, so your nurse or GP will check for other possible causes. Treatment for a relapse might involve a five-day course of steroid tablets taken at home. Steroids can help speed up your recovery from a relapse. They don’t prevent further relapses or stop MS getting worse over time. Steroids are only given for a short period of time to avoid possiblesteroid side effects. The side effects could include infection, mood disturbance, stomach ulceration,osteoporosis (weak bones), weight gain anddiabetes. Not using steroids more than three times a year (if possible) will help to reduce the risk of side effects. There are different treatments available for MS symptoms."
Multiple system atrophy (MSA),everyone with msa will experience different symptoms symptoms often start between the ages of 50 and 60 but they can begin anytime from the age of 30 you re likely to experience muscle control or balance problems like those ofparkinson s diseaseorataxia it s a progressive disease which means symptoms will worsen over a period of time msa can cause symptoms including someone with msa might also have,The cause of MSA is not clear. It’s not thought to be inherited. Having MSA appears to be random. It’s not because of something the person with MSA has done. It has no connection to multiple sclerosis (MS). There’s ongoing research into the possible causes of MSA.,,"There isn’t a cure for MSA and there isn’t a way of slowing its progress. As symptoms worsen, you might need help managing day to day life. Visit theMSA Trust websitefor information and support about living with MSA. They have a dedicated MSA charity nurses who can help to support you. Treatment of MSA involves a combination of medication, specialist equipment and the involvement of therapists to manage specific symptoms. It might take time to find the right combination of treatments which work best for you."
Mumps,the symptoms of mumps usually develop 14 to 25 days after you re infected mumps causes painful swellings at the side of the face under the ears the parotid glands it gives a distinctive hamster face appearance other symptoms of mumps can include these may develop a few days before the swelling of the parotid glands sometimes mumps doesn t cause any noticeable symptoms mumps is not usually serious but it has similar symptoms to more serious types of infection such asglandular feverandtonsillitis you should phone your gp first before visiting they can make arrangements to reduce the risk of spreading the infection to others,,,There are things you can do to help relieve your symptoms.
Munchausen’s syndrome,warning signs that somebody may have munchausen s syndrome include,"As most people with Munchausen’s syndrome refuse to co-operate with any sort of psychiatric treatment or psychological profiling, there is little available evidence on the possible causes of the condition. There is a consensus of opinion that Munchausen’s syndrome is a type ofpersonality disorder. Personality disorders are a class of mental health conditions in which an individual has a distorted pattern of thoughts and beliefs about themselves and others which lead them to behave in ways most people would regard as disturbed and abnormal. One theory is that people with Munchausen’s syndrome have an anti-social personality disorder which causes them to take pleasure in manipulating and deceiving doctors. They may see a doctor as a figure of authority, so tricking these figures of authority, gives them a sense of power and control. Another theory is that Munchausen’s syndrome is an attempt to form relationships and become more socially acceptable. Many people with Munchausen’s syndrome are ‘loners’, have little contact with their family, and have few friends. So they then take comfort in adopting the role of a patient, and find the doctor/patient relationship provides a much needed source of human contact and emotional warmth. Many people with Munchausen’s syndrome have claimed to have experienced physical and sexual abuse during childhood. Though due to their tendency to lie about their past, it is hard to say whether this is actually true in all cases.",,"As mentioned, treating Munchausen’s syndrome can be very difficult as most people with the condition will refuse to admit they have a problem and will not co-operate with suggested treatment plans. Because of this, some experts have suggested that health professionals adopt a gentle, non-confrontational approach. So rather than directly accuse a person of lying, they may gently suggest that they have complex health needs that may benefit from a referral to a psychiatrist. Still, even with this approach, many people refuse, or simply move to another area. For people who do admit they have a problem, and co-operate with treatment, it may be possible to help them control the symptoms of Munchausen’s syndrome. There is no standard treatment for the condition, but a combination of psychoanalysis and cognitive behavioural therapy (CBT) has proved relatively successful in helping people control their symptoms. Psychoanalysis is a type of psychotherapy that is based on the theories of Sigmund Freud. Freud suggested that unconscious beliefs or motivations, often formed during early childhood, can lay at the root of many psychological conditions. Psychoanalysis attempts to uncover and then resolve these unconscious beliefs and motivations. CBT works by helping people to identify any unhelpful and unrealistic beliefs and behavioural patterns they may have. The therapist then shows them ways in which they can replace these beliefs with more realistic and balanced ones."
Myasthenia gravis,the first symptoms of myasthenia gravis are often droopy eyelids or double vision it usually affects the eyes first and may spread to other parts of the body it can take weeks months or years for symptoms to develop in other parts of the body the severity of the symptoms is different for each person it s likely that your symptoms will tend to get worse when you re tired the symptoms might improve after resting symptoms can include,,,"There are treatments available that can help reduce the affects of your symptoms. If your symptoms get worse following certain triggers, you should try to avoid those triggers as much as possible. Triggers might include: Treatment might include:"
Mycoplasma genitalium (Mgen),most people with mgen don t notice any symptoms and don t know they have it if you do get symptoms it s usually 1 to 3 weeks after having unprotected sex some people don t get symptoms until months later if you do develop symptoms you may experience sometimes symptoms can disappear after a few days even if symptoms go away you may still have the infection and could pass it on,,,"Antibioticswill treat the Mgen infection. You should avoid having anytype of sexfor 14 days after you and your partners(s) have been treated. When you have finished your treatment, you’ll only be asked to test again if your symptoms haven’t improved. If Mgen is left untreated you may pass it on to other sexual partners. If Mgen is left untreated in women, it can spread to the womb and causepelvic inflammatory disease (PID). This is a serious condition that can causeectopic pregnancyand infertility in women. If men are not treated, the infection may spread to the testicles and cause discomfort. This could affect your fertility."
Myotonic dystrophy,in myotonic dystrophy smaller muscles like those in the hands face and jaw and muscles in the neck are usually affected first symptoms can appear anytime between birth and old age other symptoms can include everyone with myotonic dystrophy will experience different variations and severity of symptoms it s likely the symptoms will get worse very slowly the condition may become worse as it s passed down through the generations if you have a mild form of myotonic dystrophy with little or no symptoms you might not experience significant disability your heart rate will have to be monitored to check for changes this is because there s a risk of the electrical impulses that control your heartbeat travelling too slowly through your heart life expectancy can vary for people with myotonic dystrophy many have a normal life expectancy people with the more severe congenital form present from birth might die at a very young age people whose symptoms begin as a child or teenager might have a shortened life expectancy pneumonia breathing problems or heart problems tend to be the cause of death in many cases of myotonic dystrophy you should let any healthcare professionals you see know that you have myotonic dystrophy because it can cause problems with general anaesthesia there are 2 different types of myotonic dystrophy dm1 and dm2 type 1 tends to be more severe and is more common than type 2 dm2 has similar symptoms to dm1 dm2 causes weakness in muscles close to joints proximal muscles like in the someone with dm2 might experience cataracts or heart problems but they re usually less severe than with dm1 facial weakness and myotonia difficulty relaxing the muscles is usually mild or not experienced at all,"Myotonic dystrophy is a dominant inherited MD. It’s normally passed on from one of your parents. If you have a dominant inherited MD, you only need to inherit the altered gene from one parent to be affected. This means, if you have a child with an unaffected partner there’s still a 1 in 2 chance your child will develop the condition. Very few cases of myotonic dystrophy occur with no family history of the condition. A gene mutation (change) within the DMPK gene on chromosome 19 causes myotonic dystrophy type 1. Myotonic dystrophy type 2 is caused by a gene change in a different gene called the CNBP gene which is found on chromosome 3. A blood test will usually confirm a diagnosis of myotonic dystrophy. Some parents or grandparents might have carried a very slight genetic change that never caused any symptoms or that wasn’t ever diagnosed. Normally, careful and thorough study of the whole family will often show more members with the condition. Read more about the causes of myotonic dystrophy",,"Although there is not a cure for myotonic dystrophy, there are supportive treatments that can help manage your symptoms."
Nasal and sinus cancer,the most common symptoms of nasal and sinus cancer are these symptoms can be similar to more common and less serious conditions such as acoldorsinusitis at a later stage symptoms can include,,,"The best treatment depends on several factors, including how far the cancer has spread and your general health. Treatment may include: Your treatment will be organised by a head and neck cancer multidisciplinary team (MDT), who will discuss the treatment options with you. A combination of treatments will often be recommended."
Nasopharyngeal cancer,it s often difficult to recognise nasopharyngeal cancer because the symptoms are similar to other less serious conditions also many people with nasopharyngeal cancer don t have any symptoms until the cancer reaches an advanced stage symptoms of nasopharyngeal cancer can include speak to your gp if you develop any worrying symptoms particularly if they don t improve after a few weeks while they re very unlikely to be caused by nasopharyngeal cancer it s best to get them checked out,"The exact cause of nasopharyngeal cancer is unknown, but a number of factors can increase your risk of developing the condition. These include: Being exposed to the human papilloma virus (HPV) may also increase your risk of developing certain types of nasopharyngeal cancer. About 3 times as many men as women are affected by nasopharyngeal cancer. The average age at diagnosis is about 50.",,"If you’re diagnosed with nasopharyngeal cancer, you’ll be cared for by a team of different specialists who work together called a multidisciplinary team (MDT). Members of your MDT will discuss with you what they think the best treatment option is in your case. The 2 main treatments for nasopharyngeal cancer are: In most cases, a combination of radiotherapy and chemotherapy will be used. Surgery isn’t usually used to treat nasopharyngeal cancer as it’s difficult for surgeons to access the affected area."
Neck injury,neck injuries often cause pain other symptoms of a neck injury may include,,,Most people who experience a minor neck injury are able to manage their symptoms at home. There are a number of things you can do to help manage it. More information on how you can manage​neck problems. Read information for people who’ve been diagnosed withwhiplash.
Neuroblastoma: Children,the symptoms vary depending on where your child s neuroblastoma tumour is there are often symptoms of tiredness being pale loss of appetite weight loss bone pain and generalised discomfort,"As with most cancers, the cause of neuroblastoma is unknown. It is not infectious and cannot be passed on to other people.",,"The treatment of neuroblastoma depends on the age of the child, the size and position of the tumour, the tumour biology (including the MYCN status) and whether the neuroblastoma has spread. For tumours that have not spread (localised tumours), the treatment is usually surgery. If the tumour is at an early stage and there is no evidence that it has spread to the lymph nodes or any other parts of the body, an operation to remove the tumour, or as much of it as possible, will be undertaken. If the tumour is, at first, too large or in too difficult a position to remove safely, chemotherapy will be given to shrink it before surgery. A cure is usually possible for children with localised tumours. However, if a localised tumour is classed as ‘high-risk’, due to the tumour biology results, additional treatment with chemotherapy and usually radiotherapy will be needed. If the tumour has already spread by the time of diagnosis, or is indicated as being high-risk by the tumour biology result, intensivechemotherapyis needed. Chemotherapy is the use of anti-cancer drugs to destroy cancer cells. It’s usually given as an infusion into a vein. Your child will have a semi-permanent cannula called a central venous line inserted under a general anaesthetic to minimise the distress caused by intravenous injections. Your child’s specialist will discuss with you the type and amount of chemotherapy needed. If the neuroblastoma has spread to several parts of the body, or is high-risk with MYCN amplification, high dose chemotherapy with peripheral blood stem cell rescue is used after the initial courses of chemotherapy. High-dose chemotherapy will wipe out any remaining neuroblastoma cells but will also wipe out the body’s bone marrow, where blood cells are made. To prevent the problems this causes, stem cells (blood cells at their earliest stages of development) are collected from your child through a drip before the chemotherapy is given. These stem cells are then frozen and stored until required. After the high-dose chemotherapy, the stem cells are given back to your child through a drip. They make their way into the bone marrow, where they grow and develop into mature blood cells over a period of 14 to 21 days. Monoclonal antibodies can destroy some types of cancer cells while causing little harm to normal cells. In the UK, patients with high-risk neuroblastoma treated in the (SIOPEN) European high-risk clinical trial receive immunotherapy with a monoclonal antibody called anti-GD2 after their high dose therapy. There is good evidence from a clinical trial (research study) carried out in America, which was first reported on in 2009, that this may be a promising therapy when given alongside standard treatment for neuroblastoma. The anti GD2 is either given on its own or with cytokines. It is not yet a standard treatment for patients with neuroblastoma as it has very unpleasant side effects, the benefits need to be fully proven and the best way to administer it needs to be established. It is therefore currently only available to patients in the UK who are being treated within a clinical trial. Your child’s specialist will be able to tell you much more about this treatment. External beamradiotherapymay be given if the neuroblastoma is high-risk, or has spread to several parts of the body. This uses high-energy rays to destroy the cancer cells, while doing as little harm as possible to normal cells. External beam radiotherapy is given from a machine outside the body. Internal radiotherapy may sometimes be given using radioactive MIBG. Radioactive MIBG is similar to the MIBG used in an investigation to diagnose neuroblastoma, but uses higher doses of radioactivity to kill the cancer cells. Children under 18 months old with neuroblastoma often have ‘low-risk’ tumours, and as long as there is no MYCN amplification, their outlook is excellent. Most children in this age group are cured. Children with Stage 4S disease almost always get better with very little treatment or none at all. These tumours either regress spontaneously or after chemotherapy, which is only given if there are symptoms from the tumour. They disappear completely or develop into a non-cancerous (benign) tumour, called a ganglioneuroma. Many of these children, after their initial diagnostic tests and staging investigations, will just need careful monitoring for some years. Ganglioneuromas are usually harmless and will not cause any problems and do not need any treatment. Chemotherapy often causes side effects, and your child’s doctor will discuss this with you before the treatment starts. The side effects will depend upon the actual drugs being given. Immediate side effects can include: A small number of children may develop late side effects, sometimes many years after treatment. These include a change in the way the heart and kidneys work, hearing problems, fertility problems, a possible reduction in bone growth if radiotherapy has been given, and a slightly increased risk of developing another cancer in later life. Your child’s doctor or nurse will talk to you about any possible late side effects. Many children have their treatment as part of a clinical research trial. Trials aim to improve our understanding of the best way to treat an illness, usually by comparing the standard treatment with a new or modified version. Specialist doctors organise many trials for children’s cancer. Children in the UK with neuroblastoma can take part in national and European studies. The European research group is called SIOPEN. If appropriate, your child’s medical team will talk to you about taking part in a clinical trial, and will answer any questions you have. Written information is provided to help explain things. Taking part in a research trial is completely voluntary, and you’ll be given plenty of time to decide if it’s right for your child. Sometimes, clinical trials are not available for your child’s tumour. This may be because a recent trial has just finished, or because the tumour is very rare. In these cases, you can expect your doctors and nurses to offer treatment which is agreed to be the most appropriate, using guidelines which have been prepared by experts across the country. TheChildren’s Cancer and Leukaemia Group(CCLG) is an important organisation which helps to produce these guidelines. Follow-up after treatment usually involves regular visits to the hospital outpatients department, with scans and urine tests as necessary. For children who have had chemotherapy and/or radiotherapy, more specialised tests may also be carried our. For example, hearing tests, kidney and heart function tests, and checking hormone levels. These will be repeated until your child is grown up. If you have specific concerns about your child’s condition and treatment, it’s best to discuss them with your child’s doctor, who knows their situation in detail."
Neuroendocrine tumours,the symptoms of a neuroendocrine tumour can vary depending on where it is and what hormones it produces for example a tumour in the digestive system may causediarrhoea constipationor tummy pains a tumour in the lung may cause wheezing or a persistentcough some tumours functioning tumours may cause abnormally large amounts of hormones to be released into the bloodstream this can cause symptoms such as diarrhoea flushing cramps wheezing low blood sugar hypoglycaemia changes in blood pressure and heart problems,"What causes neuroendocrine tumours isn’t fully understood. However, your chance of developing a NET is increased if you have one of the following rare conditions or syndromes: Research has also shown that your risk of developing a NET is slightly increased if one of your parents has had one in the past.",,"How a neuroendocrine tumour is treated will depend on your individual circumstances. For example, your treatment will depend on: Unfortunately, many people are only diagnosed after other parts of their body are affected. However, it may still be possible to surgically remove the tumour, even if it has spread to other parts of your body. If surgery can’t be used to completely cure your condition, it may be used to help manage and reduce any symptoms that you have. It may also be possible to shrink the tumour or stop further growth using treatments that block the blood supply to the tumour (embolisation), orchemotherapy,radiotherapyor radiofrequency ablation (where heat is used to destroy the cells). TheCancer Research UKwebsite has more information aboutneuroendocrine tumours (NETs)."
Non-alcoholic fatty liver disease (NAFLD),there aren t usually any symptoms of nafld in the early stages you probably won t know you have it unless it s diagnosed during tests carried out for another reason occasionally people with nash or fibrosis more advanced stages of the disease may experience if cirrhosis the most advanced stage develops you can get more severe symptoms such as yellowing of the skin and the whites of the eyes jaundice itchy skin and swelling in the legs ankles feet or tummy read more about thesymptoms of cirrhosis,,,"Most people with NAFLD won’t develop any serious problems, but if you’re diagnosed with the condition it’s a good idea to take steps to stop it getting any worse. There’s currently no specific medication for NAFLD, but making healthy lifestyle choices can help and treatment may be recommended for associated conditions (high blood pressure, diabetes and cholesterol) or complications. You may be advised to have regular appointments with your doctor to check your liver function and look for signs of any new problems. Adopting a healthy lifestyle is the main way of managing NAFLD. The following can all help. Lose weight– you should aim for aBMIof 18.5-24.9. Losing more than 10% of your weight can remove some fat from the liver and improve NASH if you have it. Eat a healthy diet– try to have a balanced diet high in fruits, vegetables, protein and carbohydrates, but low in fat, sugar and salt. Eating smaller portions of food can help too. Exercise regularly– aim to do at least 150 minutes of moderate-intensity activity, such as walking or cycling, a week. All types of exercise can help improve NAFLD, even if you don’t lose weight. Stop smoking– if you smoke, stopping can help reduce your risk of problems such as heart attacks and strokes. NAFLD isn’t caused by alcohol, but drinking may make the condition worse. It’s therefore advisable to cut down or stop drinking alcohol. Read sometips on cutting down on alcohol. There isn’t currently any medication that can treat NAFLD, but various medicines can be useful in managing the problems associated with the condition. For example, your doctor may recommend medication totreat high blood pressure,treat high cholesterol,treat type 2 diabetesand/ortreat obesity. If you develop severe cirrhosis and your liver stops working properly, you may need to be put on the waiting list for a liver transplant. For adults, the average waiting time for a liver transplant is 145 days for transplants from recently deceased donors. Alternatively, it may be possible to have a transplant using a section of liver removed from a living donor. As the liver can regenerate itself, both the transplanted section and the remaining section of the donor’s liver are able to regrow to a normal size. Read more aboutliver transplants."
Non-Hodgkin lymphoma,the most common symptom of non hodgkin lymphoma is a painless swelling in a lymph node usually in the neck armpit or groin lymph nodes also known as lymph glands are pea sized lumps of tissue found throughout the body they contain white blood cells that help to fight against infection the swelling is caused by a certain type of white blood cell known as lymphocytes collecting in the lymph node however it s highly unlikely you have non hodgkin lymphoma if you haveswollen lymph nodes as these glands often swell as a response to infection some people with non hodgkin lymphoma also have other more general symptoms these can include other symptoms depend on where in the body the enlarged lymph glands are for example if the abdomen tummy is affected you may haveabdominal painorindigestion a few people with lymphoma have abnormal cells in their bone marrow when they re diagnosed this may lead to,"The exact cause of non-Hodgkin lymphoma is unknown. However, your risk of developing the condition is increased if you: You also have a slightly increased risk of developing non-Hodgkin lymphoma if a first-degree relative (such as a parent or sibling) has had the condition. Read more about thecauses of non-Hodgkin lymphoma. Non-Hodgkin lymphoma is caused by a change (mutation) in the DNA of a type of white blood cell called lymphocytes. The exact reason why this happens isn’t known. DNA gives cells a basic set of instructions, such as when to grow and reproduce. The mutation in the DNA changes these instructions, so the cells keep growing. This causes them to multiply uncontrollably. The abnormal lymphocytes usually begin to multiply in one or more lymph nodes in a particular area of the body, such as your neck or groin. Over time, it’s possible for the abnormal lymphocytes to spread into other parts of your body, such as your: However, in some cases, non-Hodgkin lymphoma first develops in an organ or somewhere else outside the lymphatic system (the network of lymph vessels and glands found throughout the body).",,"There are many subtypes of non-Hodgkin lymphoma, but they can generally be put into one of 2 broad categories: The outlook for non-Hodgkin lymphoma varies greatly, depending on the exact type, grade and extent of the lymphoma, and the person’s age. Low-grade tumours don’t necessarily require immediate medical treatment, but are harder to completely cure. High-grade lymphomas need to be treated straight away, but tend to respond much better to treatment and can often be cured. The main treatments used for non-Hodgkin lymphoma are: Overall, most cases of non-Hodgkin lymphoma are considered very treatable. You can read more detailed information aboutthe outlook for non-Hodgkin lymphomaon the Cancer Research UK website. However, there’s a risk of long-term problems after treatment, includinginfertilityand an increased risk of developing another type of cancer in the future. Read more about: Non-Hodgkin lymphoma is usually treated with cancer-killing medication or radiotherapy, although some people may not need treatment straight away. In a few cases, if the initial cancer is very small and can be removed during abiopsy, no further treatment may be needed. The recommended treatment plan will depend on your general health and age, as many of the treatments can put a tremendous strain on the body. Discussions about your treatment plan will usually take place with several doctors and other health professionals who specialise in different aspects of treating lymphoma. This is known as a multidisciplinary team (MDT). Your MDT will recommend the best treatment options for you. However, you shouldn’t be rushed into making a decision about your treatment plan. Before deciding, you may wish to talk to friends, family and your partner. You’ll be invited back to see your care team for a full discussion about the risks and benefits of any treatments planned before treatment begins. You can ask your care team if a clinical trial is available to take part in."
Non-Hodgkin lymphoma: Children,the first sign of nhl is usually a lump somewhere in the body which is caused by swollen lymph nodes this can cause different symptoms depending on where the swollen lymph nodes are if glands in the abdomen are affected this may cause a feeling of being full after meals and some stomach pain other symptoms of nhl include a high temperature fever tiredness weight loss and loss of appetite in a few children lymphoma cells may be found in the bone marrow or in the fluid around the spinal cord cerebrospinal fluid,We don’t know what causes NHL but there is research going on all the time to try to find out. It’s important to remember that nothing you have done has caused the cancer.,,"Treatment for NHL has a very good success rate and many people are cured.Chemotherapyis the most important treatment for children with NHL. Chemotherapy is the use of anti-cancer (cytotoxic) drugs to destroy cancer cells. It’s common for a combination of drugs to be used and treatment may last a number of months or years. The treatment will be planned according to your child’s particular type of NHL and the stage of the disease. B-cell NHL is treated with 4 to 8 courses of intensive chemotherapy. T-cell NHL is treated for about 2 years. Your child’s doctor will discuss the treatment options with you. NHL can sometimes affect the brain and spinal cord. To stop this, chemotherapy may be injected directly into the fluid around the spinal cord. This is called intrathecal chemotherapy. Very rarely,radiotherapyis also necessary. Radiotherapy treats cancer by using high-energy rays to destroy the cancer cells, while doing as little harm as possible to normal cells. High-dose chemotherapy with a bone marrow transplant is sometimes used (again very rarely) if the NHL comes back (recurs) after initial treatment. Treatment for NHL can cause different side effects, and your child’s doctor will discuss these with you before the treatment starts. Any possible side effects will depend on the part of the body that’s being treated and what treatment is being used. Some children have just a few side effects, while others experience more. Side effects can include: Months or years later some children will develop late side effects from the treatment they have had. These include a possible reduction in bone growth, a change in the way the heart, lungs and kidneys work, and a small increase in the risk of developing another cancer in later life. After treatment with chemotherapy, some children – particularly boys – may become infertile. Older boys, and their parents, should be aware of the option of sperm banking. In this situation, sperm can be stored for possible use in later years. Your child’s doctor or nurse will talk to you about any possible late side effects and will keep a close eye on possible long-term side effects in follow-up clinics. Many children have their treatment as part of a clinical research trial. Cancer research trials are carried out to try to find new and better treatments for cancer. Clinical trials mean there are now better results for curing children’s cancers compared with just a few years ago. Your child’s medical team will talk to you about taking part in a clinical trial and will answer any questions you have. Written information is provided to help explain things. Taking part in a research trial is completely voluntary, and you’ll be given plenty of time to decide if it’s right for your child. Sometimes, clinical trials are not available for your child’s tumour. This may be because a recent trial has just finished, or because the tumour is very rare. In these cases, you can expect your doctors and nurses to offer treatment which is agreed to be the most appropriate, using guidelines which have been prepared by experts across the country. TheChildren’s Cancer and Leukaemia Group(CCLG) is an important organisation which helps to produce these guidelines. Once treatment has finished, the doctors will monitor your child closely with regular appointments in the hospital outpatient department. If you have specific concerns about your child’s condition and treatment, it’s best to discuss them with your child’s doctor, who knows the situation in detail."
Norovirus,you re likely to have norovirus if you experience some people also have a slight fever headaches painful stomach cramps and aching limbs the symptoms appear 1 to 2 days after you become infected and typically last for up to 2 or 3 days,,,
Obsessive compulsive disorder (OCD),ocd affects people in different ways it usually causes a particular pattern of thought and behaviour this pattern has 4 main steps almost everyone has unpleasant or unwanted thoughts at some point in their life this might be a concern that you ve forgotten to lock the door or that you might get a disease from touching other people it could be sudden unwelcome violent or offensive mental images most people are able to put these types of thoughts and concerns into context they can then carry on with their day to day life they do not repeatedly think about worries they recognise as senseless or excessive if you have persistent and unwanted thoughts that dominate your thinking you may have developed an obsession some common obsessions that affect people with ocd include compulsions happen as a way of trying to reduce or prevent the harm of the obsessive thought however this behaviour is either excessive or not connected at all for example a person who fears that they ll become contaminated with dirt and germs may wash their hands repeatedly or someone with a fear of causing harm to their family may have the urge to repeat an action many times to try to neutralise the thought of harm this type of compulsive behaviour is particularly common in children with ocd most people with ocd realise that such compulsive behaviour is irrational they might know it makes no logical sense but they cannot stop acting on their compulsion not all compulsive behaviours will be obvious to other people,The exact cause of OCD is not known. There are some factors that could make a person more likely to have OCD. These factors might include:,,"Treatment for OCD depends on the how much the condition is affecting your daily life. The 2 main treatments are: If your OCD has a severe impact on your daily life, you’ll usually be referred to a specialist mental health service. You’ll likely receive a combination of CBT and a course of antidepressants. Children with OCD are usually referred to a healthcare professional with experience of treating OCD in children. It can take several months before a treatment has a noticeable effect. You could try our OCD self-help guide for mild to moderate symptoms of OCD. You might have specialist treatment if you’ve tried other options and your OCD is still not under control. Most people improve after receiving treatment. OCD Actionhave online support groups where you can connect with other people with similar experiences. "
Obstructive sleep apnoea,signs of osa can include some people with osa may also experience night sweats and may wake up often during the night to pee during an episode the lack of oxygen triggers your brain to pull you out of deep sleep either to a lighter sleep or to wakefulness your airway then reopens and you can breathe normally these repeated sleep interruptions can make you feel very tired and more likely to fall asleep during the day you ll usually have no memory of your interrupted breathing so you may be unaware you have a problem,,,"There are treatments that can reduce the symptoms of OSA. Lifestyle changes include: People with moderate to severe OSA usually need to use a continuous positive airway pressure (CPAP) device. It delivers a continuous supply of compressed air through a mask. This prevents your airway closing while you sleep. CPAP can feel peculiar to start with and you may be tempted to stop using it. But people who persevere usually soon get used to it and their symptoms improve significantly. CPAP is available on the NHS and is the most effective therapy for treating severe cases of OSA. Telemonitoring may be used to check how well CPAP is working for you. Telemonitoring means healthcare professionals can check your use of CPAP therapy. They can see if there are any issues that they can help with and make adjustments where needed. As well as reducing symptoms such as snoring and tiredness, it can also reduce the risk of complications of OSA in people who have symptoms, such ashigh blood pressure. Possible side effects of using a CPAP device can include: A mandibular advancement device (MAD) is a dental appliance, like a gum shield, sometimes used to treat mild OSA. They’re not generally recommended for more severe OSA. But they may be an option if a CPAP device isn’t right for you. A MAD is worn over your teeth when you’re asleep. It holds your jaw and tongue forward to increase the space at the back of your throat and reduce the narrowing of your airway that causes snoring. It’s recommended you have a MAD made for you by a dentist with training and experience in treating sleep apnoea. MADs aren’t always available on the NHS, so you may need to pay for the device privately through a dentist or orthodontist. A MAD may not be a suitable treatment for you if you don’t have many – or any – teeth. If you have dental caps, crowns or bridgework, speak to your dentist to make sure they won’t be stressed or damaged by a MAD. Surgery may also be an option if OSA is thought to be the result of a physical problem that can be corrected surgically. For example, an enlarged tonsillar tissue. For most people surgery isn’t appropriate. It may only be considered as a last resort if other treatments haven’t helped."
Oculopharyngeal muscular dystrophy (OPMD),the symptoms of opmd are although you might have droopy eyelids your eyesight vision should not be affected even when the condition worsens a person with opmd could have normal vision if their eyelids are raised worsening problems with swallowing dysphagia can cause problems swallowing fluids including saliva there s a danger of aspiration food drink or saliva going down the wrong way into the chest instead of the stomach this increases the risk of chest infections aspiration pneumonia some people with opmd experience muscle weakness first around the shoulders and then around the hips this doesn t usually happen until many years after the initial diagnosis it s usually mild but can progress to be more severe the life expectancy of someone with opmd is close to normal if it s managed well,"OPMD is an autosomal dominant inherited type of MD. If you have a dominant inherited MD, you only need to inherit the altered gene from one parent to be affected. This means, if you have a child with an unaffected partner there’s still a 1 in 2 chance your child will develop the condition. If you have a parent with OPMD you might want to find out if you’re likely to develop the condition. You might want to consider having a genetic test. You’ll be offered counselling if you’re considering genetic testing. If you do find out you have inherited the condition, it’s impossible to predict when you’ll develop symptoms.",,"There is no cure for OPMD. There are treatments available for the the most common OPMD symptoms of ptosis, limb weakness and dysphagia."
Oesophageal cancer,oesophageal cancer doesn t usually have any symptoms at first but as the cancer grows it can cause swallowing problems and other symptoms other symptoms of oesophageal cancer can include,"The exact cause of oesophageal cancer is unknown, but certain things can increase the risk of it developing.",,"If oesophageal cancer is diagnosed at an early stage, it may be possible to cure it with: If oesophageal cancer is diagnosed at a later stage, a cure may not be achievable. But in these cases, surgery, chemotherapy and radiotherapy can be used to help keep the cancer under control and relieve any symptoms you have. Read more abouthow oesophageal cancer is treatedandliving with oesophageal cancer The main treatments for oesophageal cancer are surgery, chemotherapy and radiotherapy. You’ll be cared for by a group of different healthcare professionals and your team will recommend a treatment plan they feel is most suitable for you, although final treatment decisions will be yours. Your plan will largely depend on how far your cancer has spread – known as the ‘stage’."
Osteoarthritis,the main symptoms of osteoarthritis are pain and stiffness in your joints this can make it difficult to move the affected joints and do certain activities the symptoms may come and go which can be related to things like your activity levels and even the weather in more severe cases the symptoms can be continuous other symptoms you or your healthcare professional may notice include osteoarthritis can affect any joint in the body the most common areas affected are the knees hips and small joints in the hands often you will only experience symptoms in one joint or a few joints at any one time,"As you age the tissues around your joints age too. This natural aging can sometimes develop into osteoarthritis. With osteoarthritis, some of the cartilage (the protective surface that allows your joints to move smoothly) in the joint can be lost. Bony growths can develop, and the area can become slightly inflamed (red and swollen). These changes are what cause the typical symptoms of pain, stiffness and swelling. The exact causes are not known There are several factors thought to increase your risk of developing the condition. These include: Although it’s not possible to prevent, making some lifestyle changes can reduce your risk of osteoarthritis. Maintaining a healthy weight may lower your chances of developing the condition.",,"Exercise is one of the most important ways of managing osteoarthritis, whatever your age or level of fitness. Specific exercises that help strengthen the muscles and joints are recommended. Some people worry that exercising will increase their pain and cause further joint damage. This is not the case. Exercise can improve osteoarthritis, benefit the joints and reduce pain. Read about exercises for the hip Read about exercises for the knee Read about exercises for the hand Exercise can also help ease symptoms because it can: Read more about keeping active Maintaining a healthy weight can be important part of treatment. This can often significantly reduce joint pain. Read more information and tips onmaintaining a healthy weight. If pain medication is required it should only be short term use to support exercise. Pain medication can help you move more comfortably, which can help your recovery. The most effective painkiller for this condition isa gel containing ibuprofenthat is rubbed into the skin. More about taking painkillers Other pain medications like paracetamol and opioids are not as effective. They also come with potentially harmful side affects. If your pain remains at a high level you should discuss your options with a healthcare professional. Corticosteroids are medicines that help reduce pain and inflammation. They may also be given with alocal anaesthetic. Injections will not cure your condition but can occasionally be used to help with short term pain relief when other treatments have been ineffective. There are risks associated with having this procedure, it can contribute to a deterioration in arthritis. Read more about corticosteroids Manual therapy is a treatment provided by a healthcare professional. It uses stretching techniques to keep your joints supple and flexible. This should only be used alongside exercise, not as a replacement for it. If your osteoarthritis causes mobility problems or difficulty performing everyday tasks, supportive devices could help. There are a variety of tools and aids to assist you in your everyday activities. If you feel these would help you, you should speak to your healthcare professional. There is limited benefit to other therapies and devices that are often promoted or sold online. These may not be offered by NHS services. These can include: Surgery for osteoarthritis is only needed where other treatments have not been effective or where one of your joints is severely affected. Having surgery for osteoarthritis may greatly improve your symptoms, mobility and quality of life. However, surgery cannot be guaranteed to fully resolve your symptoms. You may still experience pain and stiffness due to your condition. Risks of surgery can vary depending on a variety of factors including: Read more about waiting on a hip or knee replacement"
Osteoarthritis of the hip,these can vary from person to person people may experience some or all of these symptoms including,"The exact cause of osteoarthritis is unknown, however it’s likely that a combination of factors may contribute. The likelihood of developing osteoarthritis in the hip can be increased by",,"While there is no cure for osteoarthritis, the condition can be successfully self-managed in a number of cases. Osteoarthritis of the hip can range in severity; some people can have significant changes shown on an x-ray with mild symptoms and others can have severe symptoms with little physical change. For both cases, and those in between, treatment would begin with the same approach. Keeping the joint mobile is the best way to manage your symptoms. You can manage your symptoms by: Strengthening muscles around your hip will help manage your symptoms. Read more about exercises  for osteoarthritis of the hip Low seating often tends to aggravate the hip. Many people find it difficult to get on and off a sofa or toilet or in and out of bed or a car. It may be useful to increase the height of your seating where possible using cushions or specific products to raise all types of seating. Arthritis UK have more information onliving with arthritis. When climbing stairs consider using a handrail until your muscles become stronger. If going upstairs lead with the unaffected leg.  If going downstairs lead with the affected leg. A walking stick may be beneficial, if using ensure it’s used on the opposite side from your affected leg. If you feel a walking aid would be beneficial you should contactyour healthcare professionalfor advice. Pain medication can help you move more comfortably, which can help your recovery More about taking painkillers In some cases, surgery may be required if all other treatment options have been tried. If you’re waiting on surgery it’s still important to maintain movement in your hip using the management advice above as this will help your recovery. Read more about what you can do while awaiting hip surgery"
Osteoarthritis of the knee,these can vary from person to person people may experience some or all of these symptoms including,"The exact cause of osteoarthritis is unknown, however it’s likely that a combination of factors may contribute. The likelihood of developing osteoarthritis in the knee can be increased by",,"While there is no cure for osteoarthritis, the condition can be successfully self-managed in a number of cases. Osteoarthritis of the knee can range in severity; some people can have significant changes shown on an x-ray with mild symptoms and others can have severe symptoms with little physical change. For both cases, and those in between, treatment would begin with the same approach. Keeping the joint active is the best way to manage your symptoms. You can manage your symptoms by: Strengthening muscles around your knee will help manage symptoms. Read more about exercises for osteoarthritis of the knee When climbing stairs consider using a handrail until your muscles become stronger. If going upstairs lead with the unaffected leg.  If going downstairs lead with the affected leg. A walking stick may be beneficial, if using, ensure it’s used on the opposite side from your affected leg. If you feel a walking aid would be beneficial you should contactyour healthcare professionalfor advice. Pain medication can help you move more comfortably, which can help your recovery. More about taking painkillers Using heat or ice on your knee can help reduce symptoms. Use a barrier, like a towel, to protect your skin from a burn. Never place ice or heat directly on your skin. Leave a few hours between treatments. Ice can be helpful if your knee is painful and swollen.  Heat may be helpful if you have stiffness in the joints or muscles. How to avoid hot water bottle burns and scalds – Care of Burns in Scotland In some cases, surgery may be required if all other treatment options have been tried. If you’re waiting on surgery it’s still important to maintain movement in your knee using the management advice above as this will help your recovery. Read more about what you can do while awaiting knee surgery"
Osteoarthritis of the hand,symptoms vary from person to person oa can affect the joints in your the index middle fingers and thumb are the most commonly affected the joint at the base of the thumb can also be affected and occasionally the wrist joint too other common symptoms include read more from arthritis uk about osteoarthritis,,,"There are a number of ways to manage the symptoms of OA hand. Arthritis affects everyone in a different way. Symptoms can change from day to day. There are many ways to maintain a good quality of life when living with arthritis. Arthritis UK has everyday tips for living with arthritis Fatigue is a common symptom of arthritis. It can make other symptoms like pain and joint stiffness feel worse Arthritis UK has information on managing fatigue There are a number of ways to change the way you use your hands while doing common tasks. Changing your hand position can help: Arthritis UK have information on how to look after your joints It’s important to keep the joints moving and strong. This may help reduce pain and inflammation. Exercises can help to improve your hand posture. They may also make it easier to do your day-to-day activities. Read more about exercises that can help with the symptoms of OA hand A splint may be advised by your healthcare professional. Splints help support the thumb or fingers to manage your symptoms. You may need to use a splint during the day when carrying out repetitive activities. It’s not advised to wear this all the time. You may only need to use this for a few weeks in order to settle the symptoms. Speak to your healthcare professional to get more information about splints and supports for your hand. Arthritis UK have information on splinting Versus Arthritis have advice onusing aids or adaptations to help with activities. Pain medication can help you move more comfortably, which can help your recovery. One of the most effective painkillers for this condition isan ibuprofen gel. This is rubbed into the skin. Paracetamol can also be helpful. Stronger pain killers like opioids increase the risk of harmful side effects. More about taking painkillers If your pain remains at a high level you should discuss your options with a healthcare professional. It can be helpful to use heat to manage your pain for short periods of time. You could: If using warm water, ensure the water is not too hot to avoid a scald or burn. Watch a video on contrast bathing, which reduces swelling by moving your affected hand between warm and cold water. You should not use heat as a treatment for OA hand if you have issues with: Occasionally corticosteroid injections are considered, if other treatment options aren’t working. Corticosteroids are medicines that help reduce pain and inflammation. They are used to help with the pain in the short term. There is no evidence of long-term benefit. Read more about corticosteroids In some cases, surgery may be an option if all other treatment options have been tried. If you’re considered for surgery, your surgeon will go through the benefits and potential complications with you. Examples of this include:"
Osteosarcoma,pain in the affected bone is the most common symptom this pain may initially come and go and then gradually become more severe and constant especially at night there may also be swelling around the affected bone osteosarcoma is sometimes discovered when a bone that has been weakened by cancer breaks after the person has had a minor fall or accident some patients may develop a limp if the tumour is in the leg or pelvis these symptoms can be caused by many things other than cancer however any persistent bone pain should be checked by your child s doctor symptoms are often attributed to a sporting injury,"There has been a lot of research into the causes of osteosarcoma but, like most childhood cancers, a definite cause is unknown. There are a few risk factors that have been associated with osteosarcoma. Children who have hereditaryretinoblastoma(a rare tumour of the eye) have an increased risk of developing osteosarcoma. Children who have previously had radiotherapy and chemotherapy also have an increased risk of developing osteosarcoma. It is not caused by injuries or damage to the bone, although an injury may draw attention to a bone tumour.",,"Treatment will depend on a number of factors including the size, position, and stage of the tumour. Chemotherapyis a very important part of treatment for osteosarcoma. Chemotherapy uses anti-cancer (cytotoxic) drugs to destroy cancer cells, and is usually given to shrink the main tumour before surgery. It’s also given after the tumour has been removed by surgery, to help reduce the risk of the cancer coming back (recurring). It’s common for a combination of drugs to be used. Radiotherapymay occasionally be given. This treats cancer by using high energy rays to destroy the cancer cells, while doing as little harm as possible to normal cells. The type and extent of surgery depends on the position and size of the tumour in the body. This surgery will need to be carried out at a specialist orthopaedic centre, and your child should be referred to one. Surgery may include removing the whole limb (amputation) or part of the affected bone, which is then replaced by some form of false limb (prosthesis). If only part of the affected bone is removed, this is known as limb-sparing surgery. Most children will be considered for limb-sparing surgery. Sometimes amputation of the limb is unavoidable if the cancer is affecting the surrounding blood vessels and nerves. After amputation, a false limb will be fitted and will be regularly adjusted as your child grows. False limbs can work very well. It should be possible for your child to join in with normal activities and even sports. There are 2 ways that limb-sparing surgery may be done: After this type of surgery, children will usually be able to use their limbs almost normally. However, they are advised not to participate in any contact sports. This is because any damage to the bone graft or prosthesis may require another major operation to repair or replace it. If your child is growing, the limb prosthesis will need to be lengthened as the bone grows. This may mean there are extra short stays in hospital, although some prostheses can be lengthened as an outpatient procedure. Mifamurtide, also called Mepact®, is a new type of biological therapy treatment. It may be offered to your child if they have had a surgical resection to remove the osteosarcoma and the tumour has not spread. It will be given along with chemotherapy after surgery to try and stop the osteosarcoma coming back. Mifamurtide is a relatively new drug and so more research needs to be done to fully understand its side effects and how to use it best. Treatment often causes side effects, and your child’s doctor will discuss these with you before the treatment starts. Any possible side effects will depend upon the treatment being given and the part of the body that’s being treated. Some general side effects of chemotherapy can include: Radiotherapy can cause irritation or soreness of the skin in the area being treated and general tiredness. If your child is having surgery, the surgeon will explain the possible complications of the surgery that your child is having. A small number of children may develop late side effects, sometimes many years later. These include a reduction in bone growth, reduced fertility, a change in heart function, and a slight increase in the risk of developing another cancer in later life. Your child’s doctor or nurse will talk to you and monitor your child for any potential late effects. Many children have their treatment as part of a clinical research trial, if there is a suitable one open. Trials aim to improve our understanding of the best way to treat an illness, usually by comparing the standard treatment with a new or modified version. Specialist doctors carry out trials for children’s cancer. If appropriate, your child’s medical team will talk to you about taking part in a clinical trial, and will answer any questions you have. Written information will be provided to help explain things. Taking part in a research trial is completely voluntary, and you’ll be given plenty of time to decide if it’s right for your child. Your child’s doctor can tell you if there are any trials available that might be suitable for your child. Sometimes, clinical trials are not available for your child’s tumour. This may be because a recent trial has just finished, or because the tumour is very rare. In these cases, you can expect your doctors and nurses to offer treatment which is agreed to be the most appropriate, using guidelines which have been prepared by experts across the country. TheChildren’s Cancer and Leukaemia Group(CCLG) is an important organisation which helps to produce these guidelines. Many children with osteosarcoma are cured. However, your child may need to have surgery to lengthen the affected limb as they grow. Your child will have regular check-ups and X-rays in the paediatric or adolescent oncology clinic, and at the orthopaedic centre. If you have specific concerns about your child’s condition and treatment, it’s best to discuss them with your child’s doctor, who knows the situation in detail."
Outer ear infection (otitis externa),symptoms of otitis externa include usually only one ear is affected with treatment these symptoms should clear up within a few days some cases can persist for several months or longer,"Most cases of otitis externa are caused by a bacterial infection. It can also be caused by: There are a things that can make you more likely to develop otitis externa, including: Getting water in your ear can cause you to scratch inside your ear, and the moisture also provides an ideal environment for bacteria to grow.",,"Otitis externa sometimes gets better without treatment, but it can take several weeks. To help your symptoms and help prevent complications, you should: Your pharmacist or GP can prescribe ear drops that usually improve symptoms within a few days. There are different types of ear drops that may be used to treat otitis externa. You usually use them several times a day for about a week. Your GP may refer you to a specialist for further treatment and advice if your symptoms are severe, or treatment does not help."
Ovarian cancer,the symptoms of ovarian cancer can be difficult to recognise particularly in its early stages this is because they are often the same as symptoms of other less serious conditions such asirritable bowel syndrome ibs or pre menstrual syndrome pms however 3 main symptoms are more frequent other symptoms such as back pain needing to pass urine more frequently than usual and pain during sex may be the result of other conditions in the pelvic area however they may be a sign of ovarian cancer if you have these types of symptoms try keeping a diary to record how many of these symptoms you have over a longer period bear in mind that ovarian cancer is rare in women and anyone with ovaries under 40 years of age speak to your gp if you have these symptoms regularly on most days for 3 weeks or more although it s unlikely they re being caused by a serious problem it s best to check if you ve already seen your gp and the symptoms continue or get worse you should go back and explain this you know your body better than anyone,"The exact cause of ovarian cancer is unknown, but certain things are thought to increase a woman’s risk of developing the condition, such as age, the number of eggs the ovaries release and whether someone in your family has had ovarian or breast cancer in the past. However, only 1 in 10 cases of ovarian cancer has a genetic link. Read more about thecauses of ovarian cancer Several possible causes of ovarian cancer have been identified, along with risks that may make developing the condition more likely. Cancer begins with a change (mutation) in the structure of the DNA in cells, which can affect how they grow. This means that cells grow and reproduce uncontrollably, producing a lump of tissue called a tumour. In ovarian cancer, cells in the ovary start to change and grow abnormally. If the cancer isn’t identified at an early stage, it can spread to the abdomen and pelvis, including other parts of the female reproductive system.",,"The treatment you receive for ovarian cancer will depend on several things, including the stage of your cancer and your general health.Chemotherapyis the main treatment for ovarian cancer, but your treatment will usually involve a combination of surgery and chemotherapy. Read more abouthow ovarian cancer is treated As with most types of cancer, the outlook for ovarian cancer will depend on the stage it’s at when diagnosed – that is, how far the cancer has advanced. Being diagnosed with ovarian cancer can affect daily life in many ways. However, support is available for many aspects of living with ovarian cancer, including emotional, financial and long-term health issues."
Ovarian cancer: Teenagers and young adults,remember these symptoms happen for lots of reasons other than cancer but if you have any of them it s important to speak to your gp,"The cause of germ cell tumours is unknown. Research into possible causes is going on all the time. Germ cells are a normal part of the ovary, but something causes them to change. This makes them grow too quickly and make a tumour.",,"Most girls and young women can be cured of germ cell tumours of the ovary. Your treatment will depend on the type of germ cell tumour you have and whether it has spread outside the ovaries. Treatment is usually a combination of surgery and chemotherapy, although you may only need surgery. Before you have treatment, your specialist needs to know the type of germ cell tumour you have and what stage it is. The stage of a cancer describes the size of the tumour and whether it has spread outside the ovary to any other parts of your body. Your specialist will tell you the exact stage of the cancer after the operation to remove your ovary. Most germ cell tumours are diagnosed early when they’re in one or sometimes both ovaries but haven’t spread anywhere else in the body. Waiting to hear about the stage of the cancer can be worrying. But this information is important because it helps your doctors plan the right treatment. Another important part of ovarian cancer treatment is to try to make sure it doesn’t make you infertile (unable to get pregnant). Your doctors will think very carefully about this when planning your treatment."
Ovarian cyst,most cysts are found by chance during a scan they re unlikely to cause any symptoms unless they re large or abnormal an ovarian cyst will usually only cause symptoms if it splits ruptures is very large or it blocks the blood supply to the ovaries it can be helpful to keep a note of your period dates and symptoms using a calendar a diary or an app you can then discuss this with your doctor who can decide if any tests or treatments might be needed if you re seeing your doctor there are some useful pieces of information to think about beforehand you can use ourmenstrual health symptom questionnaire pdf 421kb to keep a note of your symptomsand how you re feeling you can print it and talk about it with your healthcare professional to help them understand the different symptoms you re experiencing,,,"In most cases, ovarian cysts disappear in a few months without treatment. A follow-up ultrasound scan may be used to confirm this. Treatment will depend on: If you’re post-menopausal, you’ll usually have regular ultrasound scans and blood tests over the course of a year to monitor the cyst. Large cysts, those causing symptoms, and those that could be cancerous, may need to be surgically removed. Your care team can talk with you about what to expect, and answer any questions you have."
Overactive thyroid,an overactive thyroid hyperthyroidism has many signs and symptoms although it is unlikely you would develop all of them if you have hyperthyroidism you may experience some of the following symptoms if you havediabetes your diabetic symptoms such as extreme thirst and tiredness may be made worse by hyperthyroidism,"The thyroid gland is found in the neck. It produces hormones that are released into the bloodstream to control the body’s growth and metabolism. These hormones are called thyroxine and triiodothyronine. They affect processes such as heart rate and body temperature, and help convert food into energy to keep the body going. In hyperthyroidism, the thyroid gland produces too much thyroxine or triiodothyronine, which speeds up the body’s metabolism. There are several possible underlying causes, the most common being Graves’ disease, in which the body’s immune system targets the thyroid gland and causes it to produce too much of the thyroid hormones. Read more about thecauses of an overactive thyroid gland Overactive thyroid (hyperthyroidism) occurs when your thyroid gland produces too much of the thyroid hormones thyroxine or triiodothyronine. Overproduction of thyroid hormones can be caused by a number of conditions. If tests confirm an overactive thyroid gland, you may be referred for further tests to determine the underlying cause. An additional test that may be used is an isotope thyroid scan. This involves swallowing small amounts of a radioactive substance (an isotope), usually technetium, in capsule or liquid form. A scan is then used to measure how much of the isotope has been absorbed by your thyroid gland. If your thyroid gland absorbs a high amount of the isotope, it is likely the underlying cause is either Graves’ disease or thyroid nodules. If the amount is low, the underlying cause could be due to:",,"An overactive thyroid usually responds well to treatment, and most people are able to control their symptoms. The 3 most widely used treatments for an overactive thyroid gland are: Beta-blockers may also sometimes be used to temporarily relieve many symptoms of an overactive thyroid gland, although it doesn’t target the thyroid gland itself. It’s common for treatment to lead to the thyroid not producing enough hormones. This is known as having anunderactive thyroid gland (hypothyroidism). However, an underactive thyroid is not usually serious and is easily treated. Read more about thetreatment of an overactive thyroid gland If you are diagnosed with an overactive thyroid gland (hyperthyroidism), your GP will refer you to a specialist in hormonal conditions (endocrinologist) to plan your treatment. Radioiodine treatment is a form of radiotherapy used to treat most types of overactive thyroid. Radioactive iodine shrinks your thyroid gland, reducing the amount of thyroid hormone it can produce. Radioiodine treatment is given either as a drink or a capsule to swallow. The dose of radioactivity in the radioiodine is very low and is not harmful. Radioiodine treatment is not suitable if you are pregnant or breastfeeding, and may not be suitable if you have eye problems, such as double vision or prominent (bulging) eyes. Women should avoid getting pregnant for at least 6 months after having radioiodine treatment. Men should not father a child for at least 4 months after having radioiodine treatment. Most people only require a single dose of radioiodine treatment. If a further follow-up dose is required, it is usually given 6 to 12 months after the first dosage. A short course of thionamides treatment may be given a few weeks before radioiodine treatment, as this can lead to a more rapid relief of symptoms."
Pain in the ball of the foot,pain in the ball of the foot tends to develop gradually over time the pain is sometimes described as,"The pain is usually the result of increased pressure on the ball of the foot. Some common causes include: Pain in the ball of the foot can also be related to health issues, includingarthritisanddiabetes. Exercises should relieve pain and improve flexibility in the affected foot. To do this try exercises designed to stretch both your calf muscles and strengthen the muscles in your feet Learn about exercises for foot conditions While recovering you should try to stay as active as you can. A little activity is better than nothing. Continue to stay within acceptable pain limits but remember you don’t need to be pain free. Aim to do a little bit more each day or every few days. The following can help to reduce the pain. Pain medication – this can help you move more comfortably, which can help your recovery More about taking painkillers You should avoid wearing hard, unsupportive, flat-soled shoes because they won’t provide your foot with support. This could make your foot pain worse. Try to wear well fitted shoes that support and cushion your feet. Running shoes are particularly useful. Supportive devices (like insoles) can be used if other treatments haven’t worked. While they can help some not everyone would benefit from using them. A healthcare professional would suggest which devices would be appropriate for you to use. Keeping active is an essential part of your treatment and recovery and is the single best thing you can do for your health. Being physically active can: If painkillers aren’t helping to control the pain, your healthcare professional may discuss having a corticosteroid injection into your foot. Corticosteroids are medicines that help reduce pain and inflammation. They may also be given with alocal anaesthetic. Injections won’t cure your condition, they’re used to help with the symptoms. Read more aboutcorticosteroids",,
Paget’s disease of the nipple,paget s disease usually affects the skin of one nipple and produceseczema like symptoms appearing as an itchy red rash on the nipple that can extend to the darker area of surrounding skin the areola it can also appear as a small ulcer or dry red flaky patches of skin similar topsoriasis other possible symptoms include if you re experiencing itchiness burning or bleeding but the nipple looks normal and isn t red dry or scaly this is extremely unlikely to be paget s disease but should still be checked by a doctor,"Paget’s disease is usually a sign ofbreast cancerin tissue behind the nipple, or breast tissue away from the nipple. The breast cancer can either be: In a small amount of cases, the only evidence of Paget’s disease is the nipple changes. In about half of all cases of Paget’s disease of the nipple, a lump is found in the breast. The majority of people with a lump will have invasive breast cancer, although this does not necessarily mean it has spread. Most people with Paget’s disease of the nipple who don’t have a lump will have non-invasive breast cancer.",,"Paget’s disease is treated in the same way as breast cancer. Surgery is usually the first line of treatment but unlike other forms of breast cancer, it involves removing breast tissue that includes the nipple and areola. This may be followed by a combination of: If Paget’s disease is detected and treated in its early stages, there’s a good chance of recovery. Read more abouthow Paget’s disease is treated. Paget’s disease of the nipple is often associated with other forms of breast cancer. It’s usually treated in the same way as more common types of breast cancer, either by removing the cancerous section of the breast or sometimes by removing the entire breast – a procedure known as a mastectomy. You can discuss any concerns you have with your oncologist (cancer specialist) who will be able to explain each phase of your treatment. After your surgery, you may need further treatment if you have invasive breast cancer, where the cancerous cells have spread into other tissue in your breast. If you had non-invasive breast cancer, where the breast cancer cells were contained in one area of your breast, surgery may be all the treatment you need. Other types of treatment for breast cancer include:"
Pancreatic cancer,in its early stages pancreatic cancer rarely causes symptoms the pancreas is actually 2 glands in one and symptoms depend on which part is affected this is because most cases of pancreatic cancer are in the exocrine pancreas and the 3 most common symptoms are it s important to remember that these symptoms can be caused by many different health conditions and aren t usually the result of cancer however you should contact your gp if you re concerned or if you suddenly develop these symptoms other possible symptoms of pancreatic cancer include,"The exact cause of pancreatic cancer isn’t fully understood. However, there are a number of risk factors that can increase your chances of developing it.",,"Treatment for pancreatic cancer depends on the type, location and stage of your cancer (how far it’s spread). Your age, general health and personal preferences will also be taken into consideration when deciding on your treatment plan. The first aim will be to completely remove the tumour and any other cancerous cells in your body. If this isn’t possible, the focus will be on preventing the tumour growing and causing further harm. Sometimes it’s not possible to get rid of the cancer or slow it down, so treatment will aim to relieve your symptoms and make you as comfortable as possible. Cancer of the pancreas is very difficult to treat. In its early stages, this type of cancer rarely causes symptoms, so it’s often not detected until it’s quite advanced. If the tumour is large or has spread, treating or curing the cancer is much harder. Deciding what treatment is best for you can be a difficult process. There’s a lot to take in, so it’s important to talk about the possible alternatives with a family member or friend. You should also have an in-depth discussion with your doctor, who can tell you the pros and cons of the treatments available to you. If at any stage you don’t understand the treatment options being explained to you, make sure you ask your doctor for more details. There are 3 main ways that cancer of the pancreas can be treated: Some types of pancreatic cancer only require one form of treatment, whereas others may require 2 or a combination of all 3. Cancer Research UK has more information abouttypes of treatment for pancreatic cancer. Surgery is usually the only way pancreatic cancer can be completely cured. However, as the condition is usually advanced by the time it’s diagnosed, surgery is only suitable for around 15 to 20% of people. However, this isn’t a suitable option if your tumour has wrapped itself around important blood vessels. If your cancer has spread to other areas of the body, surgically removing the tumour won’t cure you. Surgery for pancreatic cancer is usually only an option for people who have a good general level of health. This is because pancreas surgery is often long and complex, and the recovery process can be slow. Sometimes the risks of surgery can outweigh the potential benefits. Your doctor will discuss with you whether surgery is a suitable option. The Whipple procedure is the most common operation used to treat pancreatic cancer, and involves removing the head of the pancreas. Your surgeon must also remove the first part of your small intestine (bowel), your gall bladder (which stores bile) and part of your bile duct. Sometimes, part of the stomach also has to be removed. The end of the bile duct and the remaining part of your pancreas is connected to your small intestine. This allows bile and the hormones and enzymes produced by the pancreas to still be released into your system. After this type of surgery, about one in three people need to take enzymes to help them digest food. The Whipple procedure involves long and intensive surgery, but it’s easier to recover from than a total pancreatectomy. A distal pancreatectomy involves removing the tail and body of your pancreas. Your spleen will usually also be removed at the same time. Part of your stomach, bowel, left adrenal gland, left kidney and left diaphragm (the muscle that separates the chest cavity from the abdomen) may also be removed. Like the Whipple procedure, a distal pancreatectomy is a long and complex operation that won’t be carried out unless your doctor thinks it’s necessary. During a total pancreatectomy, your entire pancreas will be removed. This is sometimes necessary due to the position of the tumour. Your surgeon will also remove your: After a total pancreatectomy, you’ll need to take enzymes to help your digestive system digest food. You’ll also havediabetesfor the rest of your life because the pancreas produces insulin – the hormone that regulates blood sugar. Removing your spleen can increase your risk of developing infections and may also affect your blood’s ability to clot. This means you’ll be on penicillin (or an alternative antibiotic if you’re allergic to it) for the rest of your life, and you’ll need to have regular vaccinations. Sometimes, you may need to take tablets for a short period to stop the platelets in your blood sticking to each other. Platelets are a type of blood cell that cause your blood to clot (thicken). Although surgery may not be a suitable way of removing your tumour, you may be offered it to help ease your symptoms. This type of surgery won’t cure your cancer, but will mean that your condition is easier to manage, and it will make you more comfortable. To help control jaundice, a stent can be placed in your bile duct using endoscopic retrograde cholangiopancreatography (ERCP). This will help keep the bile duct open and prevent bilirubin – the yellow chemical in bile – from building up and causing jaundice. If a stent isn’t a suitable option for you, you may need an operation to bypass your blocked bile duct. Your surgeon will cut the bile duct just above the blockage and reconnect it to your intestine, which allows your bile to drain away. These types of surgery are much less intensive than surgery carried out on the pancreas. The recovery time is much quicker, and people find that their jaundice improves significantly."
Parkinson’s disease,the symptoms of parkinson s disease usually develop gradually and are mild at first there are many different symptoms associated with parkinson s disease some of the more common symptoms are described below however the order in which these develop and their severity is different for each individual it s unlikely that a person with parkinson s disease would experience all or most of these the three main symptoms of parkinson s disease affect physical movement these main symptoms are sometimes referred to by doctors as parkinsonism as there can be causes other than parkinson s disease parkinson s disease can also cause a range of other physical and mental symptoms as well as the main symptoms of movement problems people with parkinson s disease can experience a wide range of additional symptoms that may need to be treated separately these include,"Parkinson’s disease is caused by a loss of nerve cells in the part of the brain called the substantia nigra. Nerve cells in this part of the brain are responsible for producing a chemical called dopamine. Dopamine acts as a messenger between the parts of the brain and nervous system that help control and co-ordinate body movements. If these nerve cells die or become damaged, the amount of dopamine in the brain is reduced. This means the part of the brain controlling movement can’t work as well as normal, causing movements to become slow and abnormal. The loss of nerve cells is a slow process. The symptoms of Parkinson’s disease usually only start to develop when around 80% of the nerve cells in the substantia nigra have been lost. It’s not known why the loss of nerve cells associated with Parkinson’s disease occurs, although research is ongoing to identify potential causes. Currently, it’s believed a combination of genetic changes and environmental factors may be responsible for the condition. A number of genetic factors have been shown to increase a person’s risk of developing Parkinson’s disease, although exactly how these make some people more susceptible to the condition is unclear. Parkinson’s disease can run in families as a result of faulty genes being passed to a child by their parents. However, it’s rare for the disease to be inherited this way. Some researchers also feel environmental factors may increase a person’s risk of developing Parkinson’s disease. It’s been suggested that pesticides and herbicides used in farming and traffic or industrial pollution may contribute to the condition. However, the evidence linking environmental factors to Parkinson’s disease is inconclusive. “Parkinsonism” is the umbrella term used to describe the symptoms of tremors, muscle rigidity and slowness of movement. Parkinson’s disease is the most common type of parkinsonism, but there are also some rarer types where a specific cause can be identified. These include parkinsonism caused by: You can read more aboutparkinsonismon the Parkinson’s UK website.",,"Although there’s currently no cure for Parkinson’s disease, treatments are available to help reduce the main symptoms and maintain quality of life for as long as possible. These include: You may not need any treatment during the early stages of Parkinson’s disease, as symptoms are usually mild. However, you may need regular appointments with your specialist so your condition can be monitored. Read more abouttreating Parkinson’s disease There are several therapies that can make living with Parkinson’s disease easier and help you deal with your symptoms on a day-to-day basis. There are efforts underway to try to increase the availability of these supportive therapies for Parkinson’s patients on the NHS. Your local authority may be able to advise and help you. Ask your local authority for a care and support needs assessment."
Patellofemoral pain syndrome,these can vary from person to person people may experience some or all of these symptoms including,"The causes can vary between individuals, but it’s often as a result of altered loading of the patella (kneecap). The main contributing factors can be: Other factors could be:",,"The strongest evidence suggests that strengthening any weak or underactive muscles and stretching any short or tight muscles is very important. An important step in your recovery is identifying which activities are causing or increasing your pain. Modifying those activities can help to reduce symptoms, however, it’s important to make sure you remain active. Modifying your activities may include: Read more about exercises for patellofemoral pain syndrome Read more about how to stay active Pain medication – this can help you move more comfortably, which can help your recovery More about taking painkillers"
Pelvic inflammatory disease,pid often does not cause any obvious symptoms most symptoms are mild making it difficult to diagnose symptoms include less common symptoms include,,,"If it’s diagnosed at an early stage, oral antibiotics will treat PID. You’ll probably be given these to take for at least 2 weeks. In more severe cases, you may be admitted to hospital for observation and treatment with antibiotic injections. Always see your doctor or nurse if you think you might have PID, as the sooner you are treated, the better. If you’re given treatment, always make sure that you take all of your antibiotics and finish the entire course. Your partner(s) should also be treated and you should avoid sex until your treatment is completed."
Pelvic organ prolapse,some women with a pelvic organ prolapse don t have any symptoms at all the condition may only discovered during an internal examination for another reason for example during acervical screening test smear test other women will experience symptoms it s normal for your symptoms to feel more or less severe at different times of the day,"There isn’t usually one cause, but the risk of developing pelvic organ prolapse is increased by:",,"Treatment will depend on how much the issue is affecting your normal day to day activities. In mild cases of prolapse, your doctor may recommend lifestyle changes. For example, regular pelvic floor exercises and maintaining a healthy weight. A vaginal pessary is a device inserted into your vagina, which holds your vaginal walls in place and so pushes the prolapse back. Pessaries are usually made of latex (rubber) or silicone, and come in different shapes and sizes. A pessary might not be right for everyone. Your doctor will discuss with you to find out if it’s the best option, and you can ask any questions you may have. Some side effects can include: If you have a pessary and experience any of these symptoms, speak to your healthcare professional. They can usually be treated. HRTreplaces the female hormones that are at a lower level as you experience the menopause. There is little evidence that HRT can directly treat pelvic organ prolapse, but it can relieve some of the symptoms associated with it. For example, vaginal dryness or discomfort during sex. Depending on your symptoms, you may wish to ask your doctor for more advice on whether this would be a suitable treatment option for you. Depending on your circumstances and how severe your symptoms are, your doctor may discuss with you whether a surgery might be helpful. They will go through the options with you. It’s ok to ask any questions about your careto help you get the information you might need. You can then take some time to decide what the best option is for you."
Penile cancer,you should be aware of any abnormalities or signs of penile cancer including if you experience these symptoms it s important that they re checked by your gp as soon as possible it s unlikely they ll be caused by cancer of the penis but they need to be investigated any delay in diagnosing penile cancer could reduce the chances of successful treatment,"The cause of penile cancer isn’t known, but certain risk factors can increase your chances of getting it. Men who carry the human papilloma virus (HPV) have an increased risk of developing penile cancer, which is the virus that causesgenital warts. Age is also a risk factor for cancer of the penis. The condition rarely affects men and anyone with a penis under 40 years of age. It most commonly occurs in men and anyone with a penis aged over 60. Smoking is the most significant lifestyle factor associated with penile cancer. Chemicals found in cigarettes can damage cells in the penis, which increases your risk of getting the condition. Conditions that affect the penis, such as phimosis, which makes the foreskin difficult to retract, increase your chances of developing infections such as balanitis. Repeated infections are linked to a higher risk of developing some types of penile cancer, because they can weaken your immune system. TheCancer Research UKwebsite has more information about therisks and causes of penile cancer.",,"Treatment for penile cancer will depend on the size of the affected area and the rate at which the cancer has spread. For example, in most cases of carcinoma in situ (CIS), where only the skin cells of the penis are affected, treatment will usually involve either using a chemotherapy cream or having laser surgery to remove the affected area of skin. You will usually have a skin graft after surgery. The main treatments for penile cancer that isn’t at a very early stage are: Surgery will involve removing the cancerous cells and possibly some of the surrounding tissue. In most cases, any physical changes to your penis after an operation can be corrected with reconstructive surgery. Skin and muscle can be taken from elsewhere in the body to recreate a functioning penis. However, with early diagnosis and modern surgical techniques, your surgeon will usually be able to preserve as much penile tissue as possible. As part of most treatments for penile cancer, the lymph glands (small organs that are part of the immune system) in the groin will be assessed to determine if the cancer has spread. The test that’s used, known as a sentinel node biopsy, is widely available in the UK. In some cases, the lymph glands may need to be surgically removed. As with most types of cancer, the outlook for individual cases depends largely on how far the cancer has advanced at the time of diagnosis. The Cancer Research UK website has more information aboutstaging penile cancerand thetypes of treatment for cancer of the penis. You can also read aboutpenile canceron the male cancer websiteOrchid. They also have a helpline you can phone – 0203 465 5766 (Monday to Friday, 9am to 5.30pm)."
Personality disorder,the symptoms vary depending on the type of personality disorder borderline personality disorder one of the most common types can lead to antisocial personality disorder can cause a person to other symptoms can include some people with personality disorders may have other mental health problems for example depression or drug and alcohol misuse,"Personality disorders are a common mental health problem. They usually emerge in adolescence and continue into adulthood. Personality disorders may be connected to genetics and upbringing. Severe distress or fear during childhood can also contribute. For example, experiencing neglect or abuse.",,"Treatment for a personality disorder usually involves therapy. A range of different psychotherapies are used to treat personality disorders. For example, talking therapy. Psychological therapy involves discussing your thoughts, emotions and behaviours with a trained professional. This aims to help you control your thoughts and emotions. Some therapies, especially group therapies, help people understand social relationships better. The psychotherapist will listen and discuss important issues with you. They can also suggest strategies to resolve problems. If necessary, they’ll help you change your attitudes and behaviour. Medicine may be prescribed to treat problems associated with a personality disorder, including:"
PIMS,all children with pims have fever temperature over 380c lasting at least 3 to 4 days other common symptoms are,,,"Although PIMS can make children very sick, there is effective treatment. The vast majority of children make a full recovery. The most common medicines used are steroids and immunoglobulin. These are given into the vein and reduce inflammation. PIMS can affect the way the heart works, and cause inflammation in other organs. Some children will also need other treatments to help the heart and other body systems."
Polio,about 95 of people with polio won t have any symptoms and will fight off the infection without even realising they were infected a small number of people will experience aflu like illness 3 to 21 days after they re infected symptoms can include these symptoms will usually pass within about a week in less than 1 of cases the polio virus attacks the nerves in the spine and base of the brain this can cause paralysis usually in the legs that develops over hours or days the paralysis isn t usually permanent and movement will often slowly return over the next few weeks and months but some people are left with persistent problems if the breathing muscles are affected it can be life threatening,"Although polio often passes quickly without causing any other problems, it can sometimes lead to persistent or lifelong difficulties. About 1 in every 200 people with the infection will have some degree of permanent paralysis, and others may be left with problems that require long-term treatment and support. These can include: There’s also a chance that someone who’s had polio in the past will develop similar symptoms again, or worsening of their existing symptoms, many decades later. This is known as post-polio syndrome.",,"There’s currently no cure for polio. Treatment focuses on supporting bodily functions and reducing the risk of long-term problems while the body fights off the infection. This can include bed rest in hospital, painkillers, breathing support and regular stretches or exercises to prevent problems with the muscles and joints. If you’re left with long-term problems as a result of a polio infection, you’ll probably need ongoing treatment and support. This may include physiotherapy to help with any movement problems, devices such as splints and braces to support weak limbs or joints,occupational therapyto help you adapt to any difficulties, and possibly surgery to correct any deformities."
Polymyalgia rheumatica,polymyalgia rheumatica often causes pain and stiffness this can affect the shoulders neck and hips these symptoms can develop quickly over a few days or weeks both sides of the body are usually affected the stiffness often feels worse first thing in the morning after you wake up it usually starts to improve after about 45 minutes as you become more active polymyalgia rheumatica may also cause if you have been diagnosed with polymyalgia rheumatica and you suddenly develop vision loss or changes in your vision like double vision contact an optician immediately or phone 111,"The cause of polymyalgia rheumatica is unknown. But, genetic and environmental factors can influence it. Polymyalgia rheumatica is also age-related. Most people who are diagnosed with the condition are over 70. It’s very rare in people younger than 50. Polymyalgia rheumatic is more common in women than men.",,"The main treatment for polymyalgia rheumatica is acorticosteroidmedication called prednisolone. This comes as a pill that’s prescribed by your GP. Prednisolone blocks certain chemicals that cause inflammation in the body. You’ll be prescribed a higher dose of prednisolone at first. This will be slowly reduced over time. This is likely to be over a year. Sometimes you may be prescribed other medicines with corticosteroids. This can help to prevent relapses or it may allow your dose of prednisolone to be reduced. Additional medicines are usually added by rheumatology doctors. They include a weekly dose of methotrexate or a daily dose of leflunomide. Painkillers may also be recommended. These can be helpful if you also have arthritis or chronic pain. There areside effects linked to taking steroidslong-term. This means your healthcare professional may also prescribe medication to protect your bones. For example, calcium and vitamin D supplements and bisphosphonates. You may also be prescribed proton pump inhibitors (PPIs) to protect your stomach."
Post-polio syndrome,the symptoms of post polio syndrome include the muscle weakness and atrophy usually affects muscles that were previously affected by polio sometimes it affects other muscles this can impact your mobility and your ability to do everyday tasks like brushing your teeth or drying your hair chronic fatigue is one of the most common and troublesome symptoms of post polio syndrome this can be physical fatigue tiredness and brain fatigue brain fatigue can cause problems with concentration attention and memory mri scanscan show white spots in the brains of polio survivors which may be related to brain fatigue the symptoms can gradually get worse over many years there are supportive treatments that can help with symptoms although post polio syndrome is rarely life threatening some people can develop breathing and swallowing difficulties that can lead to serious problems likechest infections some people experience a sensitivity to some types of anaesthesia causing them to take longer to recover from having anaesthesia,"Post-polio syndrome is caused by the polio virus. It only affects people who’ve had polio although it can take 15 – 40 years after the infection for it to develop. It’s not known if there’s anything that can be done to prevent it. The exact cause behind who’ll experience post-polio syndrome after having the polio virus is unclear. It could be because of gradual degeneration (breaking down) of nerve cells (motor neurones) in the brainstem or spinal cord that were damaged by the polio virus. This gradual change explains why it can take years for post-polio syndrome symptoms to appear. During recovery from polio, surviving motor neurone cells grow new nerve ends to connect with other muscle fibres. This helps to regain muscle strength as someone recovers from the polio virus. Over time, these new nerve ends put the motor neurone cell under stress. The cells slowly break down, resulting in the loss of muscle strength. People who have had severe polio at a young age or during adolescence (teenage years) might be more likely to experience post-polio syndrome. People who had a more serious infection in early adulthood are also more likely to develop post-polio syndrome. Post-polio syndrome is not contagious.",,"As there’s no cure for post-polio syndrome, treatment will help you manage your symptoms and quality of life. It’s likely you’ll have a multidisciplinary team of healthcare professionals working together to care for you including: They’ll discuss the most suitable plan for your care which might include a mixture of the following:"
Post-traumatic stress disorder (PTSD),everyone has a different experience of ptsd you may have symptoms soon after the traumatic event or it may be a while before you have any some people with ptsd have symptoms all the time others will have periods where their symptoms come and go people with ptsd often relive the traumatic event through people with ptsd can feel alert or on edge which means you may people with ptsd often try to avoid being reminded of the traumatic event this means you may ptsd can cause difficult beliefs or feelings you may feel like you may also have overwhelming feelings of anger sadness guilt or shame,There are many different traumatic events that can lead to PTSD. Some examples include: The Royal College of Psychiatrists have advice oncoping after a traumatic event.,,"PTSD can be treated even if it develops many years after a traumatic event. There are different treatments for PTSD. The best option for you will depend on how severe your symptoms are and when they developed. Your GP may recommend ‘watchful waiting’ if: Watchful waiting means your GP will monitor your symptoms to see if they improve or get worse. You should have a follow-up appointment within one month. The PTSD and CPTSD self-help guide is for people with mild-to-moderate symptoms. It aims to help you: Trauma-focused CBT uses a range of techniques to help you come to terms with the traumatic event. For example, your therapist may ask you to address your traumatic memories by thinking about them in detail. During this process, the therapist will help you cope with any distress you feel. They’ll also identify any unhelpful thoughts or misrepresentations you have about the experience. For example, feeling you’re to blame for what happened or feeling scared that it’ll happen again. You’ll usually have 8 to 12 weekly sessions of trauma-focused CBT, although fewer may be needed. Sessions usually last for around 60 to 90 minutes. You’ll see the same therapist each week. Eye movement desensitisation and reprocessing (EMDR) is quite a new treatment for PTSD. It involves making rhythmic eye movements whilst describing the traumatic event to a therapist. The rapid eye moments aim to mirror the way your brain processes information when you’re asleep. Further information about EMDR Medication isn’t regularly used to treat PTSD. It may be recommended if you: If you’re offered medication to treat PTSD, it’ll usually be anantidepressant. It can be helpful to talk about your experience of PTSD with other people who have it. You can do this through group therapy. Group therapy can help you understand PTSD. It also teaches you different ways to manage your symptoms. It’s usually recommended that children and young people with PTSD have trauma-focused CBT. This will usually be in 8 to 12 sessions. These are adapted to suit the child’s age, circumstances and development. If it’s appropriate, the treatment will involve the child’s family. Medication isn’t usually recommended for children and young people with PTSD."
Postural orthostatic tachycardia syndrome (PoTS),symptoms of pots include some symptoms of pots happen when you stand up and get better when you lie down you may also experience other symptoms like some people experience mild symptoms while other people s symptoms can have a big impact on their daily life there are some factors that can make your symptoms worse like,The causes of PoTS are not known. It can develop suddenly or gradually over time. It may happen after an infection likecoronavirus (COVID-19)andflu.,,"If you’re diagnosed with PoTS, finding the right treatment for you can take time. A specialist may suggest making some practical changes to your daily routine like: You may also be prescribed medicines by your specialist to help control your symptoms, such asbeta-blockers. You may need to try several different medicines or combination of medicines."
Postnatal depression,postnatal depression affects everyone differently it can start at any point in the first year after giving birth it may develop suddenly or gradually it can also continue from depression during pregnancy many people feel a bit down tearful or anxious in the first week after giving birth this is often called the baby blues and doesn t last for more than 2 weeks after giving birth if your symptoms last longer or start later you could have postnatal depression the main symptoms of postnatal depression include these symptoms can affect your day to day life and your relationships with your baby family and friends,"The cause of postnatal depression isn’t completely clear. It has been linked to: Even if there’s no specific cause of your symptoms, having a baby is a life-changing event that can sometimes trigger depression. It often takes time to adapt to becoming a new parent. Looking after a baby can be stressful and exhausting.",,"Postnatal depression can be lonely, distressing and frightening. But, support and treatments are available. With the right treatment and support, most people make a full recovery, although it can take time. Talk to your GP practice about different treatment options so you can decide together what’s best for you. Your GP might also check your physical health to see if there are any problems that may need to be addressed. For example, you may be anaemic after giving birth. This could add to any feelings of depression you might have. Psychological therapies are usually the first treatment recommended for postnatal depression. Guided self-help involves working through a book or an online course. You can do this on your own or with some help from a therapist. It focusses on the issues you might be facing, with practical advice on how to deal with them. The courses usually last 9 to 12 weeks. Cognitive behavioural therapy (CBT) is a type of talking therapy. It’s based on the idea that unhelpful and unrealistic thinking leads to negative behaviour. CBT aims to break this cycle and find new ways of thinking that can help you behave in a more positive way. CBT can be 1-to-1 with a therapist or in a group. Treatment will often last 3 to 4 months. Interpersonal therapy (IPT) involves talking to a therapist about the problems you’re experiencing. It aims to identify problems in your relationships with family, friends or partners. It then looks at how they might relate to your feelings of depression. Treatment usually lasts 3 to 4 months. Antidepressantsmay be recommended if: There are many things you can try yourself to improve your symptoms and help you cope. You could also try to: Try to avoid Ask your health visitor about support services in your area. They may be able to put you in touch with a social worker, counsellor or local support group. It can be reassuring to meet other people who are going through something similar. Find postnatal depression support and information in your area You might be referred to aspecialist perinatal mental health teamif: Your healthcare team will discuss if there are other treatments that are suitable for you. Sometimes, for a small number of people, coming into hospital can help speed up recovery. If your doctor or nurse suggests this, then you can be offered a place in aMother and Baby Unit. This means you can continue to look after your baby while you get the best treatment for your illness."
Progressive supranuclear palsy (PSP),psp usually develops gradually and can sometimes be mistaken for other conditions the symptoms tend to get worse over many years,"It’s believed that a protein called tau, which builds up in certain areas of the brain, forms into clumps. This causes damage to the nerve cells. Over time this build up can lead to someone experiencing the symptoms of PSP. The location of the clumps and the amount of tau varies between people with PSP. This also affects the type and severity of symptoms. PSP tends not to run in families and is not believed to be hereditary in most cases.",,"Although there’s no cure for PSP, there are lots of ways you can manage your symptoms. It’s likely you’ll have a multi disciplinary team (MDT) who’ll work together to help manage your symptoms. Visit thePSP Associationfor information and support about living with PSP. They have a dedicated PSP Care Navigator who can help to support you."
Prostate cancer,prostate cancer does not normally cause symptoms until the cancer has grown large enough to put pressure on the urethra this normally results in problems associated with urination symptoms can include your prostate may get larger as you get older due to a non cancerous condition known asprostate enlargementor benign prostatic hyperplasia symptoms that the cancer may have spread include bone and back pain a loss of appetite pain in the testicles and unexplained weight loss read further information,"It’s not known exactly what causes prostate cancer, although a number of things can increase your risk of developing the condition. These include: In addition, some research has shown that prostate cancer rates appear to be lower in men and anyone with a prostate who eat foods containing certain nutrients including lycopene, found in cooked tomatoes and other red fruit, and selenium, found in brazil nuts. However, more research is needed. Read further information:",,"In many cases, treatment is not immediately necessary. If the cancer is at an early stage and not causing symptoms, a policy of ‘watchful waiting’ or ‘active surveillance’ may be adopted. This involves carefully monitoring your condition. Some cases of prostate cancer can be cured if treated in the early stages. Treatments include surgically removing the prostate,radiotherapyand hormone therapy. Some cases are only diagnosed at a later stage when the cancer has spread. If the cancer spreads to other parts of the body, typically the bones, it cannot be cured and treatment is focused on prolonging life and relieving symptoms. All treatment options carry the risk of significant side effects, includingerectile dysfunctionandurinary incontinence. For this reason, many people choose to delay treatment until there is a risk the cancer might spread. Newer treatments, such as high-intensity focused ultrasound (HIFU) or cryotherapy, aim to reduce these side effects. Some hospitals may offer them as an alternative to surgery, radiotherapy or hormone therapy. However, the long-term effectiveness of these treatments are not yet known. Read more abouttreating prostate cancer If the cancer has reached an advanced stage, it is no longer possible to cure it. However, it may be possible to slow its progression, prolong your life and relieve symptoms. Treatment options include: If the cancer has spread to your bones, medicines called bisphosphonates may be used. Bisphosphonates help reduce bone pain and bone loss. There are a number of new medications that could be used if hormones and chemotherapy fail. Your medical team can tell you if these are suitable and available for you. As many of the treatments above have unpleasant side effects that can affect your quality of life, you may decide against treatment. This may be especially true if you are at an age when you feel that treating the cancer is unlikely to significantly extend your life expectancy. This is entirely your decision, and your MDT will respect it. If you decide not to have treatment, your GP and hospital team will still give you support and pain relief. This is calledpalliative care. Support is also available for your family and friends."
Psoriasis,psoriasis typically causes patches of skin that are dry red and covered in silver scales some people find their psoriasis causes itching or soreness there are several different types of psoriasis many people have only one form of psoriasis at a time although 2 different types can occur together one type may change into another type or become more severe most cases of psoriasis go through cycles causing problems for a few weeks or months before easing or stopping you should see your gp if you think you may have psoriasis,"Psoriasis occurs when skin cells are replaced more quickly than usual. It’s not known exactly why this happens, but research suggests it’s caused by a problem with the immune system. Your body produces new skin cells in the deepest layer of skin. These skin cells gradually move up through the layers of skin until they reach the outermost level. Then they die and flake off. This whole process normally takes around 3 to 4 weeks. In people with psoriasis, this process only takes about 3 to 7 days. As a result, cells that aren’t fully mature build up rapidly on the surface of the skin, causing red, flaky, crusty patches covered with silvery scales.",,"There’s no cure for psoriasis, but a range of treatments can improve symptoms and the appearance of skin patches. In most cases, the first treatment used will be a topical treatment, such as vitamin D analogues ortopical corticosteroids. Topical treatments are creams and ointments applied to the skin. If these aren’t effective, or your condition is more severe, a treatment called phototherapy may be used. Phototherapy involves exposing your skin to certain types of ultraviolet light. In severe cases, where the above treatments are ineffective, systemic treatments may be used. These are oral or injected medicines that work throughout the whole body. Read more abouttreating psoriasis. Treatments are determined by the type and severity of your psoriasis and the area of skin affected. Your doctor will probably start with a mild treatment, such as topical creams (which are applied to the skin), and then move on to stronger treatments if necessary. A wide range of treatments are available for psoriasis, but identifying which treatment is most effective can be difficult. Talk to your doctor if you feel a treatment isn’t working or you have uncomfortable side effects. Treatments fall into 3 categories: Often, different types of treatment are used in combination. Your treatment for psoriasis may need to be reviewed regularly. You may want to make a care plan (an agreement between you and your health professional) as this can help you manage your day-to-day health. The various treatments for psoriasis are outlined below. You can also read a summary of the pros and cons of the treatments for psoriasis, allowing you to compare your treatment options. Topical treatments are usually the first treatments used for mild to moderate psoriasis. These are creams and ointments you apply to affected areas. Some people find that topical treatments are all they need to control their condition, although it may take up to 6 weeks before there’s a noticeable effect. If you have scalp psoriasis, a combination of shampoo and ointment may be recommended. If your psoriasis is severe or other treatments haven’t worked, you may be prescribed systemic treatments by a specialist. Systemic treatments are treatments that work throughout the entire body. These medications can be very effective in treating psoriasis, but they all have potentially serious side effects. All the systemic treatments for psoriasis have benefits and risks. Before starting treatment, talk to your doctor about your treatment options and any risks associated with them. There are 2 main types of systemic treatment, called non-biological (usually given as tablets or capsules) and biological (usually given as injections). These are described in more detail below. Biological treatments reduce inflammation by targeting overactive cells in the immune system. These treatments are usually used if you have severe psoriasis that hasn’t responded to other treatments, or if you can’t use other treatments. Etanercept is injected twice a week and you’ll be shown how to do this. If there’s no improvement in your psoriasis after 12 weeks, the treatment will be stopped. The main side effect of etanercept is a rash where the injection is given. However, as etanercept affects the whole immune system, there’s a risk of serious side effects, including severe infection. If you hadtuberculosisin the past, there’s a risk it may return. You’ll be monitored for side effects during your treatment. Adalimumab is injected once every 2 weeks and you’ll be shown how to do this. If there’s no improvement in your psoriasis after 16 weeks, the treatment will be stopped. Adalimumab can be harmful to a developing baby, so it’s important that women use contraception and don’t become pregnant while they take this drug, and for 5 months after the treatment finishes. The main side effects of adalimumab include headaches, a rash at the injection site and nausea. However, as adalimumab affects the whole immune system, there’s a risk of serious side effects, including severe infections. You’ll be monitored for side effects during your treatment. Infliximab is given as a drip (infusion) into your vein at the hospital. You’ll have 3 infusions in the first 6 weeks, then 1 infusion every 8 weeks. If there’s no improvement in your psoriasis after 10 weeks, the treatment will be stopped. The main side effect of infliximab is a headache. However, as infliximab affects the whole immune system, there’s a risk of serious side effects, including severe infections. You’ll be monitored for side effects during your treatment. Ustekinumab is injected at the beginning of treatment, then again 4 weeks later. After this, injections are every 12 weeks. If there’s no improvement in your psoriasis after 16 weeks, the treatment will be stopped. The main side effects of ustekinumab are a throat infection and a rash at the injection site. However, as ustekinumab affects the whole immune system, there’s a risk of serious side effects, including severe infections. You’ll be monitored for side effects during your treatment. It’s important to use your treatment as prescribed, even if your psoriasis improves. Continuous treatment can help to prevent flare-ups. If you have any questions or concerns about your treatment or any side effects, talk to your GP or healthcare team."
Psychosis,the main symptoms of psychosis are these symptoms often occur together in what is known as a psychotic episode people who have psychotic episodes are often unaware their behaviour is unusual these symptoms are usually frightening or disturbing during a psychotic episode most people don t realise they are ill their friends and family may not understand why they are reacting so strongly to things they can t see or hear,"Psychosis is sometimes caused by a specific mental health condition like: Psychosis can also be triggered by: How often a psychotic episode occurs and how long it lasts can depend on the underlying cause. Postnatal psychosis is a severe form ofpostnatal depression. This is a type of depression some women experience after having a baby. It often happens during the first few weeks after having a baby. Postnatal psychosis is more likely to affect women who already have a mental health condition. For example,bipolar disorderorschizophrenia.",,"Treatment for psychosis involves using a combination of: Some people may have to take anti-psychotic medication long-term to manage their symptoms. Do not suddenly stop taking your medication as it may cause your symptoms to return. If your psychotic episodes are severe, you may need to be admitted to a psychiatric hospital for treatment. Your treatment is likely to be coordinated by a team of mental health professionals working together. If this is your first psychotic episode, you may be referred to an early intervention team. An early intervention team is a team of healthcare professionals. They work with people who have experienced their first episode of psychosis. Depending on your care needs, early intervention teams aim to provide:"
Psychotic depression,severe clinical depression can make you feel you may have these feelings nearly everyday other symptoms include read more about depression moments of psychosis are known as psychotic episodes if you experience a psychotic episode you may have hallucinations and delusions almost always reflect the pessimism and guilt of the person experiencing them they may believe they have committed a crime or that they are to blame for something you might experience something called psychomotor agitation this can make you feel like you can t sit still or relax it causes fidgeting the opposite symptom can also happen psychomotor retardation can cause the thoughts and the movement of their body to slow down if you have psychotic depression you might be at a higher risk of thinking about suicide,"It’s not fully understood what causes psychotic depression yet. It’s known that depression doesn’t have one single cause. The condition has a lot of different triggers. Stressful life events like divorce, financial worries, or bereavement can trigger depression. Severe depression can run in families, which suggests genes might play a role in depression. However, the reason some people develop psychosis as part of severe depression is not known. Many people who have psychotic depression have experienced a difficult time in childhood. This might have been a traumatic event.",,"Treatment for psychotic depression has 3 main parts: You may need intensive home treatment, with several visits a day from a healthcare professional or have to spend some time in hospital. Electroconvulsive therapy (ECT, or electric shock treatment) might be recommended if other treatments haven’t helped. Although treatment for psychotic depression is usually effective, you’ll still need follow-up appointments. This is so your treatment team can continue to monitor your progress."
Pubic lice,it can take up to 3 weeks after coming into contact with pubic lice before you notice any symptoms the most common symptom of pubic lice is itchy red spots the itching is caused by an allergy to the lice saliva or poo it can take 1 to 3 weeks for itching to develop after the first infestation and it ll usually be worse at night public lice are very small 2mm long and grey brown in colour they re hard to spot but sometimes you may be able to see them in your hair they live mostly on pubic hair but can also be found in hair on the chest armpits face and eyelashes they do not affect hair on your head you may also notice the following symptoms,,,"Pubic lice are treated with medicated creams or shampoos that kill the lice. You’ll usually need to use treatment on your whole body and leave it on for a few hours before washing it off. You’ll need to repeat this a week later to make sure all the lice have been killed. You may be asked to come back to your GP practice or sexual health clinic once you’ve finished treatment to check the treatment has worked. Your partner(s) should also be treated, even if they do not have symptoms. Some pubic lice can be resistant to treatment. Resistance means that the lice will not be affected by a particular treatment. If your symptoms don’t settle, you may need to try more than one type of treatment. Speak to your GP practice or local sexual health clinic if your first treatment hasn’t worked. Treatment of lice in the eye area is usually different from elsewhere. Certain creams and lotions are not safe for use near the eye area. Lice here can be removed with tweezers or Vaseline can be used to suffocate the lice before removal. While you’re being treated for pubic lice, there are some things you can do to help stop the lice from spreading."
Pulmonary hypertension,symptoms of pulmonary hypertension include people with a particular type known as pulmonary arterial hypertension pah may not experience any symptoms until their condition is already quite advanced,"Pulmonary hypertension is caused by changes to the pulmonary arteries, the vessels carrying blood from your heart to your lungs. The walls of your pulmonary arteries can become stiff and thickened, or may be blocked by something such as a blood clot. This makes it harder for your heart to push blood through these arteries, which increases the pressure inside the vessels and results in pulmonary hypertension. There can be many different reasons for the changes to your arteries. The World Health Organization (WHO) has classified pulmonary hypertension into five different types, depending on the underlying cause: Other, less common, causes of pulmonary hypertension include:",,"If your pulmonary hypertension is caused by an underlying condition, your treatment will focus on tackling it. If the cause is treated early, it may be possible to prevent permanent damage to your pulmonary arteries (the blood vessels supplying your lungs). If you have pulmonary arterial hypertension (PAH), you will be referred for treatment at a centre that specialises in PAH. There is one centre in Scotland at theGolden Jubilee National Hospitalin Clydebank. A number of different medicines can be used to treat PAH and other types of pulmonary hypertension. You will usually be started on conventional therapy or background therapy, and your treatment will then be changed or increased as necessary. Further treatment is called targeted therapy."
Phobias,people with phobias usually need to avoid contact with the thing that causes fear how far someone with a phobia will go to avoid contact varies for example someone with a fear of spiders arachnophobia may not want to touch a spider others may not be able to even look at a picture of a spider all phobias can limit your daily activities they can cause severeanxietyanddepression panic attacks are common among people with phobias they can be very frightening and distressing the symptoms often occur suddenly and without warning read more about panic attacks,"Phobias usually develop during childhood, adolescence or early adulthood. They often begin after a frightening event or a stressful situation. But, it’s not always clear why some phobias occur. If people in your family share your phobia, it’s likely that you all learnt it from another family member as children.",,"Almost all phobias can be successfully treated and cured. Treating simple phobias involves gradually becoming exposed to what causes your fear. This is known as desensitisation or self-exposure therapy. Each phobia is different and no single programme will work for everyone. You may decide to get help from a specialist, like a psychologist. You might use your own self-help strategy. Our mental health self-help guides are based onCognitive Behavioural Therapy (CBT). They can be helpful for people with anxiety and other mental health issues. Treatment for complex phobias often takes longer than for simple phobias. It might involve talking therapies, like counselling, psychotherapy and cognitive behavioural therapy (CBT). Speak to your GP for further information about treating a complex phobia. Medication is not usually used to treat phobias."
Reactive arthritis,reactive arthritis most often affects the most people will not experience symptoms in all of these areas reactive arthritis can also cause symptoms including,"Reactive arthritis is usually linked to an infection. This includes: The body’s immune system seems to over-react to these infections. It then starts to attack healthy tissue, leading to inflammation. People with a gene known as HLA-B27 are also more likely to develop reactive arthritis. But, it’s not clear why this is the case.",,"There is no cure for reactive arthritis but the condition is usually temporary. Symptoms can often be controlled using: Severe symptoms may need to be manged with disease-modifying anti-rheumatic drugs (DMARDs). Antibioticsdon’t treat reactive arthritis itself. But, you may be prescribed antibiotics to treat an infection like an STI. Once your symptoms improve, it’s also helpful to begin some gentle exercise. Focus on strengthening the muscles and improving the range of motion in joints. Speak to a healthcare professional about exercises for you. You may be referred to a physiotherapist."
Restless legs syndrome,restless legs syndrome usually causes an overwhelming urge to move your legs it also causes an uncomfortable sensation in your legs which can affect your arms chest and face this sensation has been described as these unpleasant sensations can range from mild to severe they re usually worse in the evening and during the night the sensation can often be relieved by moving or rubbing your legs some people experience symptoms occasionally while others have them every day you may find it difficult to sit for long periods of time like on a long train journey up to 80 of people with restless legs syndrome also have periodic limb movements in sleep plms if you have plms your leg will jerk or twitch uncontrollably usually at night while you re asleep the movements are brief and repetitive and usually happen every 10 to 60 seconds plms can be severe enough to wake up both you and your partner the involuntary leg movements can also occur when you re awake and resting,,,"The treatment for restless legs syndrome can depend on: There are triggers that don’t cause restless legs syndrome, but can make symptoms worse. These include medications like: Other possible triggers of restless legs syndrome include: If your symptoms are mild, you may find that making a few lifestyle changes improves the syndrome. Having good sleep hygiene can help restless legs syndrome. This means that you have healthy sleep habits. During an episode of restless legs syndrome, the following measures may help relieve your symptoms: If primary restless legs syndrome is causing more severe symptoms, there are medications that may help. Your GP may suggest trying dopamine agonists, painkillers, hypnotics or levodopa. If your symptoms are caused by an underlying health problem, medical professionals will treat that health problem first. It may be that treating that problem will resolve the syndrome. Restless legs syndrome is not life threatening. Severe cases can disrupt sleep, causinginsomnia, and triggeranxietyanddepression."
Respiratory syncytial virus (RSV),rsv infection often looks like a cold you may experience you can treat a mild cases of rsv at home without contacting a healthcare professional,RSV is spread by droplets from coughs and sneezes. It can live on surfaces or objects for several hours. Someone with RSV will normally be contagious for 1 to 2 days before RSV symptoms start. Most people are contagious for 3 to 8 days. Some infants and people with weakened immune systems may be contagious for up to 4 weeks.,,"There’s no specific treatment for RSV. A mild case of RSV will normally get better on it’s own, and can be treated at home. You can ease symptoms in the same way you would for a cold. This could include: Read more about treating a common cold"
Rhabdomyosarcoma,the most common symptom is a lump or swelling other symptoms will depend on the part of the body that s affected by the rhabdomyosarcoma,"The causes of rhabdomyosarcoma are unknown but research is going on all the time. Children with certain rare genetic disorders, such as Li-Fraumeni syndrome, have a higher risk of developing rhabdomyosarcoma.",,"Rhabdomyosarcomas are rare tumours and should be treated at specialist centres. Treatment will depend on the size of the tumour, its position in the body and whether it has spread. The 3 main types of treatment for soft tissue sarcomas are chemotherapy, surgery and radiotherapy. Your child may have a combination of treatments. Chemotherapyis the use of anti-cancer (cytotoxic) drugs to destroy cancer cells. It can be given: The drugs used and the length of treatment depends on the type and stage of the rhabdomyosarcoma. If it is possible, your child will have an operation to remove all or as much as possible of the tumour, without damaging surrounding tissue or organs. The operation will depend on the size of the tumour and where it is in your body. The surgeon will explain what is involved. Chemotherapy is usually given before surgery to shrink the tumour and make it easier to remove with surgery. If an operation isn’t possible, both chemotherapy and radiotherapy are given. Radiotherapytreats cancer by using high energy rays, which destroy the cancer cells while doing as little harm as possible to normal cells. It may be given after surgery to the area where the rhabdomyosarcoma started. The side effects will depend on the treatment being given and the part of the body that is being treated. Your child’s doctor will discuss this with you before treatment starts. Most side effects are short-term (temporary) and gradually disappear once treatment stops. Chemotherapy may cause side effects such as feeling sick,hair loss,tiredness, and an increased risk of infection. But it can also make your child feel better by relieving any symptoms the tumour is causing. Radiotherapy can make your child feel tired, and the skin in the area that’s being treated may go red or get darker. Other side effects will depend on the area of the body that is being treated. Your child’s specialist doctor or nurse will explain this. A small number of children may develop long-term side effects many years after treatment for rhabdomyosarcoma. This depends on the type of treatment your child had. Your child’s doctor or nurse will talk to you about any possible risk of late side effects. Follow-up for children who’ve had cancer includes close monitoring for any signs of any late effects. Late effects may include a possible reduction in bone growth, infertility, a change in the way the heart and the kidneys work, and a slight increase in the risk of developing another cancer in later life. Many children have their treatment as part of a clinical research trial. Trials aim to improve our understanding of the best way to treat an illness, usually by comparing the standard treatment with a new or modified version. Specialist doctors carry out trials for children’s cancer. If appropriate, your child’s medical team will talk to you about taking part in a clinical trial, and will answer any questions you have. Written information is provided to help explain things. Taking part in a research trial is completely voluntary, and you’ll be given plenty of time to decide if it’s right for your child. Before any trial is allowed to take place, it must be approved by an ethics committee, which protects the interests of the patients taking part. If you decide to take part in a trial, your doctor or a research nurse must discuss the treatment with you so that you understand the trial and what it means for your child to take part. You may decide not to take part, or you can withdraw from a trial at any stage. You will then receive the best standard treatment available. Sometimes, clinical trials are not available for your child’s tumour. This may be because a recent trial has just finished, or because the tumour is very rare. In these cases, you can expect your doctors and nurses to offer treatment which is agreed to be the most appropriate, using guidelines which have been prepared by experts across the country. TheChildren’s Cancer and Leukaemia Group(CCLG) is an important organisation which helps to produce these guidelines. After treatment, the doctors will regularly check your child to be sure that the cancer has not come back and there are no complications. After a while, you will not need to visit the clinic so often. If you have specific concerns about your child’s condition and treatment, it’s best to discuss them with your child’s doctor, who knows their situation in detail."
Rheumatoid arthritis,the symptoms of rheumatoid arthritis vary from person to person they can come and go and may change over time symptoms of rheumatoid arthritis that affect the joints include in some people firm swellings called rheumatoid nodules also develop under the skin around affected joints some people with rheumatoid arthritis can experience other symptoms this includes,"Rheumatoid arthritis is an autoimmune condition. This means it’s caused by the body’s immune system attacking itself. The immune system helps to defend our body from infections. But, in rheumatoid arthritis the immune system sends antibodies to the lining of the joints by mistake. The antibodies then attack the tissues surrounding the joint. This causes the thin layer of cells (synovium) covering the joints to become sore and inflamed. Inflammation also causes chemicals to be released. These chemicals thicken the synovium and damage the: The chemicals can also change the shape of the joint over time.",,"There’s no cure for rheumatoid arthritis but with treatment the joint pain, swelling and stiffness will improve and the risk of joint damage can be reduced. Different types of medications can be used to treat rheumatoid arthritis to relieve joint pain, stiffness and swelling. This will also reduce the chance of developing joint damage. The two main types of medication are: They usually need to be taken for a long-time. They are most effective when started early after the first symptoms. You may also need other medication to relieve the joint pain and stiffness.. For example: You may be offered other treatments to help your rheumatoid arthritis symptoms. This includes: If you have rheumatoid arthritis, surgery is sometimes needed to: Surgery for rheumatoid arthritis includes: Some people with rheumatoid arthritis try complementary therapies like:"
Rosacea,rosacea causes many symptoms although not everyone will experience them all rosacea can cause redness blushing on the face chin and chest these areas may also feel hot warm or painful the redness usually comes and goes and lasts a few minutes each time if rosacea gets worse the skin on your cheeks nose and forehead may be red all the time other symptoms of rosacea include there may be times when your rosacea symptoms get better or worse the following images were sourced fromdermentnz org,,,"There’s currently no cure for rosacea, but treatment can help control the symptoms. It may get worse if it isn’t treated. To help treat rosacea, your GP may suggest: A GP may refer you to a skin specialist, known as a dermatologist, if treatments don’t work."
Scabies,the main symptoms of scabies are intense itching and a rash in areas of the body where the mites have burrowed theitchingis often worse at night when your skin is warmer a scabies rash is made up of tiny red spots scratching the rash may cause crusty sores to develop burrow marks can be found anywhere on the body these are short 1cm or less wavy and silver coloured lines on the skin there s a black dot at one end that can be seen with a magnifying glass,,,"The 2 most common treatments for scabies are permethrin cream and malathion lotion. Both medications contain insecticides that kill the scabies mite. Permethrin cream is usually recommended as the first treatment. Malathion lotion is used if permethrin isn’t effective. To help reduce the itchiness, you may also be given: You may have itchiness for a couple of weeks after your treatment has finished. This is because the immune system will still be reacting to dead mites and their droppings. Contact your GP if you’re still experiencing itchiness 6 weeks after completing your treatment. You can return to school or work after the first treatment has been completed."
Scarlet fever,scarlet fever usually follows asore throator a skin infection likeimpetigo caused by particular strains of streptococcus bacteria the symptoms of scarlet fever usually develop 2 to 5 days after infection however the incubation period the period between exposure to the infection and symptoms appearing can be as short as one day or as long as 7 days the distinctive pink red rash caused by scarlet fever develops 12 to 48 hours after symptoms like a sore throat or headache red blotches are the first sign of the rash these turn into a fine pink red rash that feels like sandpaper to touch and looks likesunburn it may also be itchy on darker skin the rash may be more difficult to see although its rough texture should be apparent the rash usually starts on the chest and stomach but soon spreads to other parts of the body like the the rash doesn t usually spread to the face however the cheeks become flushed and the area just around the mouth stays quite pale the rash will turn white if you press a glass on it the rash usually fades after about a week but the outer layers of skin usually on the hands and feet may peel for several weeks afterwards in milder cases sometimes called scarlatina the rash may be the only symptom other symptoms of scarlet fever may include,,,"Most cases of scarlet fever clear up after about a week without treatment. However, your GP may recommend treatment as it: With treatment, most people recover in about 4 to 5 days and can return to nursery, school or work 24 hours after starting antibiotic treatment. Without treatment, you’ll be infectious for 1 to 2 weeks after symptoms appear. Scarlet fever is usually treated with a 10-day course ofantibiotics. This is often in the form of penicillin or amoxicillin tablets, although liquid may be used for young children. For people who are allergic to penicillin, alternative antibiotics like erythromycin can be used instead. The symptoms usually improve within 24 hours of starting antibiotics, with the other symptoms disappearing within a few days. However, it’s important that the whole course of treatment is completed to ensure the infection is fully cleared and reduce the potential forantibiotic resistance. Many of the symptoms of scarlet fever can be relieved using some simple self care measures."
Schizophrenia,changes in thinking and behaviour are the most obvious signs of schizophrenia but people can experience symptoms in different ways the symptoms of schizophrenia are usually classified into one of two categories positive or negative the condition may develop slowly the first signs of schizophrenia such as becoming socially withdrawn and unresponsive or experiencing changes in sleeping patterns can be hard to identify this is because the first symptoms often develop during adolescence and changes can be mistaken for an adolescent phase people often have episodes of schizophrenia during which their symptoms are particularly severe followed by periods where they experience few or no positive symptoms this is known as acute schizophrenia if you are experiencing symptoms of schizophrenia see your gp as soon as possible the earlier schizophrenia is treated the more successful the outcome tends to be read more information abouthow schizophrenia is diagnosed a hallucination is when a person experiences a sensation but there is nothing or nobody there to account for it it can involve any of the senses but the most common is hearing voices hallucinations are very real to the person experiencing them even though people around them cannot hear the voices or experience the sensations research using brain scanning equipment shows changes in the speech area in the brains of people with schizophrenia when they hear voices these studies show the experience of hearing voices as a real one as if the brain mistakes thoughts for real voices some people describe the voices they hear as friendly and pleasant but more often they are rude critical abusive or annoying the voices might describe activities taking place discuss the hearer s thoughts and behaviour give instructions or talk directly to the person voices may come from different places or one place in particular such as the television a delusion is a belief held with complete conviction even though it is based on a mistaken strange or unrealistic view it may affect the way people behave delusions can begin suddenly or may develop over weeks or months some people develop a delusional idea to explain a hallucination they are having for example if they have heard voices describing their actions they may have a delusion that someone is monitoring their actions someone experiencing a paranoid delusion may believe they are being harassed or persecuted they may believe they are being chased followed watched plotted against or poisoned often by a family member or friend some people who experience delusions find different meanings in everyday events or occurrences they may believe people on tv or in newspaper articles are communicating messages to them alone or that there are hidden messages in the colours of cars passing on the street people experiencing psychosis often have trouble keeping track of their thoughts and conversations some people find it hard to concentrate and will drift from one idea to another they may have trouble reading newspaper articles or watching a tv programme people sometimes describe their thoughts as misty or hazy when this is happening to them thoughts and speech may become jumbled or confused making conversation difficult and hard for other people to understand a person s behaviour may become more disorganised and unpredictable and their appearance or dress may seem unusual to others people with schizophrenia may behave inappropriately or become extremely agitated and shout or swear for no reason some people describe their thoughts as being controlled by someone else that their thoughts are not their own or that thoughts have been planted in their mind by someone else another recognised feeling is that thoughts are disappearing as though someone is removing them from their mind some people feel their body is being taken over and someone else is directing their movements and actions the negative symptoms of schizophrenia can often appear several years before somebody experiences their first acute schizophrenic episode these initial negative symptoms are often referred to as the prodromal period of schizophrenia symptoms during the prodromal period usually appear gradually and slowly get worse they include becoming more socially withdrawn and experiencing an increasing lack of care about your appearance and personal hygiene it can be difficult to tell whether the symptoms are part of the development of schizophrenia or caused by something else negative symptoms experienced by people living with schizophrenia include the negative symptoms of schizophrenia can often lead to relationship problems with friends and family because they can sometimes be mistaken for deliberate laziness or rudeness,"The exact causes of schizophrenia are unknown, but research suggests that a combination of physical, genetic, psychological and environmental factors can make people more likely to develop the condition. Current thinking is that some people may be prone to schizophrenia, and a stressful or emotional life event might trigger a psychotic episode. However, it’s not known why some people develop symptoms while others don’t.",The warning signs that people with depression and schizophrenia may be considering suicide include:,"Schizophrenia is usually treated with a combination of medication and therapy appropriate to each individual. In most cases, this will be antipsychotic medicines and cognitive behavioural therapy (CBT). People with schizophrenia will usually receive help from a community mental health team (CMHT), which will offer day-to-day support and treatment. Many people recover from schizophrenia, although they may have periods when symptoms return (relapses). Support and treatment can help reduce the impact the condition has on your life. Read more abouttreating schizophrenia. Psychological treatment can help people with schizophrenia cope with the symptoms of hallucinations or delusions better. They can also help treat some of the negative symptoms of schizophrenia, such as apathy or a lack of enjoyment. Psychological treatments for schizophrenia work best when they are combined with antipsychotic medication. Common psychological treatments include:"
Sciatica,sciatica can have a range of symptoms these can include a change in feeling in the leg or foot can include,"Sciatica can be caused by irritation of the nerves which travel from the spine down the legs.  This can be from inflammation around the nerves and in some cases from pressure, usually from a disc related change. Most symptoms of sciatica will improve with time. Nerves are resilient and in most cases inflammation and any disc changes resolve allowing nerves to recover.",,"Most people will recover from sciatica with a combination of time, modifying activity, and pacing themselves to allow the nerves to adapt. Pain medication, staying active, and gentle exercise will also help. The nerve can still be sensitive so it is recommended to build up your tolerance to activities slowly.  The little and often approach to movement is recommended. There are some things you can do to help manage this condition yourself."
About scoliosis,scoliosis is usually first noticed by a change in the appearance of the back typical signs include people with scoliosis may also have back pain this is more common in adults,"In most cases, the cause of scoliosis is unknown and it cannot usually be prevented. This is called idiopathic scoliosis. About 80% of cases of scoliosis are idiopathic. It’s not thought to be linked with things like bad posture, exercise or diet. There is a family history of the condition in some idiopathic cases. This suggests a possible genetic link. Some cases of scoliosis are caused by conditions that affect the nerves and muscles, like: In rare cases, babies can be born with scoliosis. This is known as congenital scoliosis. It’s caused by the bones in the spine not developing properly in the womb. In adults, scoliosis can sometimes be caused by age related changes to parts of the spine. This is known as degenerative scoliosis. Read more information on types of scoliosis from Scoliosis Support and Research",,Read about scoliosis treatment for children and young people Read about scoliosis treatment for adults
Seasonal affective disorder (SAD),if you have sad you may experience symptoms like you may also for many people sad can have a significant effect on their day to day life,"The exact cause of SAD is unknown. The symptoms of depression are thought to be linked to less exposure to sunlight. One theory is that a lack of light in the winter months affects your mood, sleep and appetite, affecting how you feel.",,"Your GP will recommend the most suitable treatment option for you. This may involve using a combination of treatments to get the best results. Work through our self help guide for depression that uses cognitive behavioural therapy. Change Mental Health has some tips for managing SAD You might be offered cognitive behavioural therapy (CBT) which is a type oftalking therapy. It helps you change how you think and react to situations that are making you unhappy. Counselling is another type of talking therapy where you talk to a trained counsellor about your worries and problems. Light therapy simulates the sunlight that’s missing during the darker winter months. However, there’s mixed evidence about the effectiveness of light therapy. Light therapy may be more effective if used first thing in the morning. Some people find looking at a very bright light uncomfortable. Light therapy produces short-term results. It may help to relieve your current symptoms, but you may still be affected by SAD next winter. When buying a light box, make sure that you choose one that is: TheSAD Associationcan provide a list of recommended manufacturers. Very bright light may not be suitable if you: Speak to your GP if you’re unsure about a particular product or if you experience any side effects while using light therapy. Antidepressants are often only prescribed for SAD when the symptoms are severe. This is because there’s limited evidence that they’re effective. It’s thought that they are most effective if they’re taken at the start of winter (before the symptoms appear) and continued until spring. It can take between 4 and 6 weeks for antidepressants to take full effect. It’s also important to continue to take the medication as prescribed, even if you start to feel better. Read more about antidepressants"
Severe head injury,the symptoms of a severe head injury can vary from person to person,,,"Depending on your specific injury and examination results, you may be:"
Shigella,most people with shigella infection have mild symptoms that settle within a few days symptoms of shigella include symptoms usually start 1 to 3 days after infection and can last up to 1 week,,,"Shigella infection usually clears up itself without any treatment. However, if your symptoms are severe or continue after 1 week, your GP may prescribeantibiotics."
Shingles,the main symptom of shingles is pain followed by a rash that develops into itchyblisters these look likechickenpox sometimes shingles causes symptoms that develop a few days before the painful rash this includes symptoms like the shingles rash usually appears on one side of your body it develops on the area of skin related to the affected nerve new blisters can appear for up to a week a few days after appearing they become yellowish in colour flatten and dry out scabs then form where the blisters were which may leave some slight scarring most people with shingles experience a localised band of pain in the affected area the pain may be a constant dull or burning sensation and its intensity can vary from mild to severe you may have sharp stabbing pains from time to time and the affected area of skin will usually be tender,"When you catch chickenpox the virus stays in your body. It can become active again later on if your immune system is lowered and cause shingles. Your immune system can be lowered by things like: It’s possible to have shingles more than once, but it’s very rare to get it more than twice.",,"There’s no cure for shingles. But, there are ways to ease your symptoms until the condition improves. Shingles symptoms usually get better in 2 to 4 weeks. Speak to your GP or pharmacist as soon as you get symptoms of shingles. Early treatment may help to reduce the severity of the condition and complications. Your GP or pharmacist may recommend painkillers to ease discomfort caused by shingles. This includes: Some people with shingles may also be prescribed antiviral tablets."
Sickle cell disease,the main symptoms of sickle cell disease are sickle cell crises very painful episodes affecting different parts of the body infections and anaemia there are a number of serious problems that can appear suddenly as a result of sickle cell disease if you experience any of the following symptoms you should get medical advice immediately if you develop any of the symptoms listed above phone your gp or care team immediately if you can t contact your gp or care team go to your closest accident and emergency a e department dial 999 for an ambulance if you aren t able to travel yourself it s important to make sure that the medical team looking after you know that you have sickle cell disease episodes of pain known as sickle cell crises happen when the blood vessels that go to one part of your body become blocked the pain can be severe sickle cell crises are one of the most common symptoms of sickle cell disease and on average occur once a year and last up to seven days some people have sickle cell crises every few weeks others experience them less than once a year a sickle cell crisis typically affects one part of the body at a time the most common parts affected are sickle cell crises have different causes they can be triggered by cold rainy or windy weather stress dehydration or exercise that leaves you severely out of breath sickle cell disease leaves people especially children extra vulnerable to infection because their bodies aren t as effective at dealing with bacteria and viruses this leaves them more vulnerable to viruses like the common cold as well as severe and potentially life threatening conditions like meningitis as well as keeping up to date with their vaccinations many people with sickle cell disease take daily doses of antibiotics in order to prevent infections almost everyone with sickle cell disease has anaemia haemoglobin is found in red blood cells it s the substance that transports oxygen around the body people with anaemia have low levels of haemoglobin in their blood most of the time anaemia doesn t cause symptoms but if you re infected with parvovirus the virus that causes slapped cheek syndrome the anaemia can get worse when that happens it causes if these symptoms occur the anaemia is usually treated with a blood transfusion sudden anaemia can happen in young children if they experience swelling of the spleen this is also treated with a blood transfusion there s a wide range of other issues that can be caused by sickle cell disease these include these symptoms can be treated seetreating sickle cell diseasefor more information you can have a blood test any time to find out if you have sickle cell disease or find out if you re a carrier who could have a child with the condition sickle cell disease is usually diagnosed during pregnancy free screening to find out if a baby is at risk of having the condition is offered to every pregnant woman in scotland even if your family background doesn t make it likely your child will have sickle cell disease you can still request a test if possible screening should be done before the tenth week of pregnancy so that there s time to think about further tests that can find out if your baby will be born with sickle cell disease newborn babies are screened for sickle cell disease as part of the newborn blood spot test the heel prick test there are a few reasons for this another blood test will be used to confirm the diagnosis if the heel prick test suggests that the baby could have sickle cell disease learn about being tested to see if you carry the sickle cell gene,"Sickle cell disease is caused by a gene problem that is inherited from your parents. It isn’t something you can catch, and it’s not caused by anything the parents did during or before pregnancy. You inherit one set of genes from your mother, and one from your father. Genes always come in pairs. Children born with sickle cell disease inherit a copy of the sickle cell gene from both of their parents, so each one of the pair of genes is faulty. This happens when both parents are “carriers” – they carry the faulty gene for sickle cell. This is also known as having the sickle cell trait. Carriers don’t have sickle cell disease, but if their partner is a carrier too they may have a child with the condition. When both of a child’s parents are sickle cell carriers: You can find more information about how sickle cell disease is inherited from theSickle Cell Society. Learn more about sickle cell carriers and screening",,"People of all ages with sickle cell disease are supported by a team of medical professionals in a specialist sickle cell centre. A specialised care plan will be developed with you that helps you to fully understand the condition and find the best way of managing it. Sickle cell crises can usually be managed at home. The following steps are recommended for adults or children experiencing a sickle cell crisis: If none of the above measures help, or the pain is very severe, phone your GP. You or your child should go to the local accident and emergency (A&E) if it’s not possible to contact your GP. It may be necessary for you or your child to spend a few days in hospital being treated with stronger pain relief. The best way to prevent a sickle cell crisis is by being aware of potential triggers and avoiding them. Your care team may recommend a medication called hydroxycarbamide (hydroxyurea) if you keep experiencing sickle cell crises. This is a capsule that is taken once a day. It works by reducing how many other types of blood cell, like white blood cells and platelets (clotting cells) there are in the body. This means that you’ll need regular blood tests to make sure you’re healthy. Children who have sickle cell disease should be kept up to date on all of their routine vaccinations, and may also need additional vaccinations like the hepatitis B vaccine and the annual flu vaccine. If you have sickle cell disease, you’ll most likely need to take a dose of antibiotics every day, usually penicillin. This will not pose serious health risks. Reduce risk in day-to-day life by being careful about activities that can make you vulnerable to infection. Always followgood food hygiene measures, for example. If you’re planning to go abroad, talk to your GP as far in advance as you can. You might needextra vaccinationsor medication, such as anti-malarials if you’re going to a place wheremalariais a risk. It may also be a good idea to take extra precautions when it comes to food and water. Most of the time, anaemia doesn’t have any symptoms and you won’t require any treatment for it. However, children with sickle cell anaemia who are also on a restricted diet (such as a vegan or vegetarian diet) may need folic acid supplements. Folic acid helps your body to create more red blood cells, so it can help to improve anaemia. It’s important to be aware that this type of anaemia isn’t the same as the anaemia caused by iron deficiency, so don’t take iron supplements without talking to your care team first. Taking iron supplements with the anaemia caused by sickle cell disease can be dangerous. Blood transfusions or hydroxycarbamide may be necessary for serious or persistent anaemia. There are a range of treatments for other problems that can be caused by sickle cell disease, depending on the type of symptom and how severe it is: In addition to the treatments above, chelation therapy involves taking medication to make the level of iron in your blood lower, bringing it to safe levels. This treatment is given to people who need a lot of blood transfusions. Learn more about living with sickle cell disease here"
Sinusitis,sinusitis usually occurs after an infection such as acold symptoms of sinusitis include children with sinusitis may the symptoms of sinusitis often clear up within a few weeks acute sinusitis occasionally they can last 3 months or more chronic sinusitis,"Sinusitis is usually caused by acoldorfluvirus spreading to the sinuses from the upper airways. Only a few cases are caused by bacteria infecting the sinuses. An infected tooth or fungal infection can also occasionally cause the sinuses to become inflamed. It’s not clear exactly what causes sinusitis to become chronic (long-lasting), but it may be related to: Controlling underlying conditions like allergies may improve the symptoms of chronic sinusitis.",,"Sinusitis usually gets better on its own within 2 or 3 weeks. Always read the leaflet that comes with your medicine before taking it. Follow the recommended dosage instructions. If you’re not sure which treatments are suitable for you or your child,speak to a pharmacistfor advice. If your symptoms aren’t improving or are getting worse, your GP may prescribeantibioticstablets orcorticosteroidspray or drops. If your symptoms still don’t get better, you may be referred to an ENT specialist for surgery to improve the drainage of your sinuses."
Sjogren’s syndrome,the most commonly reported symptoms of sj gren s syndrome are a dry mouth and eyes which can lead to other associated symptoms however these symptoms can be common in old age and most people with dry eyes or a dry mouth do not have sj gren s syndrome many women also experience vaginal dryness which can make sex painful adry mouthcan lead to dry eyes can lead to these symptoms can get worse when you re in more serious cases of sj gren s syndrome the immune system can attack other parts of the body causing symptoms and conditions such as several soaps and creams are specifically designed for people with dry skin your pharmacist or gp can advise you vaginal dryness can be treated using a lubricant some women also use oestrogen creams orhormone replacement therapy hrt muscle and joint pains can be treated with an over the counternon steroidal anti inflammatory drug nsaid such asibuprofen if this doesn t work see your gp as stronger nsaids are available on prescription nsaids can increase your risk of developingstomach ulcersand internal bleeding particularly if they re taken on a long term basis if you find swallowing nsaids difficult because of your dry mouth you can try an nsaid cream that s rubbed into affected joints nsaids aren t recommended for pregnant or breastfeeding women or for people with pre existing risk factors for cardiovascular or kidney conditions,"Sjögren’s syndrome is an autoimmune condition, which means that instead of protecting the body from infection or illness, the immune system reacts abnormally and starts attacking healthy cells and tissue. In Sjögren’s syndrome, the immune system attacks the tear and saliva glands, and other secretory glands throughout the body. The reasons for this remains unknown, but research suggests that it’s triggered by a combination of genetic, environmental and, possibly, hormonal factors. Some people are thought to be more vulnerable to the syndrome when they’re born and that certain events, such an infection, can trigger the problems with the immune system. Read more about thecauses of Sjögren’s syndrome Healthcare professionals classify Sjögren’s syndrome as being either: It’s not known exactly what causes Sjögren’s syndrome, but it’s thought to be linked to a problem with the immune system.",,"There is no cure for Sjögren’s syndrome, but treatments can help control symptoms. Dry eyes and mouth can usually be helped with artificial tears and saliva. It’s important to maintain good eye and mouth hygiene, because your risk of developing an infection is greater. Taking care of your eyes and mouth can help prevent problems such as corneal ulcers andtooth decay. In severe cases, medication or surgery may be recommended. Read more abouttreating Sjögren’s syndrome There’s no cure for Sjögren’s syndrome, but treatments help relieve symptoms such as eye and mouth dryness. Sjögren’s syndrome affects everyone in different ways, so your treatment plan will be tailored to suit you."
Skin cancer (melanoma),the first sign of a melanoma is often a new mole or a change in the appearance of an existing mole normal moles are usually round or oval with a smooth edge and no bigger than 6mm 1 4 inch in diameter speak to your gp as soon as possible if you notice changes in a mole freckle or patch of skin especially if the changes happen over a few weeks or months signs to look out for include a mole that is a helpful way to tell the difference between a normal mole and a melanoma is the abcde checklist melanomas can appear anywhere on your body but they most commonly appear on the back legs arms and face they may sometimes develop underneath a nail in rare cases melanoma can develop in the eye noticing a dark spot or changes in vision can be signs although it is more likely to be diagnosed during a routine eye examination read further information,"Most skin cancer is caused by ultraviolet (UV) light damaging the DNA in skin cells. The main source of UV light is sunlight. Sunlight contains 3 types of UV light: UVC is filtered out by the Earth’s atmosphere, but UVA and UVB damage skin over time, making it more likely for skin cancers to develop. UVB is thought to be the main cause of skin cancer. Artificial sources of light, such as sunlamps and tanning beds, also increase your risk of developing skin cancer. Repeatedsunburn, either by the sun or artificial sources of light, increases the risk of melanoma in people of all ages.",,"The main treatment for melanoma is surgery, although your treatment will depend on your circumstances. If melanoma is diagnosed and treated at an early stage, surgery is usually successful. If melanoma isn’t diagnosed until an advanced stage, treatment is mainly used to slow the spread of the cancer and reduce symptoms. This usually involves medicines, such aschemotherapy. Read more abouttreating melanoma. Once you have had melanoma, there is a chance it may return. This risk is increased if your cancer was widespread and severe. If your cancer team feels there is a significant risk of your melanoma returning, you will probably need regular check-ups to monitor your health. You will also be taught how to examine your skin and lymph nodes to help detect melanoma if it returns. In recent years there have been major advancements in treating melanoma. The medications used to treat melanoma are changing as new formulations are being introduced into clinics. The medications currently being used include: However, not everyone is suitable for these drugs. Your specialist will discuss an appropriate treatment with you, and many people are entered into clinical trials. Many of the treatments described have unpleasant side effects that can affect your quality of life. You may decide against having treatment if it is unlikely to significantly extend your life expectancy, or if you do not have symptoms causing you pain or discomfort. This is entirely your decision and your healthcare team will respect it. If you decide not to receive treatment, pain relief and nursing care will be made available when you need it. This is calledpalliative care. Further information on advanced melanoma (stage 4)"
Skin cancer (non-melanoma),the main symptom of non melanoma skin cancer is the appearance of a lump or discoloured patch on the skin that doesn t heal the lump or discoloured patch is the cancer sometimes referred to as a tumour non melanoma skin cancer most often appears on areas of skin which are regularly exposed to the sun such as the face ears hands and shoulders,"Most skin cancer is caused by ultraviolet (UV) light damaging the DNA in skin cells. The main source of UV light is sunlight. Sunlight contains 3 types of UV light: UVC is filtered out by the Earth’s atmosphere but UVA and UVB damage skin over time, making it more likely for skin cancers to develop. UVB is thought to be the main cause of non-melanoma skin cancer. Artificial sources of light, such as sunlamps and tanning beds, also increase your risk of developing skin cancer. Repeatedsunburn, either by the sun or artificial sources of light, will make your skin more vulnerable to non-melanoma skin cancer.",,"Surgery is the main treatment for non-melanoma skin cancer, although it may depend on your individual circumstances. Overall, treatment is successful for more than 90% of people with non-melanoma skin cancer. People with cancer should be cared for by a team of specialists that often includes a dermatologist, a plastic surgeon, an oncologist (a radiotherapy and chemotherapy specialist), a pathologist and a specialist nurse. If you have non-melanoma skin cancer, you may see several (or all) of these professionals as part of your treatment. When deciding what treatment is best for you, your doctors will consider: Your cancer team will recommend what they think is the best treatment option, but the final decision will be yours. Before visiting hospital to discuss your treatment options, you may find it useful to write a list of questions you would like to ask the specialist. For example, you may want to find out what the advantages and disadvantages of particular treatments are. The National Institute for Health and Care Excellence (NICE) has produced healthcare guidelines about NHS skin cancer services. These outline NICE’s main recommendations on how, over the coming years, people with skin cancer or melanoma should be treated. Read further information:"
Skin light sensitivity (photosensitivity),skin light sensitivity means that you get symptoms when the skin is exposed to light some common symptoms include these symptoms can range from mild to severe sometimes people may also feel generally unwell due to a light sensitivity disease for example you may get headaches or fatigue although it s rarer some people may have unusual freckling or scarring of the skin,,,A light sensitivity rash may be prevented with sun protection and by avoiding the sun. Your doctor will tell you if you need any other treatments. This could include light-based treatments or immune suppressant treatments. Psychological support may be needed if light sensitivity affects your day-to-day life. You may also need to take a vitamin D supplement if you have a light sensitivity condition. Further information on managing light sensitivity
Slapped cheek syndrome,symptoms of slapped cheek syndrome usually develop 4 to 14 days after becoming infected sometimes symptoms may not appear for up to 21 days some people with slapped cheek syndrome won t notice any early symptoms but most people will have the following symptoms for a few days the infection is most contagious during this initial period adults may also feel joint pain and stiffness this may continue for several weeks or even months after the other symptoms have passed after a few days a distinctive bright red rash on both cheeks slapped cheeks normally appears adults may not get this by the time this rash develops the condition is no longer contagious after another few days a light pink rash may also appear on the chest stomach arms and thighs this often has a raised lace like appearance and may be itchy the rashes will normally fade within a week or two occasionally the body rash may come and go for a few weeks after the infection has passed this can be triggered by exercise heat anxiety or stress,,,
Social anxiety disorder,if you have social anxiety disorder you might sometimes people with social anxiety have other mental health conditions likedepression generalised anxiety disorderorpanic disorder,There isn’t always a clear cause for social anxiety. Sometimes it might be caused by: It’s most likely that your socially anxious feelings come from a combination of all of these factors.,,"Social anxiety can have a significant effect on your daily life. There are several different treatments available that can help. These include: There are also many things you can do yourself to help reduce your social anxiety, like: With treatment, many people are able to control their levels of social anxiety. Some treatments may need to be continued for a long time. There may be periods where your symptoms worsen. Our mental health self-help guides are based onCognitive Behavioural Therapy (CBT). They can help people with social anxiety disorder and other mental health issues. Daylight is a digital programme to improve anxiety based on Cognitive Behavioural Therapy (CBT). It’s clinically proven to help people improve their anxiety symptoms by using it for just a few minutes each day. You can use Daylight via the app for iOS and Android devices. Sign up for Daylight Support groups can give you useful advice about how to manage your anxiety. They’re also a good way to meet other people with similar experiences. Examples of support groups you may find useful include: Support groups can often arrange face-to-face meetings, where you can talk about your feelings with other people. Many support groups also provide support and guidance over the phone or in writing. Ask your GP practice about local support groups for anxiety in your area. "
Soft tissue sarcomas,as soft tissue sarcomas can develop in most parts of the body they can cause a wide range of symptoms for example a tumour near the stomach may causeabdominal tummy pain a feeling of fullness andconstipation whereas a tumour near the lungs may cause acoughorbreathlessness there are often no obvious symptoms in the early stages of soft tissue sarcomas although you may notice a soft painless lump under your skin or deeper that can t easily be moved around and gets bigger over time you should speak to your gp if you have a worrying lump or any other troublesome symptoms a lump the size of a golf ball or larger should be regarded as suspicious and needs to be investigated urgently although it is much more likely you have a benign non cancerous condition it is important to get your symptoms checked out,"Cancer develops when cells multiply uncontrollably, forming tumours. In the vast majority of soft tissue sarcomas it’s unclear what causes this to happen but there are a number of factors known to increase the risk, including: One particular type of soft tissue sarcoma calledKaposi’s sarcoma– which develops in skin cells – is caused by a virus known as the human herpesvirus type 8 (HHV-8) infecting someone with a weakened immune system (such as people withHIV).",,"If you’re diagnosed with a soft tissue sarcoma your care team of specialist doctors and nurses will help you decide on the most appropriate treatment. Treatment depends on factors such as the stage and grade of the cancer, the location of any tumours, and your age and general health. The main treatments used are: Surgery is the main treatment for soft tissue sarcomas that are detected at an early stage. It involves removing the cancerous tumour along with a section of surrounding healthy tissue. This will help ensure no cancer cells are left behind. Every effort will be made to reduce the impact of surgery on the appearance and functionality of the affected body part. But there is a possibility you’ll have some difficulty using the part of the body that is operated on after surgery and sometimes reconstructive plastic surgery may be needed to repair significant damage. In a small number of cases, there may be no option but toamputatethe part of the body where the cancer is located, such as part of the leg. Radiotherapy is often used after surgery to destroy any remaining cancer cells. This is carried out using an external machine that directs beams of radiation at a defined treatment area. Radiotherapy may also sometimes be used before surgery to make a tumour easier to remove, or as part of your treatment to reduce your symptoms if surgery is not possible. Common side effects of radiotherapy include sore skin, tiredness and hair loss in the treatment area. These tend to get better within a few days or weeks of treatment finishing. Read more about theside effects of radiotherapy Like radiotherapy, chemotherapy is sometimes used before surgery to shrink a tumour and make it easier to remove. This involves being given anti-cancer medication directly into a vein (intravenously). Chemotherapy may also be used alone or alongside radiotherapy for soft tissue sarcomas that cannot be surgically removed. Chemotherapy medications have a poisonous effect on the body’s cells, and can cause a number of temporary but unpleasant side effects, such as feeling tired and weak all the time, feeling and being sick, and hair loss from several parts of the body. Read more about theside effects of chemotherapy"
Soft tissue sarcomas: Teenagers and young adults,the symptoms of a sarcoma will depend on where it is you may also have other symptoms such as tiredness loss of appetite or weight loss remember most people with these symptoms won t have a sarcoma but if you have any of these symptoms or are worried that you may have a sarcoma the first thing to do is to speak to your gp they ll examine you and refer you to a hospital if they think you need to see a specialist doctor,"It’s unknown what causes sarcomas in teenagers and young adults. Remember that nothing you’ve done has caused the cancer. Some rare conditions that run in families (known as genetic conditions) can increase the chance (risk) of getting a soft tissue sarcoma. You would usually know if anyone in your family had one of these conditions. People who had radiotherapy for another type of cancer when they were a child may have an increased risk of developing a sarcoma in later life – this would be from their teens onwards. People often think a knock or injury might have caused a sarcoma, but there’s no evidence for this. If you’re looking for information about soft tissue sarcomas in people of all ages, read our generalsoft tissue sarcomainformation.",,"This section is for teenagers and young adults. It’s about treatment for a type of cancer called a soft tissue sarcoma. There are different types of soft tissue sarcoma, and the information in this section covers rhabdomyosarcomas, synovial sarcomas and fibrosarcomas, which are the most common types in teenagers. If you have a different type and want to know more, contactMacmillan Cancer Support. The 3 main types of treatment for soft tissue sarcomas are surgery, chemotherapy and radiotherapy. Most people have a combination of treatments. Your doctors will plan your treatment based on: If you have any questions about your treatment, ask your doctor or nurse. They’ll be happy to help you understand what’s involved. If you have a type of soft tissue sarcoma called a soft tissue Ewing’s sarcoma, it’s treated in the same way as a Ewing’s sarcoma in a bone."
Spina bifida,spina bifida can cause symptoms like,"It’s not known exactly what causes spina bifida. But, there are some things that can increase the risk of a baby developing the condition. Not having enough folic acid during pregnancy can increase the chances of a child having spina bifida. Folic acid (also known as vitamin B9) is found in foods like peas, broccoli and spinach. Its added to food like some breakfast cereals. Taking folic acid supplements can reduce the risk of spina bifida in unborn babies. Folic acid tablets are available from pharmacies and supermarkets. A GP may also be able to prescribe them for you. Read more about why you need folic acid during pregnancy If you’ve a family member with spina bifida, you might be more likely to have a baby with the condition. If you’ve had a child with spina bifida, the chance that you’ll have another child with the same condition increases. If you’ve a family history of spina bifida, your GP will likely prescribe a higher dose of folic acid for you to take. Ideally, you should take this: There are some medicines that are linked to an increased risk of having a baby with spina bifida. These are medicines like valproate and carbamazepine (used to treatepilepsy). Read more about the risks of taking valproate medicines when pregnant If you’ve any concerns that your medication may increase the risk of spina bifida, you should speak to your GP:",,"The treatment of spina bifida will depend on what type you or your child has. If your child is diagnosed with a closed spinal defect, a neurosurgeon will discuss management with you. Your child may not need surgery. If an open spinal defect has been diagnosed before birth, you may be offered prenatal surgery (when a surgeon operates on your baby before you’ve given birth). This surgery will close or cover a spina bifida lesion. The benefits and risks of surgery will be discussed with you during pre-natal counselling. Read more about prenatal surgery for spina bifida If your child is not diagnosed until after birth, or prenatal surgery hasn’t taken place, they’ll be referred to a specialist team. Your child will see a paediatric neurosurgeon shortly after birth. The surgeon will assess the defect, and will discuss the surgery with you. If they need surgery, it’ll probably take place in a specialist unit within 48 to 72 hours. During surgery the surgeon will put the spinal cord and any exposed tissues or nerves back into the correct place. They’ll close the gap in the spine and seal the hole with muscle and skin. Occasionally, plastic surgeons may be involved if the defect is large. Although surgery will close the gap, it will not be able to restore any function your child has already lost. If your child has already developedhydrocephalus, the surgeon may: Read more about hydrocephalus"
Stomach cancer,many symptoms of stomach cancer are similar to less serious conditions so it can be difficult to recognise in the early stages early stage symptoms include,"Stomach cancer is caused by changes in the cells of the stomach, although it’s unclear exactly why these changes occur. Cancer begins with a change (mutation) in the structure of the DNA in cells, which can affect how they grow. This means cells grow and reproduce uncontrollably, producing a lump of tissue called a tumour. Left untreated, cancer can spread to other parts of the body, usually through the lymphatic system (a network of vessels and glands called lymph nodes located throughout the body). Once the cancer reaches your lymphatic system, it’s capable of spreading to other parts of your body, including your blood, bones and organs. It’s not known what triggers the changes in DNA that lead to stomach cancer and why only a small number of people develop the condition.",,"Many cases of stomach cancer can’t be completely cured, but it’s still possible to relieve symptoms and improve quality of life usingchemotherapyand in some casesradiotherapyand surgery. If operable, surgery can cure stomach cancer as long as all of the cancerous tissue can be removed. Surgery to remove some or all of the stomach is known as a gastrectomy. It will still be possible to eat normally after a gastrectomy, but you’ll probably have to adjust the size of your portions. Chemotherapy can also be used before surgery to help shrink the tumour and sometimes after surgery to help prevent the cancer returning. Read more abouttreating stomach cancer The treatments recommended for stomach cancer will depend on your general health and how far the cancer has spread. Most hospitals use multidisciplinary teams made up of a number of different specialists (see below) who work together to plan and carry out the best treatment, tailored to your circumstances. Feel free to discuss treatment with your care team at any time and ask questions. The main treatments for stomach cancer are surgery,chemotherapyandradiotherapy. You may have 1 of these treatments or a combination. If surgery is recommended, you may have chemotherapy beforehand. If the tumour is in the upper part of your stomach, including the junction between the oesophagus and stomach, you may also have radiotherapy prior to surgery. Surgery is mainly used if stomach cancer is diagnosed at an early stage, whereas chemotherapy and radiotherapy tend to be used when the condition is diagnosed at a later stage. Where possible, the primary aim of treatment is to completely remove the tumour and any other cancerous cells in your body. It’s estimated that a cure is possible in 20 to 30% of stomach cancer cases. If it’s not possible to remove the tumour, your doctors will focus on trying to prevent it from getting any bigger and causing further harm to your body. This may be done using surgery or chemotherapy. In some cases, it’s not possible to eliminate the cancer or slow it down. In this case, your treatment will aim to relieve your symptoms and make you as comfortable as possible, usually with surgery or radiotherapy. A relatively new medication called trastuzumab (see below) can also be used to treat some types of advanced stomach cancer. Your healthcare team will talk to you about which treatments are most suitable."
Stomach ulcer,although the most common symptom of a stomach ulcer is a burning or gnawing pain in the centre of the abdomen tummy not all stomach ulcers are painful some people experience you should speak to your gp if you think you have a stomach ulcer more about thesymptoms of a stomach ulcer speak to your gp immediately or phone 111 if these could be a sign of a serious complication the most common symptom of a stomach ulcer is a burning or gnawing pain that develops in your abdomen tummy however some stomach ulcers aren t painful and are only noticed when a complication develops such as bleeding from the ulcer less common symptoms of a stomach ulcer include some people also find they burp or become bloated after eating fatty foods,"Stomach ulcers occur when the layer protecting the stomach lining from stomach acid breaks down. This allows the stomach lining to become damaged. This is usually caused by: There’s little evidence that stress or certain foods causes stomach ulcers. More about thecauses of stomach ulcers Stomach ulcers are usually caused by Helicobacter pylori (H. pylori) bacteria or non-steroidal anti-inflammatory drugs (NSAIDs). These can break down the stomach’s defence against the acid it produces to digest food. The stomach lining then becomes damaged causing an ulcer to form. If your stomach ulcer’s caused by taking NSAIDs: You may be advised to use an alternative painkiller not associated with stomach ulcers, such asparacetamol. COX-2 inhibitors are sometimes recommended. These are an alternative type of NSAID that’s less likely to cause stomach ulcers. If you’re taking low-doseaspirinto reduce your risk of blood clots, your GP will tell you whether you need to keep taking it. If you do, you may also be prescribed long-term treatment with a PPI or H2-receptor antagonist to prevent further ulcers. It’s important to understand the potential risks associated with continued NSAID use. You’re more likely to develop another stomach ulcer and could experience a serious complication, such as internal bleeding. Read more about thecomplications of stomach ulcers",,"You’ll be treated using antibiotics if your ulcer was caused by a H. pylori infection. This kills the bacteria and should prevent the ulcer coming back. You’ll be treated using a proton pump inhibitor (PPI) if your ulcer was caused by NSAIDs. Your doctor will prescribe these and discuss whether you should keep using NSAIDs. Alternative medication to NSAIDs, such asparacetamol, may be recommended. Most stomach ulcers take a few months to heal after treatment. However, stomach ulcers can come back after treatment, although this is less likely to happen if the underlying cause is addressed. More abouttreating stomach ulcers If you have a stomach ulcer, your treatment will depend on what caused it. With treatment, most ulcers heal in a month or two. If your stomach ulcer’s caused by a Helicobacter pylori (H. pylori) bacterial infection, you’ll be given: This is also recommended if it’s thought your stomach ulcer’s caused by a combination of an H. pylori infection and non-steroidal anti-inflammatory drugs (NSAIDs). If you have an H. pylori infection, you’ll usually be prescribed a course of 2 or 3 antibiotics. The most commonly used antibiotics are: You should take these twice a day for a week. The side effects of these are usually mild, but can include: You’ll be re-tested at least 4 weeks after finishing your antibiotic course to see if there are any H. pylori bacteria left in your stomach. If there are, a further course of eradication therapy using different antibiotics may be given."
Stroke,the main symptoms of stroke can be remembered with the word fast fast stands for a person having a stroke might not have all of these symptoms if you notice any of these symptoms you should consider a person may be having a stroke symptoms in the fast test identify most strokes occasionally a stroke can cause different symptoms which might include however there are sometimes other causes for these symptoms,,,"Effective treatment of stroke can reduce the risk of long-term disability and save lives. Treatment of stroke has 2 main purposes: The first is the immediate treatment in the first few hours of a stroke to minimise the damage to the brain and reduce long term effects. This is why its important to get urgent help, by phoning 999 or going to A&E, for someone you think is having a stroke. Treatment is then started to reduce the risk of further strokes and to reduce the risk of complications from a stroke. The specific treatments recommended depend on whether a stroke is caused by: Treatment usually involves taking one or more different medications. Some people may also need surgery. It’s important to seek treatment as soon as possible to improve the chances of a good recovery."
Subacromial pain syndrome,the main symptom is pain in the upper arm caused by specific movements or activities these are usually activities that involve lifting the arm above shoulder level and reaching behind the back for example when putting a jacket on it may be difficult to lie on the affected shoulder which can disturb your sleep,,,"Treatment options depend on the severity of your symptoms. Although, most cases improve on their own, some cases can take time to resolve. Your arm may feel really painful but it’s important to keep moving your shoulder. To help manage your pain, break activities you normally do down into smaller amounts. These should be short term measures to help your pain. As soon as you’re able, try to get back to your normal activities, as this is the best way to help your recovery. Targeted shoulder exercises to encourage movement, stretching and strengthening exercises can help to improve your arm movement and pain. Read about exercises for shoulder problems Pain medication can help you move more comfortably, which can help your recovery. More about taking painkillers Corticosteroid Injections If painkillers aren’t helping to control the pain, your healthcare professional may discuss the option of having a corticosteroid injection into your shoulder joint. Corticosteroids are medicines that help reduce pain and inflammation. They may also be given with alocal anaesthetic. Injections won’t cure your condition or reduce shoulder stiffness, they are used to help with the pain. Read more about corticosteroids"
Supraventricular tachycardia,if you have supraventricular tachycardia you ll usually feel your heart racing in your chest or throat the heart rate is usually between 140 to 180 beats per minute but can be as high as 250 a normal heartbeat should be 60 to 100 beats per minute at rest during a supraventricular tachycardia the heart muscle contracts very fast this means that it cannot relax properly between contractions to fill with blood this reduces the amount of blood being pumped around the body therefore you may also feel on rare occasions you may faint because of a drop in blood pressure these symptoms vary in length and frequency,Common causes of supraventricular tachycardia in people at risk of the condition include:,,The treatment for supraventricular tachycardia varies from person to person. It depends on: Supraventricular tachycardia treatments focus on controlling the rate and rhythm of the heart. They include:
Syphilis,most people with syphilis don t notice any symptoms and don t know they have it symptoms change over time and may come and go syphilis usually has 3 stages ten days to 3 months after infection you may notice a small painless sore or ulcer this is typically on either the you might only have 1 sore but can have more swelling in your lymph glands such as in the neck groin or armpit often happens with the ulcers the sore will then disappear within 2 to 6 weeks if left untreated syphilis will move into its second stage symptoms of secondary syphilis begin a few weeks after the original sore disappears common symptoms of secondary syphilis include less common symptoms include these symptoms may disappear within a few weeks or come and go for a few months syphilis will then move into a stage where you will experience no symptoms you re still infected during this stage this is called latent syphilis you can still pass it on during the first year of this stage after a couple of years you can t pass the infection to others even though you remain infected however during this stage the infection can be passed on from a mother to an unborn child during pregnancy the latent stage can continue for many years even decades after you first become infected without treatment there is a risk that latent syphilis will move on to the more serious stage tertiary syphilis the symptoms of tertiary syphilis can begin years or even decades after the initial infection 1 in 3 people who are not treated for syphilis develop serious symptoms eventually the symptoms of tertiary syphilis will depend on what part of the body the infection spreads to for example it may affect the brain nerves eyes heart bones skin or blood vessels potentially causing any of the following symptoms at this stage syphilis can be dangerous enough to cause death,,,"Antibiotics will treat the syphilis infection, even during pregnancy. These are given by injection, tablets or capsules. Treatment may be started before your test result is known. You may be given one or more doses, depending on the stage of infection. You’ll need to go back to your GP practice or sexual health clinic 6 and 12 weeks after starting treatment to be retested. You should avoid having sex until you and your partner (s) have finished treatment and your tests have shown treatment has worked. This includes oral sex and sex using a condom. Your partner should also get tested for syphilis. It can be hard to spot in its early stages and they might not realise they have it. They will generally be offered treatment regardless. In Scotland, pregnant women are tested for syphilis as part of theirantenatal checks. If you’re pregnant and have syphilis, you can pass it on to your baby before they’re born. This is known as congenital syphilis. Having syphilis during pregnancy can increase the risk of:"
Tennis elbow,tennis elbow causes pain and tenderness on the outside of your elbow that may spread down your forearm this can cause,"Tennis elbow symptoms develop when there’s a problem with the tendons around the elbow.  These tendons help lift your hand backwards. Activities that involve the use of these tendons can include: Repeated use of the muscles that lift your wrist up can cause changes to the tendon, often due to overloading it. Other factors that can affect tendon health include: Tennis elbow can be referred to as a self-limiting condition. This means it can get better on its own over time in up to 90% of the people with this condition.",,"If your elbow pain is aggravated by certain movements try to reduce these by modifying your activity. You can modify your activity by: As well as modifying your activities it’s important to start exercising your elbow. Read about exercises for tennis elbow Pain medication can help you move more comfortably, which can help your recovery. More abouttaking painkillers. Elbow Support Some people find an elbow support, sometimes called an epiclasp, can be helpful to manage the pain caused by tennis elbow. Research suggests they may be useful in the short term but overall there is limited evidence to support their use. Corticosteroid Injection If exercise, modification of activity and painkillers aren’t helping to control the pain, your healthcare professional may discuss the option of having a corticosteroid injection into your elbow. However, current evidence has shown limited benefit for this type of condition and may be detrimental to the health of your tendon. Corticosteroids are medicines that help reduce pain and inflammation. They may also be given with alocal anaesthetic. Injections won’t cure your condition, they are used to help with the pain. Read more about corticosteroids"
Testicular cancer,the most common symptom of testicular cancer is a lump or swelling in 1 of your testicles the lump or swelling can be about the size of a pea but may be larger most lumps or swellings in the scrotum aren t in the testicle and aren t a sign of cancer but they should never be ignored visit your gp as soon as you notice a lump or swelling in your scrotum testicular cancer can also cause other symptoms including a,"The causes of testicular cancer are not fully understood. However, several things that increase your risk of developing the condition.",,"Chemotherapy, radiotherapy and surgery are the 3 main treatments for testicular cancer. Your recommended treatment plan will depend on: The first treatment option for all cases of testicular cancer, whatever the stage, is to surgically remove the affected testicle (an orchidectomy). For stage 1 seminomas, after the testicle has been removed, a single dose ofchemotherapymay be given to help prevent the cancer returning. A short course ofradiotherapyis also sometimes recommended. However, in many cases, the chance of recurrence is low and your doctors may recommend that you’re very carefully monitored over the next few years. Further treatment is usually only needed for the small number of people who have a recurrence. For stage 1 non-seminomas, close follow-up (called surveillance) may also be recommended, or a short course of chemotherapy using a combination of different medications. For stage 2, 3 and 4 testicular cancers, 3 to 4 cycles of chemotherapy are given using a combination of different medications. Further surgery is sometimes needed after chemotherapy to remove any affected lymph nodes or deposits in the lungs or, rarely, in the liver. Some people with stage 2 seminomas may be suitable for less intense treatment with radiotherapy, sometimes with the addition of a simpler form of chemotherapy. In non-seminoma germ cell tumours, additional surgery may also be required after chemotherapy to remove tumours from other parts of the body, depending on the extent of the spread of the tumour. Deciding what treatment is best for you can be difficult. Your cancer team will make recommendations, but the final decision will be yours. Before discussing your treatment options with your specialist, you may find it useful to write a list of questions to ask them. For example, you may want to find out the advantages and disadvantages of particular treatments."
Threadworms,you may spot threadworms in your poo the worms look like threads of white cotton and are about 1cm long you might also see them around your child s bottom anus the worms usually come out at night while your child is sleeping other symptoms include less common symptoms include,,,"Medication will kill the threadworms but not the eggs. Eggs can live for up to 2 weeks outside the body. There are hygiene methods you can follow to stop becoming infected again. Do these for 2 weeks if you’re taking medicine, or for 6 weeks if you’re not taking medicine. Mebendazole is the main medication used to treat threadworm infection. It can be bought over the counter from your localpharmacyor prescribed by yourGP. This is usually a chewable tablet or liquid you swallow. Treat everyone over 2 years old in your household, even if they do not have symptoms. Tell the pharmacist if you need to treat a child under 2 years old, or if you’re pregnant or breastfeeding. Treatment might not be suitable and you may need to speak to a GP. If you cannot take medicine you can treat threadworms by using hygiene methods for 6 weeks."
Thrush,some people won t have any signs or symptoms of thrush at all sometimes there can be too much yeast and it can cause symptoms symptoms of thrush in women include symptoms of thrush in men include thrush can affect other areas of skin including the armpits groin and between your fingers symptoms of thrush in other areas include,Your chances of developing thrush increase if:,,"Treatment is simple and only necessary if you have signs and symptoms of thrush. You may be given: Your doctor or nurse will tell you how to use the treatment. It’s very important to take the treatment as instructed and finish any course of treatment even if the symptoms go away earlier. You can buy antifungal treatments from mostpharmaciesif you’ve been diagnosed with thrush in the past and you know the symptoms. Some antifungal products can weaken latexcondoms,diaphragmsandcaps. You should avoid sex while undergoing treatment if this is your method of contraception. You should tell your doctor, nurse or pharmacist if you’re pregnant, might be pregnant, or if you’re breastfeeding. This may affect the type of treatment you’re given. If thrush isn’t treated it eventually goes away on its own. There’s no need for your partner(s) to have treatment unless they have signs and symptoms of thrush."
Thyroid cancer,in its early stages thyroid cancer tends to cause no or very few symptoms the main symptom of thyroid cancer is a lump or swelling at the front of the neck just below your adam s apple which is usually painless women also have adam s apples but they re much smaller and less prominent than a man s the lymph nodes in your neck can also be affected and become swollen lymph nodes are small glands that are part of the lymphatic system which helps fight infection other symptoms of thyroid cancer only tend to occur after the condition has reached an advanced stage and may include,"In most cases, the cause of thyroid cancer is unknown. However, certain things can increase your chances of developing the condition. Risk factors for thyroid cancer include: Read more about thecauses of thyroid cancer In most cases, the exact cause of thyroid cancer is unknown. However, there are certain things that can increase your chances of developing the condition, including having another thyroid condition and being exposed to radiation.",,"If you’re diagnosed with thyroid cancer, you’ll be assigned a care team, who will devise a treatment plan for you. Your recommended treatment plan will depend on the type and grade of your cancer, and whether your care team thinks that a complete cure is realistically achievable. All NHS hospitals have multidisciplinary teams (MDTs) that treat thyroid cancer. An MDT is made up of a number of different specialists, and may include: Deciding on the best course of treatment can be difficult. Your cancer team will make recommendations after reviewing your case, but the final decision will be yours. Before you go to hospital to discuss your treatment options, you may want to write a list of questions to ask the specialist. For example, you may want to find out what the advantages and disadvantages of particular treatments are. Your recommended treatment will depend on a number of things, including: Most differentiated thyroid cancers – papillary carcinomas and follicular carcinomas – and some medullary thyroid carcinomas have a good prospect of achieving a cure. Differentiated thyroid cancers are treated using a combination of: Medullary thyroid carcinomas tend to spread faster than differentiated thyroid cancers, so it may be necessary to remove your thyroid gland and any nearby lymph nodes. Radiotherapy iodine treatment is not effective at treating this type of thyroid cancer. Stage 4 medullary thyroid carcinomas aren’t usually curable, but it should be possible to slow their progression and control any associated symptoms. In most cases of anaplastic thyroid carcinoma, a cure isn’t usually achievable. This is because it’s usually spread to other parts of the body by the time it’s been diagnosed. Radiotherapy and chemotherapy can be used to slow the progression of anaplastic thyroid carcinoma and help control any symptoms. Some cases of differentiated thyroid cancer, medullary thyroid carcinoma and anaplastic thyroid carcinoma may benefit from a new type of treatment known as targeted therapies. This is where medication is used to directly target the cancerous cells. However, these types of treatments are currently undergoing clinical trials and aren’t offered routinely on the NHS. After having thyroid surgery, a course of radioactive iodine treatment may be recommended. This will help destroy any remaining cancer cells in your body and prevent the cancer returning. If you’re taking thyroid hormone replacement tablets, you’ll need to stop taking them for 2 to 4 weeks before having radioactive iodine treatment. This is because they can interfere with the effectiveness of the iodine treatment. If withdrawing your hormone replacement treatment is problematic, you may be given a medicine called recombinant human thyroid stimulating hormone (rhTSH). This is given as an injection on 2 consecutive days. Your MDT will be able to advise you about whether or not rhTSH is suitable for you. Radioactive iodine treatment involves swallowing radioactive iodine in either liquid or capsule form. The radiation in the iodine travels up into your neck through your blood supply and destroys any cancerous cells. Side effects of radioactive iodine treatment are uncommon, but a small number of people may experience tightness, pain or swelling in their neck and may feel flushed (warm). These side effects usually pass within 24 hours. After treatment, you may have adry mouthand notice a change in your taste. These symptoms usually disappear after a few weeks or months, although they can be permanent in some people. You’ll need to stay in hospital for 3 to 5 days after the procedure because the iodine will make your body slightly radioactive. As a precaution, you’ll need to stay in a single room protected by lead sheets so that hospital staff aren’t exposed to radiation. You won’t be able to have visitors during this time and hospital staff will keep their contact with you to a minimum. Your bodily fluids, such as urine, will also be slightly radioactive for 3 to 5 days after your treatment, so it’s important that you flush the toilet every time you use it. Your sweat will be radioactive, too, so you should bathe or shower every day. You’ll be allowed home after the radioactive levels in your body have subsided. While having radioactive iodine treatment, you’ll need to eat a diet low in iodine. An iodine-rich diet may reduce the effectiveness of your treatment. It’s recommended that you: You should eat plenty of fresh meat, freshfruit and vegetables, and pasta and rice. These are all low in iodine. You shouldn’t have radioactive iodine treatment if you’re pregnant or if there’s a good chance that you may be. The treatment could damage your baby. Tell a member of your care team if you’re unsure whether you’re pregnant. Any treatment will need to be delayed until after your pregnancy. You must stop breastfeeding before you can be treated with radioactive iodine. If possible, you should stop breastfeeding 6 weeks prior to treatment. You should not resume breastfeeding after treatment for your current child, but you may safely breastfeed any babies you may have in the future. Breastfeeding also isn’t recommended while receiving iodine treatment. If you’re breastfeeding, you should stop at least 4 weeks (but preferably 8) before starting iodine treatment. You should also not resume breastfeeding your baby. However, it’s safe for you to breastfeed if you have another child in the future. You should use a reliable method ofcontraceptionfor at least 6 months after having iodine treatment. This is because there’s a small risk that any child conceived during this time could develop birth defects. This applies to both men and women. Radioactive iodine treatment doesn’t affect fertility in women. However, there’s a small risk that it could affect fertility in men who need to have multiple treatment sessions. Your care team will be able to advise you about the level of risk in your individual circumstances. If there’s a significant risk you’ll become infertile after having radioactive iodine treatment, you may wish to consider having your sperm or eggs harvested and frozen so they can be used for fertility treatment at a later date."
Thyroid cancer: Teenagers and young adults,the first sign of thyroid cancer is usually a painless lump or swelling in the front of the neck that gradually gets bigger less common symptoms are if you have any of these symptoms it s important to speak to a doctor remember these symptoms can happen for lots of reasons other than cancer,"It’s unknown exactly what causes thyroid cancer. But research into possible causes is going on all the time. Some things called risk factors increase your chance of developing cancer. But having these doesn’t mean you’ll get cancer. Genes are the biological information in each cell that we inherit from our parents. Genes affect the way we look (for example, our eye colour) and how our bodies grow and work. Some rare genetic conditions that run in families can increase the risk of thyroid cancer. But fewer than 1 in 10 cases of cancer are caused by an inherited faulty gene. If you were exposed to radiation or hadradiotherapytreatment to the neck area when you were younger, you may be at a higher risk of developing thyroid cancer many years later. If you think you might have some of these symptoms you should go straight to your GP. They’ll be able to talk to you about your symptoms. If they think the symptoms could be because of cancer, they can doteststo find out more.",,"It’s important to remember that thyroid cancer in young people can be successfully treated. Most young people are completely cured. If the tests you’ve had show you have thyroid cancer, your team of specialists will discuss treatment with you. If you’ve had all your thyroid gland removed, your body can’t produce thyroid hormones anymore. Without these hormones, your metabolism slows down. This can cause dry skin and hair, tiredness, poor concentration and lack of energy. These hormones can be replaced by taking tablets. You’ll need to take them for the rest of your life. The usual long-term hormone treatment is thyroxine (levothyroxine) and you normally start taking it once your radioactive iodine treatment is finished. As well as replacing the hormones you’re missing, thyroxine can also help stop papillary or follicular thyroid cancer coming back. So if you have only had part of your thyroid gland removed you may still need to take thyroid hormone tablets. You’ll need to have yourbloodchecked regularly to monitor the hormone levels. It can sometimes take months to find the right dose of thyroxine for you. But once the right dose is found, there shouldn’t be any side effects, because they are simply replacing normal thyroid hormones. It’s important to remember to take your tablets every day. It can help to take them at the same time every day so you get into a routine. Macmillan Cancer Supporthas more general information aboutcancer treatmentslikeradiotherapyandsurgery. This information is written for people of all ages, not just young adults with thyroid cancer. This information is for teenagers and young adults and is about having treatment for thyroid cancer. If you’re looking for information about thyroid cancer in people of all ages, read ourthyroid cancerinformation."
Tick bites,tick bites aren t usually painful but they may cause a red lump to develop where you were bitten in some cases tick bites may cause complete this self help guide to check your symptoms and find out what to do next,,,
Tinnitus,tinnitus is often called ringing in the ears but it s not just ringing you might hear you may also notice hearing loss or that you re more sensitive to everyday sounds for some people tinnitus may come and go but sometimes it can impact your daily life and be very distressing it can affect concentration and cause difficulty sleeping insomnia anddepression tinnitus will sometimes get better over time either by disappearing or by the body getting used to it,Tinnitus can develop slowly over time or happen suddenly. It’s not known exactly why it happens but it’s often linked to:,,"There’s currently no treatment for tinnitus that works for everyone. If your tinnitus is caused by an underlying condition, then treating that condition may help your tinnitus. If a cause can’t be found, treatment will focus on helping you manage the condition on a daily basis. This may involve:"
Tonsillitis,the symptoms of tonsillitis include symptoms usually get better within 3 to 4 days,"Most cases of tonsillitis are caused by a viral infection, such ascoldorflu. Some cases can also be caused by a bacterial infection, typically a strain of bacteria calledgroup A streptococcusbacteria. Tonsillitis itself isn’t contagious, but the infections that cause it are.",,"There’s no specific treatment for tonsillitis. It usually gets better on its own within a week. Always read the leaflet that comes with your medicine before taking it. Follow the recommended dosage instructions. If you’re not sure which treatments are suitable for you or your child,speak to a pharmacistfor advice. If test results show that your tonsillitis is caused by a bacterial infection, a short course of oralantibioticsmay be prescribed. If oral antibiotics do not help and your symptoms are getting worse, your GP may refer you to hospital for antibiotics to be given into a vein (IV antibiotics). A small number of children and adults have tonsillitis for longer, or it keeps returning. This is called chronic tonsillitis and surgery may be needed. Surgery to remove the tonsils (a tonsillectomy) is usually only recommended if:"
Tooth decay,tooth decay may not cause any pain however if you have dental caries you might have,"Your mouth is full of bacteria that form a film over the teeth called dental plaque. When you consume food and drink high in sugars, the bacteria in plaque turn the sugars into energy they need, producing acid at the same time. If the plaque is allowed to build up, the acid can begin to break down (dissolve) the surface of your tooth, causing holes known as cavities. Once cavities have formed in the enamel, the plaque and bacteria can reach the dentine (the softer, bone-like material underneath the enamel). As the dentine is softer than the enamel, the process of tooth decay speeds up. Without treatment, bacteria will enter the pulp (the soft centre of the tooth that contains nerves and blood vessels). At this stage, your nerves will be exposed to bacteria, usually making your tooth painful. The bacteria can cause a dental abscess in the pulp and the infection could spread into the bone.",,"Treatment of tooth decay depends on how advanced it is. For early stage tooth decay, your dentist will talk to you about the amount of sugar in your diet and the times you eat. They may apply afluoridegel, varnish or paste to the area. Fluoride helps to protect teeth by strengthening the enamel, making teeth more resistant to the acids from plaque that can cause tooth decay. For more advanced decay,  your dentist may discuss a filling or crown with you. This involves removing the dental decay, offeringlocal anaestheticto numb the tooth and filling the hole. If tooth decay has spread to the pulp (in the centre of the tooth, containing blood and nerves) it may be removed in a process known as root canal treatment. If the tooth is so badly damaged that it can’t be restored, it may need to be removed. Your dentist may be able to replace the tooth with a partialdentureor bridge. NHS charges are set by the government and are standard for all NHS patients. Some people don’t have to pay for dental treatment, including everyone aged under 26, and people who are pregnant or have given birth in the last 12 months. Financial help may also be available to those on a low income or in receipt of certain benefits. The cost of private dental treatment varies between practices, as there is no set charge. If you choose to see have private dental care, make sure to agree the cost before having treatment. Further information about cost of NHS treatment"
Tourette’s syndrome,the main symptoms of tourette s syndrome are tics there are different types of tic motor tics might include vocal tics might include swearing is a rare tic that affects a small number of people with tourette s syndrome some people with tourette s syndrome feel a strong urge before a tic this urge is described as a similar feeling to before you need to sneeze or itch this feeling is called a premonitory sensation or urge it s only relieved after the tic has been carried out premonitory sensations can include some people can control or suppress their tics for a short while in certain social situations like in a classroom this requires concentration and effort but can get easier with practise this is called suppressibility it can be tiring to try to control tics you might have a sudden intense release of tics when you get home if you ve been controlling them all day while in school or work for example tics might be less noticeable when you re concentrating on a certain activity like reading a book or playing sports sometimes tics might be more noticeable when you re relaxing tics are not normally harmful but physical tics can be painful there are times when tics can become worse tics might be triggered by tourette s syndrome often comes with other health conditions like,The cause of Tourette’s syndrome is unknown. It’s not known why more males are likely to be affected by Tourette’s syndrome than females. Sometimes tics run in families.,,"There’s no cure for Tourette’s syndrome. Most children with tics do not need treatment for them. Tics can significantly improve or disappear altogether as patients move into their early 20s. However, some people find their tics continue or worsen in adulthood. Treatment might be recommended to help you control your tics. There are treatment options available through the NHS."
Transient ischaemic attack (TIA),like a stroke the signs and symptoms of a tia usually begin suddenly the main symptoms of stroke can be remembered with the word fast fast stands for it s important to be aware of the symptoms of a stroke or tia especially if you live with or care for somebody in a high risk group like an elderly person or someone withdiabetesorhigh blood pressure a person having a tia or a stroke might not have all of these symptoms if you notice any of these symptoms you should consider a person may be having a stroke symptoms in the fast test identify most strokes and tias tias sometimes cause different symptoms that appear suddenly usually over a few seconds other signs and symptoms may include however there may be other causes for these symptoms during a tia it s not possible to tell whether you re having a tia or a full stroke so it s important to phone 999 immediately even if the symptoms disappear you should still have an urgent assessment by a health professional a tia is a warning that you re at risk of having a full stroke an assessment can help doctors decide the best way to reduce the chances of this happening,"TIAs happen when there is a temporary disruption in the blood supply to part of the brain. In TIAs, the blockage resolves before any significant damage. A fullstrokedisrupts the blood flow to your brain for much longer. This leads to more severe damage to the brain and longer-term problems. The blockage responsible for most TIAs is usually caused by ablood clotthat has travelled to the blood vessels supplying the brain. A type of irregular heartbeat calledatrial fibrillationcan also cause TIAs. It can create blood clots that escape from the heart and become stuck in the blood vessels that supply the brain.",,"Although the symptoms of a TIA stop on their own, you’ll need treatment to help reduce the risk of another TIA or a fullstroke. Appropriate treatment following a TIA can help to reduce your risk of having one. Your doctor will tell you about lifestyle changes you can make to reduce your stroke risk. Your doctor will prescribe medication to treat the underlying cause of your TIA. You might need surgery as part of your treatment."
Transverse myelitis,the symptoms of transverse myelitis can include transverse myelitis can happen to anyone at any time in their life in most cases there might only be one episode of symptoms but sometimes it can happen repeatedly transverse myelitis can be the first sign of ms or another condition,"There are several different causes of transverse myelitis. Sometimes a cause isn’t found, and this is called idiopathic transverse myelitis.",,"Sometimes transverse myelitis requires no treatment as it will improve on its own. Sometimes patients may require treatment for their symptoms, the swelling, or the underlying cause. There are different treatments available for transverse myelitis symptoms. You may be offered other treatments depending on the cause of your transverse myelitis. Your neurologist will discuss your options with you."
Trigeminal neuralgia,the main symptom of trigeminal neuralgia is sudden attacks of severe sharp and shooting facial pain that last from a few seconds to about two minutes the pain is often described as an excruciating sensation similar to an electric shock the attacks can be so severe that you are unable to do anything during them and the pain can sometimes bring you to your knees trigeminal neuralgia usually only affects one side of your face in rare cases it can affect both sides although not at the same time the pain can be in the teeth the lower jaw upper jaw cheek and less commonly in the forehead or the eye you may feel aware of an impending attack of pain though these usually come unexpectedly after the main severe pain has subsided you may experience a slight ache or burning feeling there may also be a constant throbbing aching or burning sensation between attacks you may have episodes of pain lasting regularly for days weeks or months at a time it is possible for the pain to then disappear completely and not recur for several months or years a period known as remission however in severe cases attacks may occur hundreds of times a day and there may be no periods of remission attacks of trigeminal neuralgia can be triggered by certain actions or movements such as however pain can occur spontaneously with no triggers whatsoever,"In the vast majority of cases, trigeminal neuralgia is caused by compression of the trigeminal nerve. This is the largest nerve inside the skull, which transmits sensations of pain and touch from your face, teeth and mouth to your brain. This compression is usually caused by a nearby blood vessel pressing on part of the nerve inside the skull. In rare cases, trigeminal neuralgia can occur as a result of damage to the trigeminal nerve, caused by an underlying condition such asmultiple sclerosis (MS)or a tumour. Read more about thecauses of trigeminal neuralgia Although the exact cause is not known, trigeminal neuralgia is often thought to be caused by compression of the trigeminal nerve or an underlying condition affecting this nerve. Other reasons why the trigeminal nerve can become compressed or damaged include:",,"Trigeminal neuralgia is usually a long-term condition, and the periods of remission often get shorter over time. However, most cases can be controlled to at least some degree with treatment. The first treatment offered will usually be with an anticonvulsant medication (usually used to treatepilepsy) called carbamazepine. To be effective, this medication needs to be taken several times a day, with the dose gradually increased over the course of a few days or weeks so that high enough levels of the medication can build up in your bloodstream. Unless your pain starts to diminish or disappears altogether, the medication is usually continued for as long as is necessary, sometimes for many years. If you are entering a period of remission and your pain goes away, stopping the medication should always be done slowly over days or weeks, unless you are advised otherwise by a doctor. Carbamazepine was not originally designed to treat pain, but it can help relieve nerve pain by slowing down electrical impulses in the nerves and reducing their ability to transmit pain messages. If this medication is ineffective, unsuitable or causes too many side effects, you may be referred to a specialist to discuss alternative medications or surgical procedures that may help. There are a number of minor surgical procedures that can be used to treat trigeminal neuralgia – usually by damaging the nerve to stop it sending pain signals – but these are generally only effective for a few years. Alternatively, your specialist may recommend having surgery to open up your skull and move away any blood vessels compressing the trigeminal nerve. Research suggests this operation offers the best results in terms of long-term pain relief, but it is a major operation and carries a risk of potentially serious complications, such ashearing loss, facial numbness or, very rarely, astroke. Read more abouttreating trigeminal neuralgia There are a number of treatments available that can offer some relief from the pain caused by trigeminal neuralgia. Identifying triggers and avoiding them can also help. Most people with trigeminal neuralgia will be prescribed medication to help control their pain, although surgery may be considered for the longer term in those cases where medication is ineffective or causes too many side effects."
Tuberculosis (TB),typical symptoms of tb include you should see a gp if you have a cough that lasts more than three weeks or if you cough up blood read more about thesymptoms of tbanddiagnosing tb the symptoms of tuberculosis tb depend on where the infection occurs tb usually develops slowly your symptoms might not begin until months or even years after you were initially infected in some cases the infection doesn t cause any symptoms which is known as latent tb it s called active tb if you have symptoms you should contact your gp if you or your child have symptoms of tb read about thecauses of tuberculosisfor more information about latent and active tb general symptoms of tb include these symptoms can have many different causes however and are not always a sign of tb tb can also cause additional symptoms depending on which part of the body is infected most infections affect the lungs which can cause this is known as pulmonary tb less commonly tb infections develop in areas outside the lungs such as the lymph nodes small glands that form part of the immune system the bones and joints the digestive system the bladder and reproductive system and the nervous system brain and nerves this is known as extrapulmonary tb symptoms of extrapulmonary tb vary but can include extrapulmonary tb is more common in people with a weakened immune system such as those withhiv,"TB is caused by a bacterium called Mycobacterium tuberculosis. TB that affects the lungs is the most contagious type, but it usually only spreads after prolonged exposure to someone with the illness. For example, it often spreads within a family who live in the same house. In most healthy people, the immune system (the body’s natural defence against infection and illness) kills the bacteria, and you have no symptoms. Sometimes the immune system cannot kill the bacteria, but manages to prevent it spreading in the body. This means you will not have any symptoms, but the bacteria will remain in your body. This is known as ‘latent TB’. If the immune system fails to kill or contain the infection, it can spread within the lungs or other parts of the body and symptoms will develop within a few weeks or months. This is known as ‘active TB’. Latent TB could develop into an active TB infection at a later date, particularly if your immune system becomes weakened. Read more about thecauses of TB Tuberculosis (TB) is caused by a type of bacterium called Mycobacterium tuberculosis. The condition is spread when a person with an active TB infection in their lungs coughs or sneezes and someone else inhales the expelled droplets, which contain TB bacteria. Although it is spread in a similar way to acoldor theflu, TB is not as contagious. You would usually have to spend prolonged periods in close contact with an infected person to catch the infection yourself. For example, TB infections usually spread between family members who live in the same house. It would be highly unlikely to become infected by sitting next to an infected person on a bus or train. Not everyone with TB is infectious. Generally, children with TB or people with TB that occurs outside the lungs (extrapulmonary TB) do not spread the infection.",,"With treatment, TB can usually be cured. Most people will need a course of antibiotics, usually for 6 months. Several different antibiotics are used. This is because some forms of TB are resistant to certain antibiotics. If you are infected with a drug-resistant form of TB, treatment with 6 or more different medications may be needed. If you are in close contact with someone who has TB, tests may be carried out to see if you are also infected. These can include a chestX-ray,blood tests, and a skin test called the Mantoux test. Read more abouttreating TB Treatment for tuberculosis (TB) will usually involve a long course ofantibioticslasting several months. While TB is a serious condition that can be fatal if left untreated, deaths are rare if treatment is completed. For most people, a hospital admission during treatment is not necessary."
Type 1 diabetes,if your blood sugar is too high you may the symptoms of type 1 diabetes usually develop very quickly in young people this is normally over a few hours or days in adults the symptoms often take longer to develop over a few days or weeks the symptoms of type 1 diabetes should disappear when you start taking insulin and you bring your blood sugars closer to normal levels read more about hyperglycaemia,"Type 1 diabetes is an autoimmune condition. Your normal immune system mistakes the cells in your pancreas as harmful. It then attacks them. Without insulin, your body will break down its own fat and muscle, resulting in weight loss. This can lead to a serious short-term condition called diabetic ketoacidosis. Insulin is also needed to move glucose out of the blood and into your cells to be used for energy.",,"It’s important that diabetes is diagnosed as early as possible. If left untreated, type 1 diabetes is a life-threatening condition. It’s essential that treatment is started early. Type 1 diabetes can’t be cured at the moment. Treatment aims to keep your blood glucose levels as normal as possible. This will help control your symptoms. It’ll also help to prevent health problems developing later in life. If you’re diagnosed with type 1 diabetes, you’ll be referred to a diabetes care team. That team will provide specialist treatment and monitoring. You’ll need regular insulin injections or insulin pump to keep your glucose levels normal. You’ll be helped to understand how to do this. You’ll also learn how to match the insulin you inject to the food (carbohydrate) you eat. You’ll also take into account your: Insulin injections come in several different forms. Each one works slightly differently. You’ll most likely need a combination of different insulin preparations. Insulin is given to some patients by a by an insulin pump. This means you’ll get a programmed flow of insulin. This will either be controlled by you or by glucose monitoring values. Both of these methods replace long-acting insulin injections. There are alternatives to insulin injections and pumps. They’re only suitable for a very small number of patients. This is because they need very strong drugs to suppress your immune system. They alternatives to insulin injections and pumps are:"
Type 2 diabetes,the symptoms of diabetes occur because the lack of insulin means glucose stays in the blood and isn t used as fuel for energy your body tries to reduce blood glucose levels by getting rid of the excess glucose in your urine typical symptoms include read more about thesymptoms of type 2 diabetes it s very important for diabetes to be diagnosed as soon as possible as it will get progressively worse if left untreated the symptoms of diabetes include feeling very thirsty passing more urine than usual and feeling tired all the time the symptoms occur because some or all of the glucose stays in your blood and isn t used as fuel for energy your body tries to get rid of the excess glucose in your urine the main symptoms of type 2 diabetes are thesigns and symptoms of type 1 diabetesare usually obvious and develop very quickly often over a few weeks these signs and symptoms aren t always as obvious however and it s often diagnosed during a routine check up this is because they are often mild and develop gradually over a number of years this means you may have type 2 diabetes for many years without realising it early diagnosis and treatment for type 2 diabetes is very important as it may reduce your risk of developing complications later on,"Type 2 diabetes occurs when the pancreas doesn’t produce enough insulin to maintain a normal blood glucose level, or the body is unable to use the insulin that is produced (insulin resistance). The pancreas is a large gland behind the stomach that produces the hormone insulin. Insulin moves glucose from your blood into your cells, where it’s converted into energy. In type 2 diabetes, there are several reasons why the pancreas doesn’t produce enough insulin.",,"Type 2 diabetes is treated with changes in your diet and depending on the response of your blood glucose levels, sometimes tablets and insulin. Early in the course of type 2 diabetes, planned weight loss can even reverse the disease. Read more about thetreatment of type 2 diabetes If glucose-lowering tablets aren’t effective in controlling your blood glucose levels, you may need to have insulin treatment. This can be taken instead of or alongside your tablets, depending on the dose and the way you take it. Insulin comes in several different preparations, and each works slightly differently. Your treatment may include a combination of these different insulin preparations. If you have type 2 diabetes that’s controlled using insulin or certain types of tablets (e.g. sulfonylurea), you may experience episodes ofhypoglycaemia. Hypoglycaemia is where your blood glucose levels become very low. Mild hypoglycaemia (a “hypo”) can make you feel shaky, weak and hungry, but it can usually be controlled by eating or drinking something sugary. If you have a hypo, you should initially have a form of carbohydrate that will act quickly, such as a sugary drink or glucose tablets. This should be followed by a longer-acting carbohydrate, such as a cereal bar, sandwich or piece of fruit. In most cases, these measures will be enough to raise your blood glucose level to normal. You should aim for a hypo to be treated and to recheck your blood glucose level within 15 minutes. If blood glucose still less than 4mmol/l then repeat the treatment using a fast acting carbohydrate. When your blood glucose returns to normal then have your longer acting carbohydrate. If you develop severe hypoglycaemia, you may become drowsy and confused, and you may even lose consciousness. If this occurs, you may need to have an injection of glucagon into your muscle or glucose into a vein. Glucagon is a hormone that quickly increases your blood glucose levels. You may require input from a health care professional. If the glucagon is not successful, you may require an injection of dextrose into your vein. Your diabetes care team can advise you on how to avoid a hypo and what to do if you have one. If you have type 2 diabetes, your risk of developingheart disease,stroke, foot problems, eye andkidney diseaseis increased. To reduce your risk of developing other serious health conditions, you may be advised to take other medicines, including: Diabetic kidney disease is identified by the presence of small amounts of albumin (a protein) in your urine. If treated early enough, it may be reversible."
Underactive thyroid,many symptoms of an underactive thyroid hypothyroidism are the same as those of other conditions so it can easily be confused for something else symptoms usually develop slowly and you may not realise you have a medical problem for several years common symptoms include elderly people with an underactive thyroid may develop memory problems and depression children may experience slower growth and development teenagers may start puberty earlier than normal if you have any of these symptoms see your gp and ask to be tested for an underactive thyroid read more aboutgetting tested for an underactive thyroid,"An underactive thyroid (hypothyroidism) is when your thyroid gland doesn’t produce enough of the hormone thyroxine (also called T4). Most cases of an underactive thyroid are caused by the immune system attacking the thyroid gland and damaging it, or by damage that occurs as a result of treatments forthyroid canceror anoveractive thyroid. Worldwide, a lack of dietary iodine is a common cause of an underactive thyroid, because the body needs iodine to make thyroxine. However, iodine deficiency is uncommon in the UK. Babies are sometimes born with an underactive thyroid because the thyroid gland doesn’t develop properly in the womb. This is called congenital hypothyroidism and is uncommon, affecting around 1 in 3,000 babies. It’s usually picked up during routine screening soon after birth. A problem with the pituitary gland could lead to an underactive thyroid. The pituitary gland sits at the base of the brain and regulates the thyroid. Therefore, damage to the pituitary gland may lead to an underactive thyroid. An underactive thyroid has also been linked to some viral infections or some medications used to treat other conditions, such as: Speak to your GP or specialist if you’re concerned that a medication you’re taking may be affecting your thyroid hormone levels.",,"An underactive thyroid (hypothyroidism) is usually treated by taking daily hormone replacement tablets called levothyroxine. Levothyroxine replaces the thyroxine hormone, which your thyroid doesn’t make enough of. You’ll initially have regularblood testsuntil the correct dose of levothyroxine is reached. This can take a little while to get right. You may start on a low dose of levothyroxine, which may be increased gradually, depending on how your body responds. Some people start to feel better soon after beginning treatment, while others don’t notice an improvement in their symptoms for several months Once you’re taking the correct dose, you’ll usually have a blood test once a year to monitor your hormone levels. If blood tests suggest you may have an underactive thyroid, but you don’t have any symptoms or they’re very mild, you may not need any treatment. In these cases, your GP will usually monitor your hormone levels every few months and prescribe levothyroxine if you develop symptoms. It’s unlikely that you’d have many of the later symptoms of an underactive thyroid, because the condition is often identified before more serious symptoms appear. Later symptoms of an underactive thyroid include: An underactive thyroid can also occur as a side effect or complication of previous treatment to the thyroid gland, such as surgery or a treatment called radioactive iodine therapy. These treatments are sometimes used for an overactive thyroid (where the thyroid gland produces too much hormone) or thyroid cancer."
Urinary tract infection (UTI),infections of the bladder cystitis or urethra tube that carries urine out of the body are known as lower utis these can cause lower utis are common and aren t usually a cause for major concern you can speak to your pharmacist for advice and treatment on lower utis in women speak to your gp for advice and treatment on lower utis in men or children if your gp is closed phone 111 infections of the kidneysor ureters tubes connecting the kidneys to the bladder are known as upper utis these can cause the same symptoms as lower utis and also upper utis can be serious if left untreated as they could damage the kidneys or spread to the bloodstream your gp team can in some people uti symptoms do not go away short term antibiotics do not work and urine tests do not show an infection this might mean you have a chronic long term uti this can be caused by bacteria entering the lining of the bladder because urine tests do not always pick up the infection and the symptoms can be similar to other conditions chronic utis can be hard to diagnose chronic utis might be treated with antibiotics that you take for a long time chronic utis can have a big impact on your quality of life if you have been treated for a uti but you still have symptoms speak to your gp about chronic utis and ask to be referred to a specialist,"UTIs occur when the urinary tract becomes infected, usually by bacteria. In most cases, bacteria from the gut enter the urinary tract through the urethra. This may happen when wiping your bottom or having sex. But often it’s not clear why it happens. The following may increase your risk of getting a UTI: Women may be more likely to get UTIs because their urethra is shorter than a man’s and is closer to their anus (back passage).",,"UTIs are normally treated with a short term course ofantibiotics. Most women are given a 3-day course of antibiotic capsules or tablets. Men, pregnant women and people with more serious symptoms may need a slightly longer course. Your symptoms will normally pass within 3 to 5 days of starting treatment. Make sure you complete the whole course of antibiotics that you’ve been prescribed, even if you’re feeling better. Over-the-counter pain relief such asparacetamolcan help with any pain. Drinking plenty of fluids may also help you feel better. Return to your GP if your symptoms don’t improve, get worse, or come back after treatment."
Vaginal cancer,the most common symptom of vaginal cancer is abnormal vaginal bleeding this includes other symptoms can include speak to your gp if you experience any abnormal vaginal bleeding changes in your usual pattern of periods such as irregular periods or heavier periods than usual or problems urinating while it s highly unlikely that these symptoms are caused by vaginal cancer they should still be investigated by your gp read more about diagnosing vaginal cancer,"The exact causes of vaginal cancer are unknown, but things that may increase your risk of developing it include: As there is a possible link with HPV, it may be possible to reduce your risk of vaginal cancer by practising safe sex. TheHPV vaccination, which is routinely offered to girls who are 12 to 13 years old, provides protection against 2 strains of HPV thought to be responsible for most cases of vaginal and cervical cancer. Read more about thecauses of vaginal cancer. Cancer occurs when the cells in a certain area of your body divide and multiply too rapidly. This produces a lump of tissue known as a tumour. The exact reason why this happens in cases of vaginal cancer is unknown, but certain things can increase your chances of developing the condition.",,"Treatment for vaginal cancer depends on which part of your vagina is affected and how far the cancer has spread (known as the ‘stage’). The main treatments for vaginal cancer are: These treatments can cause both short- and long-term side effects that should be discussed with your care team before treatment begins. Read more abouttreating vaginal cancer Treatment for vaginal cancer will depend on where the cancer is in your vagina and how far it has spread. Possible treatments include radiotherapy, surgery and chemotherapy. When you are diagnosed with cancer, you will be cared for by a group of different healthcare professionals, known as a multidisciplinary team (MDT). Your MDT will include a range of specialists, including surgeons, clinical oncologists (specialists in the non-surgical treatment of cancer), and specialist cancer nurses. Your MDT will recommend a treatment plan they feel is most suitable for you, but the final decision will be yours. Before going to hospital to discuss your treatment options, you may find it useful to write a list of questions to ask the specialist. For example, you may want to find out the advantages and disadvantages of particular treatments. Treatment for vaginal cancer can have a significant emotional impact, particularly for young women who experience an early menopause as a result of treatment. The removal of some or all of the vagina can be traumatic for pre- and post-menopausal women alike, and some women feel less ‘womanly’ than they did before. It’s not uncommon to feel a sense of loss and bereavement after treatment. In some women, this may lead todepression. You may find it helpful to talk to other women who have had similar treatment. Your GP or hospital staff may be able to recommend a suitable local support group. Charities can also help: If feelings of depression persist, speak to your GP about the treatment and support available."
Varicose eczema,like all types of eczema the affected skin becomes there may be periods when these symptoms improve and periods when they become more severe your legs may become swollen especially towards the end of the day or after long periods of standing varicose veins swollen and enlarged veins are often visible on the legs some people also have other symptoms such as left untreated leg ulcerscan develop these are long lasting wounds that form where the skin has become damaged,"Varicose eczema is caused by increased pressure in the leg veins. When the small valves in the veins stop working properly, it’s difficult for blood to be pushed against gravity and it can leak backwards. This increases the pressure in the veins, which can cause fluid to leak into the surrounding tissue. It is thought that varicose eczema may develop as a result of the immune system reacting to this fluid. Varicose eczema is more common in people with varicose veins, as these are also often a sign that the leg veins aren’t working properly. Read more about thecauses of varicose eczema. Varicose eczema is usually caused by increased pressure in your leg veins. Inside your veins there are valves that let the blood through in one direction and prevent it flowing backwards. Sometimes, the walls of the veins can become stretched and lose their elasticity, causing the valves to become weakened. If the valves do not function properly, blood may leak backwards. This increases the pressure in your veins, which may cause fluid to leak into surrounding tissues. It is thought that varicose eczema may develop as a result of your immune system reacting to these fluids in the tissues under your skin. This increase in pressure can also cause blood to collect in your veins, which become swollen and enlarged (varicose veins).",,"Varicose eczema tends to be a long-term problem. However, treatments are available to help keep it under control. For most people, treatment involves a combination of: If these treatments don’t help, your GP may refer you to a dermatologist (skin specialist) in case there is another cause for your symptoms or if they are concerned you may also have a type of eczema called contact dermatitis. If you also have varicose veins, you may be referred to a vascular specialist (a doctor or surgeon specialising in conditions affecting the blood vessels) who can talk to you about the treatment options for varicose veins. Read more abouttreating varicose eczema. Treatment for varicose eczema aims to improve the condition of your skin, treat your symptoms and help improve your circulation (blood flow). For many people, this will involve long-term treatment with a combination of: There are also some self-help techniques that you can try. These treatment options are described in more detail below. Lipodermatosclerosis (hardened, tight skin) is treated in a similar way to varicose eczema. If you have avenous leg ulcer, you can also read abouttreating venous leg ulcers. If you havevaricose veins, as well as varicose eczema, treating these may sometimes be helpful. If your GP thinks treatment may be beneficial, they can refer you to a vascular surgeon, who can arrange for anultrasound scanof your leg to find the faulty blood vessels. Treatment of your varicose veins can then be planned. There are a number of treatments available that can improve the symptoms and appearance of varicose veins, including: These procedures are usually performed in the day surgery department of a hospital."
Varicose veins,varicose veins are widened veins that look swollen and twisted under the skin they may be lumpy or bulge out it s most common for varicose veins to develop in the legs but you can get them on other parts of the body too other symptoms of varicose veins can include these symptoms are usually worse during warm weather or if you ve been standing up for long periods of time they may improve if you rest and raise your legs,"Varicose veins happen when the valves that control the flow of blood in your vein don’t work properly. This causes blood to build up and put pressure on the vein, which makes it swell and twist.",,"Most varicose veins don’t need to be treated. A GP may refer you to a specialist for tests and treatment if you have: Treatment to improve how varicose veins look isn’t usually available on the NHS if they don’t cause any other problems. You may be able to pay for it privately. If you’re referred to a specialist they’ll usually do a test called a duplex ultrasound. This is a type of scan to check your blood flow. This helps to confirm if you have varicose veins and helps to plan your treatment. There are different types of treatment that may be offered, including: The specialist will explain which treatment may be best for you. They’ll also explain the benefits and risks."
Vascular dementia,vascular dementia can start suddenly or begin slowly over time symptoms include many people with vascular dementia also havealzheimer s disease these problems can make daily activities increasingly difficult,Vascular dementia is caused by reduced blood flow to the brain. This damages and eventually kills brain cells. Reduced blood flow to the brain can be caused by:,,"There’s currently no cure for vascular dementia. But, there are treatments that can help manage the symptoms. Your GP or healthcare professional can discuss the best treatment options for you. There are things you can do to live well for as long as possible with dementia. Read more about living well with dementia Your future health and social care needs will need to be assessed and a care plan drawn up. This is a way of ensuring you receive the right treatment for your needs. It involves identifying areas where you may need some help, like:"
Vitamin B12 or folate deficiency anaemia,vitamin b12 and folate perform several important functions in the body including keeping the nervous system healthy a deficiency in either of these vitamins can cause a wide range of problems including some of these problems can also occur if you have a deficiency in vitamin b12 or folate but don t have anaemia read about thesymptoms of vitamin b12 or folate deficiency anaemia vitamin b12 or folate deficiency anaemia can cause a wide range of symptoms these usually develop gradually but can worsen if the condition goes untreated anaemia is where you have fewer red blood cells than normal or you have an abnormally low amount of a substance called haemoglobin in each red blood cell general symptoms of anaemia may include if you have anaemia caused by a vitamin b12 deficiency you may have other symptoms in addition to those listed above such as some of these symptoms can also occur in people who have a vitamin b12 deficiency but have not developed anaemia additional symptoms in people with anaemia caused by a folate deficiency can include,"There are a number of problems that can lead to a vitamin B12 or folate deficiency, including: Both vitamin B12 deficiency and folate deficiency are more common in older people, affecting around 1 in 10 people aged 75 or over, and 1 in 20 people aged 65 to 74. Read about thecauses of vitamin B12 or folate deficiency anaemia Vitamin B12 or folate deficiency anaemia occurs when a lack of either of these vitamins affects the body’s ability to produce fully functioning red blood cells. Red blood cells carry oxygen around the body. Most people with vitamin B12 or folate deficiency anaemia have underdeveloped red blood cells that are larger than normal. The medical term for this is “megaloblastic anaemia”. A vitamin B12 or folate deficiency can be the result of a variety of problems, some of which are described below. Pernicious anaemia is the most common cause of vitamin B12 deficiency in the UK. Pernicious anaemia is an autoimmune condition that affects your stomach. An autoimmune condition means your immune system (the body’s natural defence system that protects against illness and infection) attacks your body’s healthy cells. In your stomach, vitamin B12 is combined with a protein called intrinsic factor. This mix of vitamin B12 and intrinsic factor is then absorbed into the body in part of the gut called the distal ileum. Pernicious anaemia causes your immune system to attack the cells in your stomach that produce the intrinsic factor, which means your body is unable to absorb vitamin B12. The exact cause of pernicious anaemia is unknown, but the condition is more common in women around 60 years of age, people with a family history of the condition and those with another autoimmune condition, such asAddison’s diseaseor vitiligo. Some people can develop a vitamin B12 deficiency as a result of not getting enough vitamin B12 from their diet. A diet that includes meat, fish and dairy products usually provides enough vitamin B12, but people who don’t regularly eat these foods – such as those following a vegan diet or who have a generally very poor diet – can become deficient. Stores of vitamin B12 in the body can last around two to four years without being replenished, so it can take a long time for any problems to develop after a dietary change. Some stomach conditions or stomach operations can prevent the absorption of enough vitamin B12. For example, a gastrectomy (a surgical procedure where part of your stomach is removed) increases your risk of developing a vitamin B12 deficiency. Some conditions that affect your intestines can also stop you from absorbing the necessary amount of vitamin B12. For example,Crohn’s disease(a long-term condition that causes inflammation of the lining of the digestive system) can sometimes mean your body doesn’t get enough vitamin B12. Some types of medicine can lead to a reduction in the amount of vitamin B12 in your body. For example, proton pump inhibitors (PPIs) – a medication sometimes used to treat indigestion – can make a vitamin B12 deficiency worse. PPIs inhibit the production of stomach acid, which is needed to release vitamin B12 from the food you eat. Your GP will be aware of medicines that can affect your vitamin B12 levels and will monitor you if necessary. Some people can experience problems related to a vitamin B12 deficiency, despite appearing to have normal levels of vitamin B12 in their blood. This can occur due to a problem known as functional vitamin B12 deficiency – where there’s a problem with the proteins that help transport vitamin B12 between cells. This results in neurological complications involving the spinal cord. Folate dissolves in water, which means your body is unable to store it for long periods of time. Your body’s store of folate is usually enough to last four months. This means you need folate in your daily diet to ensure your body has sufficient stores of the vitamin. Like vitamin B12 deficiency anaemia, folate deficiency anaemia can develop for a number of reasons. Some are described below. Good sources of folate include broccoli, Brussels sprouts, asparagus, peas, chickpeas and brown rice. If you don’t regularly eat these types of foods, you may develop a folate deficiency. Folate deficiency caused by a lack of dietary folate is more common in people who have a generally unbalanced and unhealthy diet, people who regularly misuse alcohol and people following a fad diet that doesn’t involve eating good sources of folate. Sometimes your body may be unable to absorb folate as effectively as it should. This is usually due to an underlying condition affecting your digestive system, such ascoeliac disease. You may lose folate from your body if you urinate frequently. This can be caused by an underlying condition that affects one of your organs, such as: Some types of medicine reduce the amount of folate in your body, or make the folate harder to absorb. These include some anticonvulsants (medication used to treat epilepsy), colestyramine, sulfasalazine and methotrexate. Your GP will be aware of medicines that can affect your folate levels and will monitor you if necessary. Your body sometimes requires more folate than normal. This can cause folate deficiency if you can’t meet your body’s demands for the vitamin. Your body may need more folate than usual if you: Premature babies (born before the 37th week of pregnancy) are also more likely to develop a folate deficiency, because their developing bodies require higher amounts of folate than normal. If you’re pregnant or trying to get pregnant, it’s recommended that you take a 400 microgram folic acid tablet every day until you’re 12 weeks pregnant. This will ensure that both you and your baby have enough folate and help your baby grow and develop. Folic acid tablets are available with a prescription from your GP, or you can buy them over the counter from pharmacies, large supermarkets and health food stores. If you’re pregnant and have another condition that may increase your body’s need for folate, such as those mentioned above, your GP will monitor you closely to prevent you from becoming anaemic. In some cases, you may need a higher dose of folic acid. For example, if you have diabetes, you should take a 5 milligrams (5mg or 5,000 micrograms) supplement of folic acid instead of the standard 0.4 milligrams (0.4mg or 400 micrograms). Read more aboutvitamins and minerals in pregnancy If your symptoms and blood test results suggest a vitamin B12 or folate deficiency, your GP may arrange further tests. If the cause can be identified, it will help to determine the most appropriate treatment. For example, you may have additional blood tests to check for a condition called pernicious anaemia. This is an autoimmune condition (where your immune system produces antibodies to attack healthy cells), which means you’re unable to absorb vitamin B12 from the food you eat. Tests for pernicious anaemia aren’t always conclusive, but they can often give your GP a good idea of whether you have the condition.",,"Most cases of vitamin B12 and folate deficiency can be easily treated with injections or tablets to replace the missing vitamins. Vitamin B12 supplements are usually given by injection at first. Then, depending on whether your B12 deficiency is related to your diet, you’ll either require B12 tablets between meals or regular injections. These treatments may be needed for the rest of your life. Folic acid tablets are used to restore folate levels. These usually need to be taken for four months. In some cases, improving your diet can help treat the condition and prevent it recurring. Vitamin B12 is found in meat, fish, eggs, dairy products, yeast extract (such as Marmite) and specially fortified foods. The best sources of folate include green vegetables such as broccoli, Brussels sprouts and peas. Read abouttreating vitamin B12 or folate deficiency The treatment for vitamin B12 or folate deficiency anaemia depends on what’s causing the condition. Most people can be easily treated with injections or tablets to replace the missing vitamins. Vitamin B12 deficiency anaemia is usually treated with injections of vitamin B12, in a form called hydroxocobalamin. At first, you’ll have these injections every other day for two weeks, or until your symptoms have stopped improving. Your GP or nurse will give the injections. After this initial period, your treatment will depend on whether the cause of your vitamin B12 deficiency is related to your diet. The most common cause of vitamin B12 deficiency in the UK is pernicious anaemia, which isn’t related to your diet. Read more about thecauses of vitamin B12 or folate deficiency If your vitamin B12 deficiency is caused by a lack of the vitamin in your diet, you may be prescribed vitamin B12 tablets to take every day between meals. Alternatively, you may need to have an injection of hydroxocobalamin twice a year. People who find it difficult to get enough vitamin B12 in their diets, such as those following a vegan diet, may need vitamin B12 tablets for life. Although it’s less common, people with vitamin B12 deficiency caused by a prolonged poor diet may be advised to stop taking the tablets once their vitamin B12 levels have returned to normal and their diet has improved. Good sources of vitamin B12 include: If you’re a vegetarian and vegan, or are looking for alternatives to meat and dairy products, there are other foods that contain vitamin B12, such as yeast extract (including Marmite), as well as some fortified breakfast cereals and soy products. Check the nutrition labels while food shopping to see how much vitamin B12 different foods contain. If your vitamin B12 deficiency isn’t caused by a lack of vitamin B12 in your diet, you’ll usually need to have an injection of hydroxocobalamin every three months for the rest of your life. If you’ve had neurological symptoms (symptoms that affect your nervous system, such as numbness or tingling in your hands and feet) caused by a vitamin B12 deficiency, you’ll be referred to a haematologist, and you may need to have injections every two months. Your haematologist will advise on how long you need to keep taking the injections. For injections of vitamin B12 given in the UK, hydroxocobalamin is preferred to an alternative called cyanocobalamin. This is because hydroxocobalamin stays in the body for longer. If you need regular injections of vitamin B12, cyanocobalamin would need to be given once a month, whereas hydroxocobalamin can be given every three months. Cyanocobalamin injections aren’t routinely available on the NHS. However, if you need replacement tablets of vitamin B12, these will be cyanocobalamin. To treat folate deficiency anaemia, your GP will usually prescribe daily folic acid tablets to build up your folate levels. They may also give you dietary advice so you can increase your folate intake. Good sources of folate include: Most people need to take folic acid tablets for about four months. However, if the underlying cause of your folate deficiency anaemia continues, you may have to take folic acid tablets for longer – possibly for life. Before you start taking folic acid, your GP will check your vitamin B12 levels to make sure they’re normal. This is because folic acid treatment can sometimes improve your symptoms so much that it masks an underlying vitamin B12 deficiency. If a vitamin B12 deficiency isn’t detected and treated, it could affect your nervous system."
Vulval cancer,symptoms of vulval cancer can include speak to your gp if you notice any changes in the usual appearance of your vulva while it s highly unlikely to be the result of cancer these changes should be investigated read more aboutdiagnosing vulval cancer,"The exact cause of vulval cancer is unclear, but your risk of developing the condition is increased by the following factors: You may be able to reduce your risk of vulval cancer by stopping smoking and taking steps to reduce the chances of picking up an HPV infection. Read more about thecauses of vulval cancer. Cancer occurs when the cells in a certain area of your body divide and multiply too rapidly. This produces a lump of tissue known as a tumour. The exact reason why this happens in cases of vulval cancer is unknown, but certain things can increase your chances of developing the condition. These include:",,"The main treatment for vulval cancer is surgery to remove the cancerous tissue from the vulva and any lymph nodes containing cancerous cells. Some people may also haveradiotherapy(where radiation is used to destroy cancer cells) orchemotherapy(where medication is used to kill cancer cells), or both. Radiotherapy and chemotherapy may be used without surgery if you’re not well enough to have an operation, or if the cancer has spread and it isn’t possible to remove it all. Read more abouttreating vulval cancer. Treatment for vulval cancer depends on factors such as how far the cancer has spread, your general health, and personal wishes. The main options are surgery,radiotherapyandchemotherapy. Many women and anyone with a vulva with vulval cancer have a combination of these treatments. If your cancer is at an early stage, it’s often possible to get rid of it completely. However, this may not be possible if the cancer has spread. Even after successful treatment, there is up to a 1 in 3 chance of the cancer returning at some point later on, so you’ll need regular follow-up appointments to check for this. Most hospitals use multidisciplinary teams (MDTs) to treat vulval cancer. MDTs are teams of specialists that work together to make decisions about the best way to proceed with your treatment. Members of your MDT will probably include a specialist surgeon, a specialist in the non-surgical treatment of cancer (clinical oncologist) and a specialist cancer nurse. Deciding which treatment is best for you can often be confusing. Your cancer team will recommend what they think is the best treatment option, but the final decision will be yours. Before visiting hospital to discuss your treatment options, you may find it useful to write a list of questions you would like to ask the specialist. For example, you may want to find out the advantages and disadvantages of particular treatments."
Whiplash,common symptoms of whiplash include you may also experience short term,,,"In most cases whiplash will resolve gradually over time with the right help and advice. This can take a number of months. Things you can do to help yourself includes: More about taking painkillers If the cause of your injury has also caused emotional trauma, you may want toread more about mental wellbeingas this can impact your recovery."
Whooping cough,the first symptoms of whooping cough are similar to those of acold such as a runny nose red and watery eyes a sore throat and a slightly raised temperature intense coughing bouts start about a week later the bouts usually last a few minutes at a time and tend to be more common at night coughing usually brings up thick mucus and may be followed by vomiting between coughs you or your child may gasp for breath this may cause a whoop sound although not everyone has this the strain of coughing can cause the face to become very red and there may be some slight bleeding under the skin or in the eyes young children s skin can sometimes briefly turn dusky blue cyanosis if they have trouble breathing in very young babies the cough may not be particularly noticeable but there may be brief periods where they stop breathing the bouts will eventually start to become less severe and less frequent over time but it may be a few months before they stop completely,,,"Treatment for whooping cough depends on your age and how long you’ve had the infection. Children under 6 months who are very ill and people with severe symptoms will usually be admitted to hospital for treatment. People diagnosed during the first 3 weeks of infection may be prescribedantibioticsto take at home. These will help stop the infection spreading to others, but may not reduce the symptoms. People who’ve had whooping cough for more than 3 weeks won’t normally need any specific treatment, as they’re no longer contagious and antibiotics are unlikely to help. While you’re recovering at home, it can help to get plenty of rest, drink lots of fluids, clean away mucus and sick from your or your child’s mouth, and take painkillers such asparacetamoloribuprofenfor a fever. Avoid using cough medicines, as they’re not suitable for young children and are unlikely to be of much help."
Wilms’ tumour,the most common symptom is a swollen abdomen which is usually painless sometimes a parent or carer may feel a lump in the abdomen which can be quite large occasionally the tumour may bleed slightly and this can irritate the kidney and may be painful there may be blood in your child s urine pee or their blood pressure may be raised the child may also have a high temperature fever upset stomach weight loss or a lack of appetite,"In most children, the causes of Wilms’ tumour are unknown. Very rarely, people who develop Wilms’ tumour have other specific conditions which are present at birth (congenital malformations). These include the lack of an iris in the eye (aniridia), abnormalities of the genitals, and a condition where one side of the body is slightly larger than the other (hemihypertrophy). In 1 in 100 people with Wilms’ tumour, another family member will also have Wilms’ tumour.",,"Treatment is planned by specialists in children’s tumours and cancers. This is usually based in a children’s oncology unit within a main hospital, but some treatment may be given closer to home. Treatment will depend on a number of factors including how the cells appear under the microscope (histology) and the stage of the tumour. Treatment may include chemotherapy, radiotherapy or surgery. All children with Wilms’ tumour will have surgery. Initially, this may only involve taking a small sample of cells from the tumour to confirm the diagnosis. This is called a biopsy and is usually done under a general anaesthetic using a needle inserted through the skin. Apart from very young children (under 6 months), most patients will receive chemotherapy before having a bigger operation to remove the entire tumour. The operation usually involves removing the whole of the affected kidney (nephrectomy). After examining the whole tumour under the microscope, Wilms’ tumours can be divided into a number of risk groups based on knowledge about how these different types of tumours are likely to behave. The treatment following surgery will depend on these risk groups. The risk groups are known as LOW, STANDARD (or INTERMEDIATE), and HIGH. The majority of tumours are in the ‘standard risk’ group. So-called ‘low risk’ tumours require less treatment than standard risk tumours. Two types of Wilms’ tumour – anaplastic and blastemal – are considered to be ‘higher risk’ than other Wilms’ tumours and require more intensive (stronger) chemotherapy. About 5% to 10% of Wilms’ tumours have an appearance called anaplasia, which means the cells look very disorganised under a microscope. This group of high-risk tumours cannot be identified by looking at the biopsy because they occur when a particular type of early kidney cell survives the pre-surgery chemotherapy. These cells are known as blastemal cells. Tumours, where most of these cells survive chemotherapy, are called blastemal tumours. Other, less common types of kidney tumours may occur in children. These are usually only recognised after surgery to obtain a tumour sample. ‘Clear cell sarcoma’ and ‘malignant rhabdoid tumour’ of the kidney are 2 types of cancerous tumour, with their own treatment recommendations. Congenital mesoblastic nephroma is a non-cancerous (benign) tumour that occurs in very young children. This type of tumour usually only needs surgery and no other treatment. Chemotherapyis the use of anti-cancer (cytotoxic) drugs to destroy cancer cells. It’s usually given as an injection or drip into a vein (intravenously). Chemotherapy given before surgery is called neoadjuvant chemotherapy. What doctors find out about the tumour after surgery – for example, how the cells look under the microscope and how far the cancer has spread – helps them to decide whether additional chemotherapy should be given (adjuvant chemotherapy). This is to help reduce the risk of the cancer coming back (recurring). This chemotherapy may be given as inpatient or outpatient depending on tumour staging and risk group. Radiotherapytreats cancer by using high-energy rays to destroy the cancer cells, while doing as little harm as possible to normal cells. Not all children with Wilms’ tumour need radiotherapy. For those that do, the area to be treated depends on the stage of the tumour at diagnosis. Some children receive radiotherapy to the area around the affected kidney or, less commonly, to the whole abdomen. If the tumour has spread to the lungs, then lung radiotherapy may be needed but this depends on how well the cancer responds to initial chemotherapy; it’s not always needed. Radiotherapy may occasionally be used to shrink tumours that are too large to remove surgically. This will, ideally, allow an operation to be done. Radiotherapy can also be used when tumours have spread elsewhere in the body. In about 1 in 20 cases, Wilms’ tumour affects both kidneys. Treatment usually involves surgery to both. The aim of the treatment is to remove as much of the cancer as possible, while leaving as much healthy kidney as possible. Chemotherapy is always given. Sometimes radiotherapy is needed as well. Treatment for Wilms’ tumour often causes side effects. Your child’s doctor will discuss this with you before treatment starts. Many side effects are expected and managed effectively. Side effects can include feeling sick (nausea) and being sick (vomiting), hair loss, bruising and bleeding, tiredness, diarrhoea, and an increased risk of infection. Less common effects may include impact on the heart, kidneys, and liver. A small number of children may develop late side effects, sometimes many years later. These include a possible reduction in bone growth, a change in the way the heart and lungs work, and a slight increase in their risk of developing another cancer in later life. Infertility is a possible late side effect, although this is rare. Your child’s doctor or nurse will talk to you about any possible late side effects. These will depend on the exact treatments given. Many children have their treatment as part of a clinical research trial. Trials aim to improve our understanding of the best way to treat an illness. The trial may include comparing the standard treatment with a new or modified version. It may just involve collecting patient and tumour details including response to treatment to increase specialists’ knowledge. If appropriate, your child’s medical team will talk to you about taking part in a clinical trial, and will answer any questions you have. Written information will be provided to help explain things. Taking part in a research trial is completely voluntary, and you will be given plenty of time to decide if it’s right for your child. Sometimes, clinical trials are not available for your child’s tumour. This may be because a recent trial has just finished, or because the tumour is very rare. In these cases, you can expect your doctors and nurses to offer treatment which is agreed to be the most appropriate, using guidelines which have been prepared by experts across the country. TheChildren’s Cancer and Leukaemia Group(CCLG) is an important organisation which helps to produce these guidelines. Most children with Wilms’ tumour are cured. If the cancer comes back, it’s usually within the first 2 years. When one kidney is removed, the other will be able to work normally and can take over the work of the other kidney. Very few children have long-term kidney problems. Your child will have regular check-ups to look for any recurrence or problems following treatment. If you have specific concerns about your child’s condition and treatment, it’s best to discuss them with your child’s doctor, who knows the situation in detail."
Wolff-Parkinson-White syndrome,symptoms of wolff parkinson white syndrome can include how often episodes happen can vary from person to person some people might have episodes on a daily basis others may only experience them occasionally or have no symptoms at all,"When the heart beats normally, the muscular walls contract (tighten and squeeze) to force blood out and around the body. The muscles then relax, allowing the heart to fill with blood again. People with Wolff-Parkinson-White syndrome have an extra piece of heart tissue. This causes a ‘short circuit’ where the heart’s electrical signals quickly travel around in a loop. This can result in a very fast heart beat.",,"If you have symptoms of a rapid heart beat, this will sometimes settle down on its own without treatment. In some cases, medication or a treatment calledcatheter ablationis needed. In an emergency, the heart’s electrical activity sometimes needs to be reset. This is called electricalcardioversion."
Womb (uterus) cancer,the most common symptom of womb cancer is abnormal bleeding from the vagina although most people with abnormal bleeding don t have cancer bleeding may start as light bleeding accompanied by a watery discharge which may get heavier over time most women and anyone with a womb diagnosed with womb cancer have been through themenopause so any vaginal bleeding will be unusual in women and anyone with a womb who hasn t been through the menopause unusual vaginal bleeding may consist of less common symptoms include pain in the lower abdomen tummy and pain during sex if womb cancer reaches a more advanced stage it may cause additional symptoms these include,"It’s not known exactly what causes womb cancer, but certain things can increase your risk of developing it. Cancer begins with a change (mutation) in the structure of the DNA in cells, which can affect how they grow. This means cells grow and reproduce uncontrollably, producing a lump of tissue called a tumour. If left untreated, cancer can grow and spread to other parts of your body, either directly or through the blood and lymphatic system.",,"The most common treatment for womb cancer is the surgical removal of the womb (hysterectomy). A hysterectomy can cure womb cancer in its early stages, but you will no longer be able to get pregnant. Surgery for womb cancer is also likely to include the removal of the ovaries and fallopian tubes. Radiotherapyorchemotherapyare also sometimes used, often in conjunction with surgery. A type of hormone therapy may be used if you are yet to go through the menopause and would still like to have children. Even if your cancer is advanced and the chances of a cure are small, treatment can still help to relieve symptoms and prolong your life. Read more abouttreating womb cancer Health professionals use a staging system to describe how far womb cancer has advanced. These stages are: Your chances of surviving womb cancer depend on the stage at which it’s diagnosed. The main treatment for womb cancer is to remove the womb (hysterectomy), together with the ovaries and fallopian tubes. This is sometimes followed by radiotherapy or chemotherapy to try to kill any possible remaining cancer cells, depending on the stage and grade of the cancer. Having a hysterectomy means you will no longer be able to get pregnant. Younger women who haven’t already reached themenopausemay not want to have their womb and ovaries removed if they wish to have children. In this case, under very specific circumstances it may be possible to treat the cancer using hormone therapy. Advanced womb cancer requires a different course of treatment, usually depending more on chemotherapy. Advanced cancer may not be curable, but the treatment aims to achieve a remission, where the cancer shrinks, making you feel normal and able to enjoy life to the full. Even if there’s no chance of a cure, surgery may be carried out to remove as much of the cancer as possible. Radiotherapy, chemotherapy or hormone therapy can reduce symptoms such as pain by shrinking the cancer or slowing its growth."
Yellow fever,the symptoms of yellow fever occur in 2 stages the initial symptoms develop 3 to 6 days after infection and can include this stage will usually pass after 3 to 4 days and most people will make a full recovery however around 15 of people go on to develop more serious problems including jaundice yellowing of the skin and whites of the eyes kidney failure and bleeding from the mouth nose eyes or stomach causing blood in your vomit and stools up to half of those who experience these symptoms will die,,,"There is no specific treatment for yellow fever, but you will be monitored and the symptoms can be treated. You will be admitted to hospital for assessment and supportive care."
Zika virus,most people don t have any symptoms when they are infected with zika virus if symptoms do occur they are usually mild and start 3 to 14 days after the infection has been caught symptoms last around 2 to 7 days commonly reported symptoms include,,,There is no specific treatment for the symptoms of Zika virus. Drinking plenty of water and taking paracetamol may help to relieve symptoms.
Coeliac disease,coeliac disease can cause a wide range of symptoms in the digestive system and rest of the body symptoms can develop at any age but coeliac disease is most commonly diagnosed between the ages of 40 and 60 years more about thesymptoms of coeliac diseaseorwhat is coeliac disease symptoms of coeliac disease vary from person to person and can range from mild to severe some people may have no symptoms at all sometimes the symptoms of coeliac disease are mistaken for some common symptoms of coeliac disease include if you ve any of these symptoms speak to your gp you must continue eating gluten as part of your diet until you ve been diagnosed you can also take coeliac uk sonline assessment children with coeliac disease might also not grow at the expected rate or be late to reach puberty,Coeliac disease is more common in people with certain conditions and in relatives of people with coeliac disease. It’s unknown exactly why people develop the condition. More about thecauses of coeliac disease It’s not known exactly why people develop coeliac disease or why some have mild symptoms while others have severe symptoms. It could be that a person’s genetics and the environment play a part in why this condition develops.,,"Coeliac disease can be effectively treated with a gluten-free diet. By adopting a gluten-free diet and lifestyle, you can manage your condition and improve your quality of life. More abouthow coeliac disease is treated The only treatment for confirmed coeliac disease is a lifelong gluten-free diet. Symptoms should improve within weeks of starting a gluten-free diet. However, it may take up to 2 years for the digestive system to heal completely."
Crohn’s disease,the symptoms of crohn s disease vary they depend on which part of the digestive system is inflamed common symptoms include you may have long periods without symptoms or very mild symptoms this is known as remission this may be followed by periods where the symptoms are particularly troublesome these are known as flare ups or relapses less common symptoms include children with crohn s disease may grow at a slower rate than expected,"The exact cause of Crohn’s disease is unknown. A combination of factors may be responsible, including:",,"There’s currently no cure for Crohn’s disease, but treatment can improve the symptoms and keep the inflammation under control. Your treatment will usually be provided by a range of healthcare professionals. Once your symptoms are under control, you are likely to be offered treatment to help keep them under control. If your Crohn’s stays under control for a long time, you may choose to stop treatment. You may need to start again if your symptoms come back. The first treatment offered is usually steroids, such as prednisolone or budesonide (corticosteroids) to reduce inflammation quickly. Steroids are often effective in reducing your symptoms. But they can have significantside effects. So they’re not suitable for long-term use and your dose will slowly be reduced when your symptoms start to improve. Medicines to suppress your immune system (immunosuppressants) may be given alongside steroids if your symptoms flare up twice or more during 12 months, or return when your steroid dose is reduced. Common types include azathioprine, mercaptopurine and methotrexate. If steroids and immunosuppressants don’t help or aren’t right for you, biological therapies may be used. Biological therapies block particular chemicals involved in the immune response, which helps reduce inflammation. They’re made using living cells in a lab. They can be given as a drip or an injection. Treatment usually lasts at least 12 months. Your inflammatory bowel disease (IBD) team will be able to discuss these with you. Common types are adalimumab, infliximab, ustekinumab or vedolizumab. There’s a risk that these medicines may cause side effects, which can cause symptoms such as: You should seek immediate medical help if you experience these symptoms. Reactions can occur immediately after treatment or months later, even after treatment stops. Surgery to treat Crohn’s disease may be an option if: Surgery might involve widening narrow parts of your bowel, or removing parts of it (resection). Resection involves removing the inflamed area of the intestine. If you have a resection, you might have the healthy sections of bowel joined back together. Or you might have the end of your small bowel joined to the skin of your tummy (anileostomyor stoma). In this case, poo comes out of the opening on your tummy and is collected in special bags that you wear. An ileostomy might be temporary, to give your bowel time to heal, or it might be permanent. Your IBD team will tell you what surgery they recommend and let you know what to expect. There is no evidence that a particular diet causes or triggers flare-ups of Crohn’s disease. But alongside medications, some changes to your diet may help control symptoms for some people. Do not make major changes to your diet without talking to your IBD team and make sure you are still getting all the nutrients you need. You can speak to your IBD team about: If you smoke, it is advised that you make every effort tostop smoking, especially if you need to have surgery. If you smoke, smoking can make Crohn’s worse and is it important that you make every effort tostop smoking."
Delirium,people with delirium may experience symptoms that include sometimes these symptoms are worse in the evenings or overnight most delirium lasts a few days but in some cases it can persist for weeks or even months delirium can continue even when all triggers have been addressed in this situation you should get ongoing supportive care and help in other cases the delirium will slowly improve unfortunately not all patients recover to the same mental function they had before their delirium,"Delirium is caused by a change in the way the brain functions. There are many things that can trigger this, including: Anyone can get delirium but some things can increase the risk, including: Delirium is one of the most common medical emergencies. It’s found in around 1 in 7 adults in hospital and about half of patients in intensive care.",,"There are different aspects to the treatment of delirium. Delirium is usually caused by one or more triggers. Treatment starts by working out what the triggers are. Healthcare professionals can then treat these as effectively as possible. For example, if the person has a chest infection then treating it would help the delirium. Often more than one trigger may cause delirium. For example a person with a chest infection may also be dehydrated or have a low blood oxygen level. These would also trigger or make the delirium worse. Another important part of delirium care is treating the symptoms of delirium. Many people become distressed due to feeling disorientated. They may also have paranoia, hallucinations or feel like they’re losing control. These symptoms can improve with repeated reassurance and by explaining carefully what’s happening. Occasionally, healthcare professionals may use anti-psychotic drugs or other treatments. Once the triggers and symptoms have been managed, the next step is to help the patient recover. The aim is to get the person back to their usual self through: Some complications of delirium can include:"
Dermatitis herpetiformis,people with dh can have the rash can affect any area of the skin but is most commonly seen on the the rash usually occurs on both sides of the body for example on both elbows most people with dh will have the same kind of gut damage seen with coeliac disease but may not complain of gut symptoms like just over half 60 of people with dh don t have gut symptoms,"DH is caused by the body’s immune system reacting to a protein called gluten in foods containing wheat, barley and rye. This reaction causes a skin rash to develop.",,"The treatment for DH is a lifelong gluten-free diet. A gluten-free diet is when all gluten-containing foods are removed from your diet Gluten is found in wheat, barley and rye and sometimes people are sensitive to oats too. A gluten free diet should only start once the diagnosis of DH is given and a referral to a dietitian has been made. Find out how to live with a gluten-free diet The length of time it takes for the skin to heal varies from person to person but it can take up to 2 years or more. Some patients will be given medication to help them over this period of recovery. Medication will only be given to control the skin itching and blisters and doesn’t treat any other symptoms. The drug most likely to be used is called Dapsone. Dapsone is taken in tablet form and must be swallowed. It helps ease the itching and controls the development of blisters. It should work within a few days. If you stop taking Dapsone before the gluten-free diet has taken effect, the rash will return. The most common side effect of Dapsone isanaemia. Less common side effects areheadachesanddepression, while nerve damage is rare. You’ll always be prescribed the lowest effective dose to help prevent these side effects. DH should be monitored once the drug dose has been reduced. Some people can’t tolerate Dapsone. If you’re one of these people, the following drugs can also be taken to clear the rash:"
Earwax build-up,a build up of earwax in your ear can cause these problems will usually get better once the build up of earwax has been removed if the earwax is only causing minor problems you can try buying some eardrops from a pharmacy using drops may make your hearing or symptoms a little worse at first before getting better these can help soften the earwax so that it falls out naturally there are several different types of eardrops you can use including drops containing eardrops aren t suitable for everyone and some can irritate the skin you shouldn t use eardrops if you have a hole or tear in your eardrum speak to your pharmacist about the right product for you and make sure you read the leaflet that comes with it,"Some people regularly get blocked ears because they naturally produce a lot of earwax. Other causes include: Earwax can also block your ear if you often insert objects into your ear, such as cotton buds, ear plugs or hearing aids.",,"If pharmacy treatment doesn’t work, speak to your GP practice. Treatments may include: These treatments are not suitable for everyone. Your doctor can discuss this with you. If these treatments don’t help, your GP may refer you to an ear, nose and throat (ENT) specialist."
Emery-Dreifuss muscular dystrophy,the symptoms of edmd are muscle tightening contractures might cause someone with edmd to have problems straightening their elbows or bending their neck muscle contractures develop at an earlier stage in edmd than in other types of md this can make it difficult to move they can cause the arms to be held in a semi flexed bent way and result in limited movement in the elbows someone with edmd might be likely to walk on their toes because of tightness across the ankles like other types of md emery dreifuss md causes progressive muscle weakness this normally begins in the shoulders upper arms and lower legs someone with this type of md might find it difficult to lift heavy objects or lift their arms above their head eventually the hip and thigh muscles might become weaker this can make things like walking up stairs difficult people with emery dreifuss md might need a wheelchair if they become unable to walk this type of md can also cause heart block where it affects the heart s electric signals this can cause palpitations or a slow heartbeat and may lead to periods oflightheadedness or fainting you might also experience tiredness or breathlessness life expectancy might be shortened but many people with edmd reach middle age or later,"In many cases, Emery-Dreifuss muscular dystrophy is inherited as a sex linked (X-linked) trait. This means it only affects males and is carried by females who are unaffected. Any male children of an affected male with EDMD will be unaffected, but any daughters will be carriers. This condition can also be inherited as an autosomal dominant trait which can affect all sexes. In all autosomal dominant disorders, each child of an affected parent has a 50:50 chance of having the condition. In the recessive form, both parents don’t have the condition but are carriers. There’s a 1 in 4 chance of any future children having EDMD. Sometimes in X-linked and dominant cases of EDMD there’s no family history of the disorder. In these cases, the disease is as a result of a new gene mutation. This can then be passed onto any future children.",,"There is no cure for EDMD but there are treatments that can improve the symptoms. Regular gentle exercise can help maintain muscle strength. You shouldn’t do hard physical exercise like weight training. Eating a healthy balanced diet and maintaining a healthy weight will help to minimise the burden and stress on your weakened muscles. Physiotherapy can help you work on muscle strength and flexibility. You might be offered surgery to divide your heel tendons to help with walking. You might be offered surgery for scoliosis. EDMD is likely to cause heart problems. You’ll see a cardiologist (heart specialist) for tests and monitoring. You might have a pacemaker or an ICD (implantable cardioverter defibrillator) inserted to help with your heart function. This can be inserted below the skin in your chest. It helps your heart maintain a regular heartbeat. If your chest muscles become weak, you might need a machine to help with your breathing. This can be particularly helpful while sleeping. Read more about Emery-Dreifuss MD"
Endometriosis,symptoms can be different from person to person and month to month some people have no symptoms at all these symptoms may be endometriosis but could also be other health conditions you can use ourmenstrual health symptom questionnaire pdf 421kb to keep a note of your symptomsand how you re feeling you can print it and talk about it with your healthcare professional to help them understand the different symptoms you re experiencing,"The exact cause of endometriosis is unknown. It’s sometimes believed to be genetic. That means if someone in your family has the condition, it’s more likely you may have it too.",,"There is no cure for endometriosis. Treatments can help to control or improve your symptoms. A hot water bottle or hot bath may help to provide comfort and help you to feel a bit better. Paracetamolandnon-steroidal anti-inflammatories (NSAIDs), such asibuprofenand naproxen, can help reduce your pain. Hormone treatments work by stopping the ovaries (part of the female reproductive system) producing oestrogen (female sex hormone) which is thought to stimulate the endometriosis. Hormone treatments include: GnRH analogues also reduce the production of oestrogen. This puts your body in temporary menopausal-like state. They are sometimes used if other hormonal treatments haven’t helped to manage symptoms. It’s recommended thathormone replacement therapy (HRT)is started at the same time to reduce side effects of this treatment. GnRH analogues aren’t a contraceptive. You should use non-hormonal contraception (like acondomordiaphragm) when you have sex to avoid getting pregnant. If you’re thinking aboutplanning a pregnancy, speak to your doctor about your treatment first so you can decide what’s best for you. Some people will have surgery to destroy or remove areas of endometriosis. Not everyone who has endometriosis will need or want surgery. For some people surgery does not improve their symptoms. For others, the endometriosis may grow back so they may need further surgery. Your doctor will discuss this with you and you can ask anyquestions that you might have. Sometimes it’s possible to remove some endometriosis tissue at the same time as diagnosis during a laparoscopy. Your doctor will discuss the findings and any further treatment afterwards. If you have a complex type of endometriosis that needs specialist treatment, you might be referred to an endometriosis centre. These are in Edinburgh, Glasgow and Aberdeen. You’d usually be referred by a consultant gynaecologist. When you’re seen in the specialist centre, they’ll talk more with you about what options might be right for you. Not everyone with endometriosis will need laparoscopic surgery. Your doctor will discuss your treatment options so you can decide what’s best for you. Further information about endometriosis treatment A hysterectomy(removal of the womb) is not a cure for endometriosis because the condition exists ‘outside the womb’. For some people, a hysterectomy might relieve some symptoms, like heavy periods or if they also haveadenomyosis. It may be an option if hormonal treatments or surgery have not helped symptoms and you don’t want to become pregnant. You may want to trial a GnRH analogue before having a hysterectomy to help you decide. If you choose to have a hysterectomy, you’ll need to decide whether to have your ovaries removed at the same time. Removing the ovaries will put you intomenopause. Depending on your age and other medical conditions, your doctor may recommendHRT. Your doctor will discuss your treatment options so you can decide what’s best for you. Further information about hysterectomy"
Epilepsy,the main symptoms of epilepsy are repeated seizures there are different types of seizure depending on which part of the brain it affects the cells in the brain known as neurons conduct electrical signals they communicate with each other in the brain using chemical messengers during a seizure there are abnormal bursts of neurons firing off electrical impulses this can cause the brain and body to behave strangely the severity of seizures can differ from person to person some people experience an odd feeling with no loss of awareness or may have a trance like state for a few seconds or minutes others lose consciousness and have convulsions uncontrollable shaking of the body some people might only have a single seizure if they do not have a high risk of having further seizures they would not be regarded as having epilepsy,"In some cases of epilepsy a cause cannot be found. If there’s an identifiable cause, it usually involves the brain being affected by a condition. The brain is a delicate mix of nerve cells, electrical impulses and chemicals, known as neurotransmitters. Any damage has the potential to disrupt the workings of the brain and cause seizures. The categories of epilepsy can be separated by their causes which might be: For many people with epilepsy, seizures can occur without any obvious trigger. However, certain circumstances or the use of certain substances can sometimes come before a seizure. These include: Keeping a seizure diary is a good way to help find out what might trigger your seizures. Every time you have a seizure, record it and make a note of what you were doing. Over time, you might notice some avoidable things that seem to trigger your symptoms.",,"Most people with epilepsy can be successfully treated with anti-seizure medication (ASMs). ASMs do not cure epilepsy, but can prevent seizures from occurring. There are many different ASMs. They work by changing the levels of the chemicals in your brain that conduct electrical impulses. This reduces the chance of a seizure. The type of ASM recommended for you will depend on a number of factors like: Examples of commonly used ASMs include sodium valproate, carbamazepine, lamotrigine and levetiracetam. Your doctor might suggest an alternative procedure if: This might be vagus nerve stimulation (VNS)."
Gout,any joint can be affected by gout but it usually affects joints towards the ends of the limbs like signs and symptoms of gout include almost everyone with gout will experience further flares at some point usually within a year flares of gout tend to after a gout flare the affected joint should start to return to normal but the problem can persist if treatment isn t started early it s difficult to predict how often flares will occur and when exactly they ll happen repeated gout flares can lead to joint pain and joint deformities,"Gout is caused by an inflammatory reaction to urate crystals formed in and around the joints. You have urate in your blood but if levels rise too high, then this allows the build of tiny sharp crystals. In a flare of gout a reaction to these crystals results in pain, redness and swelling of the joint. Things that may increase your chances of getting gout include:",,"If you have gout, treatment is available from your GP to: Symptoms can be relieved using ice packs and by taking medications like: With preventative treatment, like allopurinol, many people are able to reduce their urate levels enough to dissolve the crystals that cause gout. This means they’ll have no more flares. But, lifelong treatment is usually required. When using an ice pack, apply it to your joint for around 20 minutes. Don’t apply ice directly to your skin and don’t apply it for more than 20 minutes at a time because this could damage the skin. If necessary, you can keep reapplying an ice pack to your skin during a flare. But, you should wait until your skin has returned to a normal temperature first. Making some practical changes to your daily routine can also help reduce your risk of further flares of gout, including: There’s evidence that taking regularvitamin C supplementscan lower your urate levels, but the effect may only be small. Talk to your GP first if you’re thinking about taking vitamin C supplements, as they aren’t suitable or safe for everyone."
Huntington’s disease,people can start to show the symptoms of huntington s disease at almost any age most will develop problems between the ages of 30 and 50 the condition gradually gets worse for around 10 25 years until the person dies behavioural changes are often the first symptoms of huntington s disease these changes often include further symptoms of huntington s might include in the later stages of huntington s disease the person will need full nursing care death is usually from a secondary cause likepneumoniaor another infection you might find thepalliative care sectionuseful if you re caring for someone who s dying or if you want to plan your end of life care,"Huntington’s disease is caused by a faulty gene. Cells in parts of the brain are very sensitive to the effects of the faulty gene. This makes them function poorly and eventually die. A parent with the Huntington’s disease gene has one good copy of the gene and one faulty copy. This means there’s a: It’s difficult to predict how old a child will be when they develop the condition if they inherit the abnormal gene. In around 3% of cases of Huntington’s disease, there’s no obvious family history of the condition. This could be because relatives with the condition died before they were diagnosed with it. In rare cases, it’s due to a new fault in the gene that causes Huntington’s disease.",,"There’s no cure for Huntington’s disease. Medication and therapies can help treat some of the symptoms. Speech and language therapy and occupational therapy, can help with communication and day-to-day living. Regular exerciseis also very important. People who are active tend to feel much better physically and mentally than those who don’t."
If your child has cold or flu symptoms,the most common cold and flu symptoms in babies are the most common cold and flu symptoms in children are if your child is alert and playing and behaving normally it s unlikely that they re seriously ill there s no specific treatment for a cold or flu but there are some things you can do to make your child more comfortable most children will make a full recovery without any medical treatment more about fever in children the most common causes of cold and flu symptoms in children are viral infections including there are several others but these are the most common most of the time these viruses don t lead to serious illness there are some conditions which can cause cold and flu symptoms and may require further treatment such as,,,
Insomnia,if you have insomnia you might sometimes episodes of insomnia can come and go without causing any serious problems but some people can have insomnia for months or even years at a time persistent insomnia can have an impact on your quality of life it can limit what you re able to do during the day and affect your mood it can also lead to relationship problems with friends family and colleagues everyone needs different amounts of sleep most adults sleep for 7 to 9 hours a night children and babies may sleep for much longer than this whereas older adults may sleep less what s important is whether you feel you get enough sleep and whether your sleep is good quality you re probably not getting enough good quality sleep if the sleep charityhas information to support parents and children watch more videos about sleep on mind to mind your gp will first try to identify and treat any underlying health condition that may be causing your sleep problems if it s possible to identify an underlying cause of your sleeping difficulties treating this may be enough to return your sleep to normal,"Insomnia can be triggered by many factors. It’s not always possible to identify a clear cause. The most common causes of insomnia are: If you feel unwell or think your sleep problems could be caused by medication, please speak to your GP or pharmacist.",,"The causes of insomnia vary so treatments can vary from person to person. You could try our sleep problems and insomnia self-help guide. It covers topics like: Our mental health self-help guides are based onCognitive Behavioural Therapy (CBT). They’ve proven highly successful in helping people with anxiety and other mental health issues. You could try an online course likeSleepio. Sleepio is a digital sleep improvement programme based on Cognitive Behavioural Therapy (CBT.) It’s clinically proven to help address the root causes of poor sleep and insomnia. Insomnia can often be treated by improving your sleep hygiene. To improve your sleep hygiene, you need to look at both your sleep environment and your daily behaviours. If you find you can’t fall asleep and you’re growing anxious about it, you should: If changing your sleeping habits doesn’t help, your GP may refer you for a type of cognitive behavioural therapy (CBT) for people with insomnia. This is called CBT-I. CBT-I aims to change unhelpful thoughts and behaviours that contribute to insomnia. It’s an effective treatment for many people and can have long-lasting results. In some circumstances, medication over the counter or on prescription can be used to help with insomnia. Medication can be effective in the short term but it can also cause insomnia to get worse, cause addiction, or other side effects."
Kidney infection,the symptoms of a kidney infection usually develop quite quickly over a few hours or days common symptoms include you may have other symptoms if you also havecystitisor urethritis an infection of the urethra these additional symptoms may include,"A kidney infection usually happens when bacteria – often a type called E. coli – gets into the urethra (the tube which carries urine out of the body) and travels up through the bladder and into the kidneys. Read more about thecauses of a kidney infection A kidney infection happens when bacteria infects your kidneys. The bacteria are usually a type called E. coli, which live in your bowel. The bacteria get in through the opening of the urethra and move upwards through your urinary tract, first infecting your bladder and then your kidneys. It’s thought the bacteria can get into your urinary tract by accidentally spreading from your anus to your urethra. This can happen if you wipe your bottom after going to the toilet and the soiled toilet paper comes into contact with your genitals. It can also happen during sex. In rare cases, a kidney infection can develop if bacteria or fungi infect the skin and the infection spreads through your bloodstream into your kidney. However, this type of infection usually only occurs in people with weakened immune systems.",,"Most people with a kidney infection can be treated at home with a course of antibiotics, and possibly painkillers as well. See your GP if you have a fever and persistent tummy, lower back or genital pain, or if you notice a change to your usual pattern of urination. All children with symptoms of aurinary tract infection (UTI)or kidney infection, includingcystitis, should see their GP or out-of-hours emergency service. Your GP may refer you to hospital if you have an underlying problem with your urinary tract, which makes you vulnerable to kidney infections. It’s standard practice to further investigate all men with a kidney infection simply because the condition is much rarer in men. Only women who have had 2 or more kidney infections tend to be referred. Most children with a kidney infection will be treated in hospital. Hospital treatment may also be needed if: If you’re admitted to hospital with a kidney infection, you’ll probably be attached to a drip so you can be given fluids to help keep you hydrated. Antibiotics can also be given through the drip. You’ll have regular blood and urine tests to monitor your health and how effectively the antibiotics are fighting off the infection. Most people respond well to treatment. As long as there are no complications, they’re usually well enough to leave hospital within three to seven days. Treatment will usually switch to tablets or capsules after you stop receiving antibiotics through a drip. Constipationcan increase your chances of developing a urinary tract infection (UTI), so try to treat any constipation promptly. Recommended treatments for constipation include: See your GP if your symptoms don’t improve after 14 days (or 7 days for children with constipation). Read more abouttreating constipation"
Laryngitis,symptoms of laryngitis can begin suddenly and usually get worse over a period of 2 to 3 days common symptoms of laryngitis include the hoarse voice and speaking difficulties usually get worse each day you re ill they may last for up to a week after the other symptoms have gone in a few cases the larynx can swell and cause breathing difficulties this isn t common in adults but can happen in young children who have smaller narrower windpipes laryngitis is often linked to another illness for example acold flu throat infectionortonsillitis so you might also have other symptoms such as if you see your gp they ll discuss the possible causes with you and may refer you for tests or to a specialist in hospital in some cases it may be possible to treat the underlying cause of laryngitis for example if the symptoms are caused by an allergic reaction you may be able to,"In most cases, laryngitis is caused by either: In these cases, most of the symptoms usually pass within a week. This is known as acute laryngitis. Laryngitis can occasionally last much longer. This is known as chronic laryngitis. Chronic laryngitis can be caused by:",,
Low blood pressure (hypotension),most people with low blood pressure won t have any symptoms but some may experience you should speak to your healthcare professional if you have any of these symptoms,"There are some things that can contribute to low blood pressure, including: Low blood pressure can also be caused by: Some people get symptoms of low blood pressure after a sudden movement like standing up. This is known as postural orthostatic hypotension. Symptoms of low blood pressure can also happen after eating. This is known as postprandial hypotension.",,"If you’ve got symptoms of low blood pressure, your healthcare professional will try to find out why. This means they can help you to manage the cause of your low blood pressure. They may: You could also try:"
Panic disorder,the symptoms of a panic attack can be very frightening and distressing symptoms tend to occur suddenly without warning and often for no obvious reason as well as overwhelming feelings of anxiety a panic attack can also cause other symptoms including the physical symptoms of a panic attack are unpleasant you might also have feelings of fear and terror for this reason people with panic disorder might start to fear the next attack this creates a cycle of living in fear of fear and adds to the sense of panic sometimes the symptoms of a panic attack can be so intense they can make you feel like you re having aheart attackor you re dying although panic attacks can be frightening they don t cause any physical harm people with panic disorder sometimes learn to recognise this heart attack sensation they might become more aware of how to control their symptoms most panic attacks last for 5 to 20 minutes some attacks can last up to an hour however it s likely that in these cases one attack occurred straight after another or high levels of anxiety kept going after the first attack,The exact cause of panic disorder isn’t fully understood. It’s thought that panic disorder is probably caused by a combination of physical and psychological factors like:,,"Treatment aims to reduce the number of panic attacks you have and ease your symptoms. Talking therapies and medicine are the main treatments for panic disorder. You may need one of these treatments or a combination of both. No single treatment works for everyone. You may need to try different treatments before finding one that works for you. Cognitive behavioural therapy (CBT)is used to treat panic disorder. It involves having regular sessions with a therapist. They can teach you ways of changing your behaviour to help you manage an attack. If you and your doctor think it might be helpful, you may be prescribed medication. If you want to stop taking any medication you’ve been prescribed you should discuss this with your GP before stopping. If your symptoms do not improve after CBT, medicine and connecting with a support group, your GP may refer you to a mental health specialist. You might see a psychiatrist or clinical psychologist. The specialist will carry out an assessment and create a treatment plan to help you manage your symptoms. The next time you feel a panic attack coming on: Fighting a panic attack can often make it worse. Instead, during a panic attack, reassure yourself by accepting that the attack isn’t life-threatening. Focus on the fact that the attack will eventually end and try your best to let it pass. Read more about how to deal with panic and anxiety Try our self help guide. It’s based on cognitive behavioural therapy and aims to help you: Support groups can provide information and advice to help you manage your panic disorder. They’re also a good way of meeting other people who’ve had similar experiences. You might find the following links useful: Ask your GP about support groups for panic disorder near you. Find anxiety services in your area"
Peripheral neuropathy,symptoms of peripheral neuropathy can vary depending on which type you have they can also develop quickly or slowly the symptoms of mononeuropathy can vary because they depend on which specific nerve has been affected example symptoms could include even if the cause of your peripheral neuropathy cannot be treated you can get help with managing your symptoms if you re in pain you may be prescribed different types of medication this is because standard painkillers like ibuprofen and paracetamol are often not effective at treating nerve pain if you re experiencing pain in a particular area of your body capsaicin cream may help capsaicin is the substance that makes chilli peppers hot it s thought to stop the nerves sending pain messages to the brain making it useful for nerve pain menthol cream can have a similar effect if your pain only affects a small area of skin you may be offered a lidocaine plaster this is a large sticking plaster that contains a local anaesthetic which is absorbed into the skin the plaster covers if topical measures do not work your gp may consider a neuropathic agent these include some types of anti depressants if you re struggling with muscle weakness you may benefit from physiotherapy it can help improve weakness occupational therapycan help you find new ways of completing difficult tasks if you have foot drop or tripping orthotics can help with ankle supports if you re experiencing hyperhidrosis excessive sweating you may be offered botulinum toxin botox injections these could help reduce your sweating if you re struggling to empty your bladder you may be offered urodynamic studies depending on the result you may be offered medication orurinary catheterisationto help you,Diabetes(both type 1 and type 2) is the most common cause of peripheral neuropathy. This is called diabetic polyneuropathy There are many other possible causes of peripheral neuropathy. These can include:,,
Polycystic ovary syndrome (PCOS),you are born with pcos but symptoms often start during puberty although for some people this can be later up to their early twenties there are lots of different symptoms that can be caused by pcos the main symptoms are other symptoms can include people who have pcos can also struggle with depression and with theirmental healthas a result of the condition pcos can increase your risk of certain health conditions including type 2 diabetes and high cholesterol you should speak to your doctor if you are experiencing these symptoms and you are not pregnant or on hormone treatment you can use ourmenstrual health symptom questionnaire pdf 421kb to keep a note of your symptomsand how you re feeling you can print it and talk about it with your healthcare professional to help them understand the different symptoms you re experiencing,"The exact cause of PCOS isn’t known but it’s thought to be caused by a hormone and metabolic (the chemical reactions in the body’s cells that change food into energy) imbalance in the body. PCOS can run in families so if someone in your family has the condition, it’s more likely you may have it too. You should let your doctor know if this is the case for you. People with PCOS have a higher risk of developing health problems in later life, such as type 2 diabetes and high cholesterol levels, as PCOS can make it easier to gain weight and more difficult to lose weight.",,"Treatment can vary depending on your symptoms. Although there’s no cure, there are lots of treatment options available to help manage your symptoms. Treatments can also help prevent complications and, if you want to have a family, improve your chances of getting pregnant. If you don’t want to become pregnant you should still usecontraceptionas you may still ovulate sometimes. Your doctor can discuss the options so that you can decide what’s best for you, and you can ask anyquestions that you might have. Having a healthy diet and exercising regularly can significantly help your PCOS symptoms. It can also reduce your chances of developing other health conditions, including type 2 diabetes and high cholesterol. You should try to: If you’re struggling with managing your symptoms, your doctor can provide further support."
Post-concussion syndrome,the symptoms of pcs can be physical psychological or cognitive affecting your ability to think you may have more than one type of symptom at a time but are unlikely to have them all your symptoms may make it difficult to work and look after yourself,,,
Pressure ulcers,pressure ulcers usually form on bony parts of the body that aren t covered with much body fat this includes areas like the heels elbows hips and tailbone symptoms include patches of skin that pressure ulcers usually come on gradually but sometimes appear quite quickly sometimes pressure ulcers can blister or become an open wound if aren t treated they ll continue to get worse and might deepen to reach muscle or bone,"Pressure ulcers are caused by something putting pressure on your skin. It can also happen if something rubs the skin. For example, a bed or a wheelchair.",,"The type of treatment you get will depend on how severe the pressure ulcer is. Changing position and moving regularly is important to help relieve pressure on the ulcers. It can also help to stop new ones from forming. Other treatments include: If the pressure ulcer is severe or other treatments haven’t worked, you may need to have surgery. This is to clean and close the ulcer. How quickly pressure ulcers heal will be different for everyone. It can depend on: If you’re worried that you ulcer isn’t healing, speak to a healthcare professional."
Psoriatic arthritis,psoriatic arthritis can affect any joint in the body it causes pain swelling and stiffness in the joints it often affects particular areas including the psoriatic arthritis can also affect the area where tendons and ligaments are connected to the bone this is called entheses or enthesitis when inflamed sometimes the whole finger or toe can get inflamed and look sausage like this is called dactylitis symptoms usually develop slowly this means that many people don t know they re developing psoriatic arthritis in rare cases symptoms can develop suddenly without warning the severity of psoriatic arthritis varies some people may have severe problems affecting many joints others may only notice mild symptoms in 1 or 2 joints there may be times when your symptoms get better and worse these are called flare ups or relapses some people may reach a point where they have no symptoms at all known as remission relapses can be hard to predict but they can be managed with medication you should have check ups at least once a year if you have been diagnosed with psoriatic arthritis make sure you let your doctor know if you re experiencing any problems with your joints,,,"The main aims of treatment will be to: You may be prescribed medication to help treat psoriatic arthritis. For example: Some people may be prescribed other medications to block chemicals that activate the immune system. These are known as biological medications. But, you will usually be given DMARDs to try first. For most people, this will mean trying many different medications. Some of these can also treat psoriasis."
Pelvic girdle pain,some people may only experience mild symptoms but for others they may be much more severe common symptoms include you might also feel pain that gets worse when you move for example when you pgp can happen at any stage of your pregnancy and can get worse over the course of your pregnancy it can be more likely to happen if you have if you experience pgp and don t treat your symptoms it s more likely you ll have pgp with any future pregnancies the emotional impact of living with pain can also be very difficult particularly ifyou experienced symptoms of anxiety and depression before your pregnancy further information on living with pain and mental health and wellbeing,,,"There are things that you can do that may help you to manage your PGP symptoms. You can also try using a pillow under your bump and between your legs to give you extra support in bed. If possible, you should lie on your less painful side to sleep. You should avoid sleeping on your back from 24 weeks of pregnancy onwards. You should try to avoid things which may make your symptoms worse. If you can, ask your friends or family for help with everyday activities. If you’re referred to physiotherapist, they’ll discuss the best treatment options for you. This might include: If severe pain continues, you should speak to your midwife or GP or healthcare professional."
Retinoblastoma: Children,some children with a family history of retinoblastoma are picked up by screening before they have any symptoms if there s no family history of retinoblastoma the first sign of the condition is often a white pupil that does not reflect light leukocoria this may be picked up when a picture of your child is taken using flash photography the pupil of the affected eye may look white in the photograph some children may have a squint or if the tumour is large they may have a painful red eye,"The heritable form of retinoblastoma, which accounts for about 2 in every 5 cases, is caused by a genetic abnormality. This means that an abnormal gene allows the tumour to develop. This abnormal gene may either be inherited from a parent or happen for the first time at an early stage of development in the womb. Genetic counselling and support is available for families in which a member has retinoblastoma. Not all children of a parent with retinoblastoma will inherit this gene, but children born into families with a history of retinoblastoma are offered blood testing. They are also usually checked (screened) soon after birth for signs of retinoblastoma. This means that treatment can be started early if a tumour does develop. Screening usually starts shortly after birth and is repeated every few months for 5 years. An eye specialist examines the eye, while shining a light into it with an ophthalmoscope. In younger children, this may need to be done under ageneral anaesthetic. The genetic abnormality in the heritable form of retinoblastoma is now well-understood. But we don’t know what causes non-heritable retinoblastoma.",,"Treatment depends on the number, position and size of the tumours in the eye. The aim of treatment is to first get rid of the cancer, and secondly to try to keep the sight in the eye. Some treatments may cause changes to the vision in the affected eye. Your child’s specialist will talk to you about the possible risks as well as the advantages of the treatment. For smaller tumours, treatment is given to the eye itself (called local therapy), while your child is asleep and under anaesthetic. This is used to freeze the tumours. More than 1 session may be necessary, in which case they are usually done at monthly intervals. A laser is used to heat the tumour. Your child may need a number of sessions at intervals of 3 to 4 weeks. A small radioactive disc is stitched over the tumour on the outside of the eye. The disc needs to stay in place for up to 4 days while the radiation destroys the cancer cells. This is done for slightly larger tumours, or tumours that have not been successfully treated with other methods. This process uses heat to destroy the cancer cells and may be combined with chemotherapy or radiotherapy, as heat can improve the effectiveness of these treatments. The heat is produced by a laser, which is directed at the tumour. This is the use of anti-cancer (cytotoxic) drugs to destroy cancer cells. It may be given before the local treatments mentioned above, to help shrink the tumour and make treatment more successful.Chemotherapycan also be used if the cancer has spread to other parts of the body, or if there’s a risk that it may spread. The chemotherapy drugs most commonly used to treat retinoblastoma are carboplatin, etoposide, and vincristine. Newer techniques include giving chemotherapy directly into the artery (the blood vessel) that supplies the eye (intra-arterial chemotherapy) or injecting chemotherapy into the central gelatinous part of the eye (intra-vitreal chemotherapy). If the tumour is very large and the vision in the eye is lost, your child is likely to need an operation to remove the eye. The specialist will only do this if it is absolutely necessary. An artificial eye is then fitted. Radiotherapytreats cancer by using high energy rays from a machine to destroy the cancer cells, while doing as little harm as possible to normal cells. It can be given to the whole eye but does have some effect on the surrounding tissue. Radiotherapy for retinoblastoma is normally only used when other treatments have not worked well. The side effects will depend on the treatment your child is having. The immediate side effects will usually improve when treatment finishes. But unfortunately, some treatments may cause side effects that develop many years later. The specialist will explain all of this to you before treatment starts. Your child’s follow-up will include checking for any long-term effects of treatment. Many children have their treatment as part of a clinical research trial. Trials aim to improve our understanding of the best way to treat an illness, usually by comparing the standard treatment with a new or modified version. Specialist doctors carry out trials for children’s cancers. If appropriate, your child’s medical team will talk to you about taking part in a clinical trial, and will answer any questions you have. Written information is provided to help explain things. Taking part in a research trial is completely voluntary, and you’ll be given plenty of time to decide whether it’s right for your child. Sometimes, clinical trials are not available for your child’s tumour. This may be because a recent trial has just finished, or because the tumour is very rare. In these cases, you can expect your doctors and nurses to offer treatment which is agreed to be the most appropriate, using guidelines which have been prepared by experts across the country. TheChildren’s Cancer and Leukaemia Group(CCLG) is an important organisation which helps to produce these guidelines. At least 9 out of every 10 children with retinoblastoma are cured. Following treatment, the eye specialist will frequently examine your child’s eye under anaesthetic to check that the retina is healthy, the cancer has not come back, and no new tumours have developed. Follow-up is usually in a clinic for childhood cancers, called a paediatric oncology clinic. Children with heritable retinoblastoma will be given genetic counselling when they are old enough to understand it. Having the heritable form of retinoblastoma means an increased risk of developing other types of cancer later in life. Your child will be followed up closely into adulthood. They will be encouraged to get any new symptoms, such as a lump, checked early, and to have a healthy lifestyle to help to reduce cancer risk."
Ringworm and other fungal infections,the symptoms of a tinea fungal infection depend on where the infection is,"Fungal spores are passed between people through direct skin contact and by sharing objects such as towels, hairbrushes and bedding. Athlete’s foot is commonly spread in gym and swimming pool changing rooms. Pets, such as dogs and cats, can have ringworm, and you can catch it by stroking them. Read more about thecauses of ringworm. Tinea fungal infections are caused by a particular type of fungi, called dermatophytes, which live off keratin. Keratin is a tough, waterproof tissue found in many parts of your body, including your skin, hair and nails. This explains why fungal infections mostly affect your skin, scalp or nails.",,"Most ringworm infections are mild and can be treated using a pharmacy antifungal cream. Scalp infections can be treated with antifungal tablets, sometimes combined with antifungal shampoo. If the skin is irritated or broken, it can lead to other bacterial infections, which may needtreatment with antibiotics. Read more abouthow to treat fungal infections. Most tinea fungal infections, including ringworm, are easily treated by using antifungal creams, tablets or shampoo. You can also help to get rid of fungal infections and stop them from spreading by: Read more aboutpreventing ringworm. Groin infections can sometimes occur at the same time as athlete’s foot. It’s vital to treat both infections at the same time to avoid being re-infected with either condition."
Trichomonas infection,most people with trichomonas infection will have no symptoms but they can still pass the infection on if you do develop symptoms you may get some women may get some pain or discomfort during sex,,,Trichomonas infection is treated with antibiotics. It’s advised that both you and your partner(s) are treated if you have the infection. You and your partner(s) may be asked to return to your GP practice or sexual health clinic for another test to check the infection has gone. You should avoid having sex until 1 week after you and your partner(s) treatment has finished. If your infection is untreated you may pass it on to other sexual partners.
Trigger thumb or trigger finger in children and young people,some common signs of trigger finger and thumb include,,,"Trigger thumb or finger in children usually gets better on its own with no treatment. This can take up to 2 years. There is no evidence that splinting, or exercise make any difference. Your child’s hand function won’t be affected while waiting for it to get better. In a very small number of cases where the trigger thumb or finger doesn’t resolve, surgery can be considered. Any surgery also comes with additional health risks. It’s not recommended for children under 3 years of age."
Ulcerative colitis,the main symptoms of ulcerative colitis are you may also experience some people also get symptoms in other parts of their body for example some people develop some people may go for weeks or months with very mild symptoms or none at all this is known as remission this may be followed by periods where the symptoms are particularly troublesome these are known as flare ups or relapses symptoms of flare ups vary from person to person they may include severe ulcerative colitis can also cause symptoms like,"The exact cause of ulcerative colitis is unknown. A combination of factors may be responsible, including:",,"Treatment for ulcerative colitis aims to relieve and prevent symptoms. Your treatment will depend on how severe your symptoms are and how often they flare up. Mild flare-ups can be usually be treated at home. But severe flare-ups usually need treatment in hospital to reduce the risk of complications. Treatment will usually be provided by a range of healthcare professionals. Most people will get medication to treat symptoms of ulcerative colitis. This includes medications like: If you have lots of flare-ups or aminosalicylates do not keep your inflammation under control, you may need other treatments, such as: Surgery to treat ulcerative colitis may be an option if: Surgery for ulcerative colitis involves removing part or all of your large bowel (known as a colectomy). This means the small intestine must be used to pass waste products out of your body instead. During the surgery, your small intestine will either be: There’s no evidence that a particular diet causes ulcerative colitis. But alongside medications, some changes to your diet may help control symptoms for some people. You could: You could also speak to your IBD team about: Stress doesn’t cause ulcerative colitis. But, managing stress may reduce how often you get symptoms. To help manage stress, you could:"
Venous leg ulcer,venous leg ulcers are open often painful sores in the skin that take more than a month to heal skin changes can vary on different skin colours if you have a venous leg ulcer you may also have a venous leg ulcer can be prone to bacterial infection symptoms of an infected leg ulcer can include venous leg ulcers are often accompanied by swelling of your feet and ankles oedema which is caused by fluid this can be controlled by compression bandages some people with venous leg ulcers develop rashes with scaly anditchy skin this is often due tovaricose eczema which can be treated with a moisturiser emollient sometimes a mildcorticosteroidcream or ointment can also help in rare cases you may need to be referred to a dermatologist skin specialist for treatment itchy skin can also sometimes be caused by an allergic reaction to the dressings or creams applied by your nurse if this happens you may need to be tested for allergies it s important to avoid scratching your legs if they feel itchy because this damages the skin and may lead to further ulcers,"A venous leg ulcer can develop after a minor injury if there’s a problem with the circulation of blood in your leg veins. If this happens, pressure inside the veins increases. This constant high pressure can gradually damage the tiny blood vessels in your skin and make it fragile. As a result, your skin can easily break and form an ulcer after a knock or scratch. Unless you have treatment to improve the circulation in your legs, the ulcer may not heal.",,"Most venous leg ulcers heal within 6 months with treatment. The first step is to remove any debris or dead tissue from the ulcer and apply an appropriate dressing. This provides the best conditions for the ulcer to heal. A simple, non-sticky dressing will be used to dress your ulcer. This usually needs to be changed once a week. Many people find they can manage cleaning and dressing their own ulcer under the supervision of a nurse. To improve vein circulation in your legs and treat swelling, your nurse will apply a firm compression bandage over the affected leg. These bandages are designed to squeeze your legs and encourage blood to flow upwards, towards your heart. There are many different types of bandage or elastic stockings used to treat venous leg ulcers, which may be made in 2 to 4 different layers. The bandage is changed once a week, when the dressing is changed. When compression bandages are first applied to an unhealthy ulcer, it’s usually painful. Ideally, you should haveparacetamolor an alternative painkiller prescribed by your GP. You can get paracetamol from yourlocal pharmacistor your GP. The pain will lessen once the ulcer starts to heal. It’s important to wear your compression bandage exactly as instructed. If you have any problems, it’s usually best to contact your nurse, instead of trying to remove it yourself. If the compression bandage feels a little too tight and is uncomfortable in bed at night, getting up for a short walk will usually help. However, you’ll need to cut the bandage off if: Once you remove the bandage, keep your leg elevated and contact your doctor or nurse as soon as possible. In some clinics, specialist teams are using new alternatives to compression bandages. These include: These may not be available in every clinic. Your specialist will be able to advise you whether a different approach may help you. If your ulcer becomes infected, it should be cleaned and dressed as usual. You should also elevate your leg most of the time and you’ll be prescribed a 7-day course ofantibiotics. Antibiotic treatment aims to clear the infection. However, antibiotics don’t heal ulcers and should only be used in short courses to treat infected ulcers."
